"track","code","officialRequirement","category","categoryTitle","week","lesson","teachingSection","teachingLevel","guidedPractice","independentPractice","assessmentEvidence","masteryEvidence","laboratoryEvidence","labId"
"CETa","1.1","Describe the physiological reactions electrical shock causes","1","Safety Precautions","1","The four quantities and the circuit they describe","W01-CETA-DEPTH · Competency clinic","Alfred-authored explanation with mechanism, distinction, example, misconception, and evidence rule","Underline the action verb; explain 1.1 in plain language; give a circuit, instrument, component, code, procedure, or work example; then state valid evidence.","Apply 1.1 in a changed scenario without notes and distinguish the correct reasoning from one plausible shortcut.","Current reviewed question mapped to CETA:1.1; in-lesson knowledge check; Week 1 mastery/teach-back.","Correct retrieval, changed-context transfer, explanation of the tempting error, and later cumulative/retention evidence; safety-critical work also requires the stated perfect check.","LAB-001: Calculation with units, pre-power checklist, circuit/simulation image, measured voltage and current, percent difference, and one troubleshooting observation. Physical proficiency is credited only on the physical route.","LAB-001"
"CETa","1.2","Explain the First Aid concepts and its particular importance to workers in electric and electronics fields explaining precautions for the untrained","1","Safety Precautions","1","The four quantities and the circuit they describe","W01-CETA-DEPTH · Competency clinic","Alfred-authored explanation with mechanism, distinction, example, misconception, and evidence rule","Underline the action verb; explain 1.2 in plain language; give a circuit, instrument, component, code, procedure, or work example; then state valid evidence.","Apply 1.2 in a changed scenario without notes and distinguish the correct reasoning from one plausible shortcut.","Current reviewed question mapped to CETA:1.2; in-lesson knowledge check; Week 1 mastery/teach-back.","Correct retrieval, changed-context transfer, explanation of the tempting error, and later cumulative/retention evidence; safety-critical work also requires the stated perfect check.","LAB-001: Calculation with units, pre-power checklist, circuit/simulation image, measured voltage and current, percent difference, and one troubleshooting observation. Physical proficiency is credited only on the physical route.","LAB-001"
"CETa","1.3","Explain the National Fire Protection Association (NFPA®) 70 rules described as the National Electrical Code® - NEC®, explaining how technicians comply with safety and installations","1","Safety Precautions","1","The four quantities and the circuit they describe","W01-CETA-DEPTH · Competency clinic","Alfred-authored explanation with mechanism, distinction, example, misconception, and evidence rule","Underline the action verb; explain 1.3 in plain language; give a circuit, instrument, component, code, procedure, or work example; then state valid evidence.","Apply 1.3 in a changed scenario without notes and distinguish the correct reasoning from one plausible shortcut.","Current reviewed question mapped to CETA:1.3; in-lesson knowledge check; Week 1 mastery/teach-back.","Correct retrieval, changed-context transfer, explanation of the tempting error, and later cumulative/retention evidence; safety-critical work also requires the stated perfect check.","LAB-001: Calculation with units, pre-power checklist, circuit/simulation image, measured voltage and current, percent difference, and one troubleshooting observation. Physical proficiency is credited only on the physical route.","LAB-001"
"CETa","1.4","Describe fusing and circuit breaker rules and reasons for different type of fuses","1","Safety Precautions","1","The four quantities and the circuit they describe","W01-CETA-DEPTH · Competency clinic","Alfred-authored explanation with mechanism, distinction, example, misconception, and evidence rule","Underline the action verb; explain 1.4 in plain language; give a circuit, instrument, component, code, procedure, or work example; then state valid evidence.","Apply 1.4 in a changed scenario without notes and distinguish the correct reasoning from one plausible shortcut.","Current reviewed question mapped to CETA:1.4; in-lesson knowledge check; Week 1 mastery/teach-back.","Correct retrieval, changed-context transfer, explanation of the tempting error, and later cumulative/retention evidence; safety-critical work also requires the stated perfect check.","LAB-001: Calculation with units, pre-power checklist, circuit/simulation image, measured voltage and current, percent difference, and one troubleshooting observation. Physical proficiency is credited only on the physical route.","LAB-001"
"CETa","1.5","Explain static causes, electrostatic discharge and CMOS damage prevention straps, mats and grounding","1","Safety Precautions","1","The four quantities and the circuit they describe","W01-CETA-DEPTH · Competency clinic","Alfred-authored explanation with mechanism, distinction, example, misconception, and evidence rule","Underline the action verb; explain 1.5 in plain language; give a circuit, instrument, component, code, procedure, or work example; then state valid evidence.","Apply 1.5 in a changed scenario without notes and distinguish the correct reasoning from one plausible shortcut.","Current reviewed question mapped to CETA:1.5; in-lesson knowledge check; Week 1 mastery/teach-back.","Correct retrieval, changed-context transfer, explanation of the tempting error, and later cumulative/retention evidence; safety-critical work also requires the stated perfect check.","LAB-001: Calculation with units, pre-power checklist, circuit/simulation image, measured voltage and current, percent difference, and one troubleshooting observation. Physical proficiency is credited only on the physical route.","LAB-001"
"CETa","1.7","Describe lockout/tag out rules for potentially unsafe electrical or mechanical hazards","1","Safety Precautions","1","The four quantities and the circuit they describe","W01-CETA-DEPTH · Competency clinic","Alfred-authored explanation with mechanism, distinction, example, misconception, and evidence rule","Underline the action verb; explain 1.7 in plain language; give a circuit, instrument, component, code, procedure, or work example; then state valid evidence.","Apply 1.7 in a changed scenario without notes and distinguish the correct reasoning from one plausible shortcut.","Current reviewed question mapped to CETA:1.7; in-lesson knowledge check; Week 1 mastery/teach-back.","Correct retrieval, changed-context transfer, explanation of the tempting error, and later cumulative/retention evidence; safety-critical work also requires the stated perfect check.","LAB-001: Calculation with units, pre-power checklist, circuit/simulation image, measured voltage and current, percent difference, and one troubleshooting observation. Physical proficiency is credited only on the physical route.","LAB-001"
"CETa","1.10.1","Describe PPE (personal protection equipment) needs, i.e. NFPA Table 130.5(c)","1","Safety Precautions","1","The four quantities and the circuit they describe","W01-CETA-DEPTH · Competency clinic","Alfred-authored explanation with mechanism, distinction, example, misconception, and evidence rule","Underline the action verb; explain 1.10.1 in plain language; give a circuit, instrument, component, code, procedure, or work example; then state valid evidence.","Apply 1.10.1 in a changed scenario without notes and distinguish the correct reasoning from one plausible shortcut.","Current reviewed question mapped to CETA:1.10.1; in-lesson knowledge check; Week 1 mastery/teach-back.","Correct retrieval, changed-context transfer, explanation of the tempting error, and later cumulative/retention evidence; safety-critical work also requires the stated perfect check.","LAB-001: Calculation with units, pre-power checklist, circuit/simulation image, measured voltage and current, percent difference, and one troubleshooting observation. Physical proficiency is credited only on the physical route.","LAB-001"
"CETa","1.10.3","Describe other OSHA safety rules","1","Safety Precautions","1","The four quantities and the circuit they describe","W01-CETA-DEPTH · Competency clinic","Alfred-authored explanation with mechanism, distinction, example, misconception, and evidence rule","Underline the action verb; explain 1.10.3 in plain language; give a circuit, instrument, component, code, procedure, or work example; then state valid evidence.","Apply 1.10.3 in a changed scenario without notes and distinguish the correct reasoning from one plausible shortcut.","Current reviewed question mapped to CETA:1.10.3; in-lesson knowledge check; Week 1 mastery/teach-back.","Correct retrieval, changed-context transfer, explanation of the tempting error, and later cumulative/retention evidence; safety-critical work also requires the stated perfect check.","LAB-001: Calculation with units, pre-power checklist, circuit/simulation image, measured voltage and current, percent difference, and one troubleshooting observation. Physical proficiency is credited only on the physical route.","LAB-001"
"CETa","1.11","List ladder handling and usage (ANSI A14) and OSHA working at heights safety rules","1","Safety Precautions","1","The four quantities and the circuit they describe","W01-CETA-DEPTH · Competency clinic","Alfred-authored explanation with mechanism, distinction, example, misconception, and evidence rule","Underline the action verb; explain 1.11 in plain language; give a circuit, instrument, component, code, procedure, or work example; then state valid evidence.","Apply 1.11 in a changed scenario without notes and distinguish the correct reasoning from one plausible shortcut.","Current reviewed question mapped to CETA:1.11; in-lesson knowledge check; Week 1 mastery/teach-back.","Correct retrieval, changed-context transfer, explanation of the tempting error, and later cumulative/retention evidence; safety-critical work also requires the stated perfect check.","LAB-001: Calculation with units, pre-power checklist, circuit/simulation image, measured voltage and current, percent difference, and one troubleshooting observation. Physical proficiency is credited only on the physical route.","LAB-001"
"CETa","1.12","List service vehicle safety concerns such as ladder or transporting security and flying objects, driver screens inside the vehicle","1","Safety Precautions","1","The four quantities and the circuit they describe","W01-CETA-DEPTH · Competency clinic","Alfred-authored explanation with mechanism, distinction, example, misconception, and evidence rule","Underline the action verb; explain 1.12 in plain language; give a circuit, instrument, component, code, procedure, or work example; then state valid evidence.","Apply 1.12 in a changed scenario without notes and distinguish the correct reasoning from one plausible shortcut.","Current reviewed question mapped to CETA:1.12; in-lesson knowledge check; Week 1 mastery/teach-back.","Correct retrieval, changed-context transfer, explanation of the tempting error, and later cumulative/retention evidence; safety-critical work also requires the stated perfect check.","LAB-001: Calculation with units, pre-power checklist, circuit/simulation image, measured voltage and current, percent difference, and one troubleshooting observation. Physical proficiency is credited only on the physical route.","LAB-001"
"CETa","1.13","Differentiate the classes of fires (A, B, C, D & K) and the types of extinguishers used to fight them","1","Safety Precautions","1","The four quantities and the circuit they describe","W01-CETA-DEPTH · Competency clinic","Alfred-authored explanation with mechanism, distinction, example, misconception, and evidence rule","Underline the action verb; explain 1.13 in plain language; give a circuit, instrument, component, code, procedure, or work example; then state valid evidence.","Apply 1.13 in a changed scenario without notes and distinguish the correct reasoning from one plausible shortcut.","Current reviewed question mapped to CETA:1.13; in-lesson knowledge check; Week 1 mastery/teach-back.","Correct retrieval, changed-context transfer, explanation of the tempting error, and later cumulative/retention evidence; safety-critical work also requires the stated perfect check.","LAB-001: Calculation with units, pre-power checklist, circuit/simulation image, measured voltage and current, percent difference, and one troubleshooting observation. Physical proficiency is credited only on the physical route.","LAB-001"
"CETa","1.14","Explain emergency responses/treatments for the above safety issues","1","Safety Precautions","1","The four quantities and the circuit they describe","W01-CETA-DEPTH · Competency clinic","Alfred-authored explanation with mechanism, distinction, example, misconception, and evidence rule","Underline the action verb; explain 1.14 in plain language; give a circuit, instrument, component, code, procedure, or work example; then state valid evidence.","Apply 1.14 in a changed scenario without notes and distinguish the correct reasoning from one plausible shortcut.","Current reviewed question mapped to CETA:1.14; in-lesson knowledge check; Week 1 mastery/teach-back.","Correct retrieval, changed-context transfer, explanation of the tempting error, and later cumulative/retention evidence; safety-critical work also requires the stated perfect check.","LAB-001: Calculation with units, pre-power checklist, circuit/simulation image, measured voltage and current, percent difference, and one troubleshooting observation. Physical proficiency is credited only on the physical route.","LAB-001"
"CETa","2.1","Describe atomic structure, the components of the atom, their charges and importance to electronics technology","2","Electrical Theory","1","The four quantities and the circuit they describe","W01-CETA-DEPTH · Competency clinic","Alfred-authored explanation with mechanism, distinction, example, misconception, and evidence rule","Underline the action verb; explain 2.1 in plain language; give a circuit, instrument, component, code, procedure, or work example; then state valid evidence.","Apply 2.1 in a changed scenario without notes and distinguish the correct reasoning from one plausible shortcut.","Current reviewed question mapped to CETA:2.1; in-lesson knowledge check; Week 1 mastery/teach-back.","Correct retrieval, changed-context transfer, explanation of the tempting error, and later cumulative/retention evidence; safety-critical work also requires the stated perfect check.","LAB-001: Calculation with units, pre-power checklist, circuit/simulation image, measured voltage and current, percent difference, and one troubleshooting observation. Physical proficiency is credited only on the physical route.","LAB-001"
"CETa","2.4","Explain basic uses for electricity","2","Electrical Theory","1","The four quantities and the circuit they describe","W01-CETA-DEPTH · Competency clinic","Alfred-authored explanation with mechanism, distinction, example, misconception, and evidence rule","Underline the action verb; explain 2.4 in plain language; give a circuit, instrument, component, code, procedure, or work example; then state valid evidence.","Apply 2.4 in a changed scenario without notes and distinguish the correct reasoning from one plausible shortcut.","Current reviewed question mapped to CETA:2.4; in-lesson knowledge check; Week 1 mastery/teach-back.","Correct retrieval, changed-context transfer, explanation of the tempting error, and later cumulative/retention evidence; safety-critical work also requires the stated perfect check.","LAB-001: Calculation with units, pre-power checklist, circuit/simulation image, measured voltage and current, percent difference, and one troubleshooting observation. Physical proficiency is credited only on the physical route.","LAB-001"
"CETa","2.13","List Ohm’s law formulas for current, voltage, resistance and power","2","Electrical Theory","1","The four quantities and the circuit they describe","W01-CETA-DEPTH · Competency clinic","Alfred-authored explanation with mechanism, distinction, example, misconception, and evidence rule","Underline the action verb; explain 2.13 in plain language; give a circuit, instrument, component, code, procedure, or work example; then state valid evidence.","Apply 2.13 in a changed scenario without notes and distinguish the correct reasoning from one plausible shortcut.","Current reviewed question mapped to CETA:2.13; in-lesson knowledge check; Week 1 mastery/teach-back.","Correct retrieval, changed-context transfer, explanation of the tempting error, and later cumulative/retention evidence; safety-critical work also requires the stated perfect check.","LAB-001: Calculation with units, pre-power checklist, circuit/simulation image, measured voltage and current, percent difference, and one troubleshooting observation. Physical proficiency is credited only on the physical route.","LAB-001"
"CETa","2.13.1","Explain how to calculate problems utilizing each formula","2","Electrical Theory","1","The four quantities and the circuit they describe","W01-CETA-DEPTH · Competency clinic","Alfred-authored explanation with mechanism, distinction, example, misconception, and evidence rule","Underline the action verb; explain 2.13.1 in plain language; give a circuit, instrument, component, code, procedure, or work example; then state valid evidence.","Apply 2.13.1 in a changed scenario without notes and distinguish the correct reasoning from one plausible shortcut.","Current reviewed question mapped to CETA:2.13.1; in-lesson knowledge check; Week 1 mastery/teach-back.","Correct retrieval, changed-context transfer, explanation of the tempting error, and later cumulative/retention evidence; safety-critical work also requires the stated perfect check.","LAB-001: Calculation with units, pre-power checklist, circuit/simulation image, measured voltage and current, percent difference, and one troubleshooting observation. Physical proficiency is credited only on the physical route.","LAB-001"
"CETa","2.14","Explain how to calculate power consumption and requirements","2","Electrical Theory","1","The four quantities and the circuit they describe","W01-CETA-DEPTH · Competency clinic","Alfred-authored explanation with mechanism, distinction, example, misconception, and evidence rule","Underline the action verb; explain 2.14 in plain language; give a circuit, instrument, component, code, procedure, or work example; then state valid evidence.","Apply 2.14 in a changed scenario without notes and distinguish the correct reasoning from one plausible shortcut.","Current reviewed question mapped to CETA:2.14; in-lesson knowledge check; Week 1 mastery/teach-back.","Correct retrieval, changed-context transfer, explanation of the tempting error, and later cumulative/retention evidence; safety-critical work also requires the stated perfect check.","LAB-001: Calculation with units, pre-power checklist, circuit/simulation image, measured voltage and current, percent difference, and one troubleshooting observation. Physical proficiency is credited only on the physical route.","LAB-001"
"CETa","9.2","List other common basic electronic formulas","9","Mathematics and Formulas","1","The four quantities and the circuit they describe","W01-CETA-DEPTH · Competency clinic","Alfred-authored explanation with mechanism, distinction, example, misconception, and evidence rule","Underline the action verb; explain 9.2 in plain language; give a circuit, instrument, component, code, procedure, or work example; then state valid evidence.","Apply 9.2 in a changed scenario without notes and distinguish the correct reasoning from one plausible shortcut.","Current reviewed question mapped to CETA:9.2; in-lesson knowledge check; Week 1 mastery/teach-back.","Correct retrieval, changed-context transfer, explanation of the tempting error, and later cumulative/retention evidence; safety-critical work also requires the stated perfect check.","LAB-001: Calculation with units, pre-power checklist, circuit/simulation image, measured voltage and current, percent difference, and one troubleshooting observation. Physical proficiency is credited only on the physical route.","LAB-001"
"CETa","9.8","Explain the International System of Units (SI) prefixes (metric) and conversions","9","Mathematics and Formulas","1","The four quantities and the circuit they describe","W01-CETA-DEPTH · Competency clinic","Alfred-authored explanation with mechanism, distinction, example, misconception, and evidence rule","Underline the action verb; explain 9.8 in plain language; give a circuit, instrument, component, code, procedure, or work example; then state valid evidence.","Apply 9.8 in a changed scenario without notes and distinguish the correct reasoning from one plausible shortcut.","Current reviewed question mapped to CETA:9.8; in-lesson knowledge check; Week 1 mastery/teach-back.","Correct retrieval, changed-context transfer, explanation of the tempting error, and later cumulative/retention evidence; safety-critical work also requires the stated perfect check.","LAB-001: Calculation with units, pre-power checklist, circuit/simulation image, measured voltage and current, percent difference, and one troubleshooting observation. Physical proficiency is credited only on the physical route.","LAB-001"
"CETa","9.9","Define exponents (powers of 10) and their calculations","9","Mathematics and Formulas","1","The four quantities and the circuit they describe","W01-CETA-DEPTH · Competency clinic","Alfred-authored explanation with mechanism, distinction, example, misconception, and evidence rule","Underline the action verb; explain 9.9 in plain language; give a circuit, instrument, component, code, procedure, or work example; then state valid evidence.","Apply 9.9 in a changed scenario without notes and distinguish the correct reasoning from one plausible shortcut.","Current reviewed question mapped to CETA:9.9; in-lesson knowledge check; Week 1 mastery/teach-back.","Correct retrieval, changed-context transfer, explanation of the tempting error, and later cumulative/retention evidence; safety-critical work also requires the stated perfect check.","LAB-001: Calculation with units, pre-power checklist, circuit/simulation image, measured voltage and current, percent difference, and one troubleshooting observation. Physical proficiency is credited only on the physical route.","LAB-001"
"Career","C1.1","Prepare a low-voltage electronics bench using current limits, safe power-up sequencing, and an explicit stop condition.","C1","Bench Safety & ESD","1","Safe bench setup, prediction, and measurement","W01-CAREER-DEPTH · Competency clinic","Alfred-authored explanation with mechanism, distinction, example, misconception, and evidence rule","Underline the action verb; explain C1.1 in plain language; give a circuit, instrument, component, code, procedure, or work example; then state valid evidence.","Apply C1.1 in a changed scenario without notes and distinguish the correct reasoning from one plausible shortcut.","Current reviewed question mapped to CAREER:C1.1; in-lesson knowledge check; Week 1 mastery/teach-back.","Correct retrieval, changed-context transfer, explanation of the tempting error, and later cumulative/retention evidence; safety-critical work also requires the stated perfect check.","LAB-001: Calculation with units, pre-power checklist, circuit/simulation image, measured voltage and current, percent difference, and one troubleshooting observation. Physical proficiency is credited only on the physical route.","LAB-001"
"Career","C1.2","Apply ESD controls appropriate to CMOS/semiconductor handling and explain when straps, mats, grounding, and antistatic storage matter.","C1","Bench Safety & ESD","1","Safe bench setup, prediction, and measurement","W01-CAREER-DEPTH · Competency clinic","Alfred-authored explanation with mechanism, distinction, example, misconception, and evidence rule","Underline the action verb; explain C1.2 in plain language; give a circuit, instrument, component, code, procedure, or work example; then state valid evidence.","Apply C1.2 in a changed scenario without notes and distinguish the correct reasoning from one plausible shortcut.","Current reviewed question mapped to CAREER:C1.2; in-lesson knowledge check; Week 1 mastery/teach-back.","Correct retrieval, changed-context transfer, explanation of the tempting error, and later cumulative/retention evidence; safety-critical work also requires the stated perfect check.","LAB-001: Calculation with units, pre-power checklist, circuit/simulation image, measured voltage and current, percent difference, and one troubleshooting observation. Physical proficiency is credited only on the physical route.","LAB-001"
"Career","C1.3","Distinguish safe low-voltage troubleshooting from work that requires qualified supervision, isolation, or energized-work procedures.","C1","Bench Safety & ESD","1","Safe bench setup, prediction, and measurement","W01-CAREER-DEPTH · Competency clinic","Alfred-authored explanation with mechanism, distinction, example, misconception, and evidence rule","Underline the action verb; explain C1.3 in plain language; give a circuit, instrument, component, code, procedure, or work example; then state valid evidence.","Apply C1.3 in a changed scenario without notes and distinguish the correct reasoning from one plausible shortcut.","Current reviewed question mapped to CAREER:C1.3; in-lesson knowledge check; Week 1 mastery/teach-back.","Correct retrieval, changed-context transfer, explanation of the tempting error, and later cumulative/retention evidence; safety-critical work also requires the stated perfect check.","LAB-001: Calculation with units, pre-power checklist, circuit/simulation image, measured voltage and current, percent difference, and one troubleshooting observation. Physical proficiency is credited only on the physical route.","LAB-001"
"Career","C1.4","Perform a pre-power inspection for polarity, shorts, connector orientation, exposed conductors, and current-limit settings.","C1","Bench Safety & ESD","1","Safe bench setup, prediction, and measurement","W01-CAREER-DEPTH · Competency clinic","Alfred-authored explanation with mechanism, distinction, example, misconception, and evidence rule","Underline the action verb; explain C1.4 in plain language; give a circuit, instrument, component, code, procedure, or work example; then state valid evidence.","Apply C1.4 in a changed scenario without notes and distinguish the correct reasoning from one plausible shortcut.","Current reviewed question mapped to CAREER:C1.4; in-lesson knowledge check; Week 1 mastery/teach-back.","Correct retrieval, changed-context transfer, explanation of the tempting error, and later cumulative/retention evidence; safety-critical work also requires the stated perfect check.","LAB-001: Calculation with units, pre-power checklist, circuit/simulation image, measured voltage and current, percent difference, and one troubleshooting observation. Physical proficiency is credited only on the physical route.","LAB-001"
"Career","C1.6","Document a safety or setup hazard and the corrective action before continuing a test.","C1","Bench Safety & ESD","1","Safe bench setup, prediction, and measurement","W01-CAREER-DEPTH · Competency clinic","Alfred-authored explanation with mechanism, distinction, example, misconception, and evidence rule","Underline the action verb; explain C1.6 in plain language; give a circuit, instrument, component, code, procedure, or work example; then state valid evidence.","Apply C1.6 in a changed scenario without notes and distinguish the correct reasoning from one plausible shortcut.","Current reviewed question mapped to CAREER:C1.6; in-lesson knowledge check; Week 1 mastery/teach-back.","Correct retrieval, changed-context transfer, explanation of the tempting error, and later cumulative/retention evidence; safety-critical work also requires the stated perfect check.","LAB-001: Calculation with units, pre-power checklist, circuit/simulation image, measured voltage and current, percent difference, and one troubleshooting observation. Physical proficiency is credited only on the physical route.","LAB-001"
"CETa","2.2.1","Explain the different types of magnetic fields","2","Electrical Theory","2","Series, parallel, KVL, KCL, and divider reasoning","W02-CETA-DEPTH · Competency clinic","Alfred-authored explanation with mechanism, distinction, example, misconception, and evidence rule","Underline the action verb; explain 2.2.1 in plain language; give a circuit, instrument, component, code, procedure, or work example; then state valid evidence.","Apply 2.2.1 in a changed scenario without notes and distinguish the correct reasoning from one plausible shortcut.","Current reviewed question mapped to CETA:2.2.1; in-lesson knowledge check; Week 2 mastery/teach-back.","Correct retrieval, changed-context transfer, explanation of the tempting error, and later cumulative/retention evidence; safety-critical work also requires the stated perfect check.","LAB-002: Annotated schematic, calculations, loaded/unloaded results, fault log, root cause, repair, and verification. Physical proficiency is credited only on the physical route.","LAB-002"
"CETa","2.2.2","Explain the direct relationship between electricity and magnetism","2","Electrical Theory","2","Series, parallel, KVL, KCL, and divider reasoning","W02-CETA-DEPTH · Competency clinic","Alfred-authored explanation with mechanism, distinction, example, misconception, and evidence rule","Underline the action verb; explain 2.2.2 in plain language; give a circuit, instrument, component, code, procedure, or work example; then state valid evidence.","Apply 2.2.2 in a changed scenario without notes and distinguish the correct reasoning from one plausible shortcut.","Current reviewed question mapped to CETA:2.2.2; in-lesson knowledge check; Week 2 mastery/teach-back.","Correct retrieval, changed-context transfer, explanation of the tempting error, and later cumulative/retention evidence; safety-critical work also requires the stated perfect check.","LAB-002: Annotated schematic, calculations, loaded/unloaded results, fault log, root cause, repair, and verification. Physical proficiency is credited only on the physical route.","LAB-002"
"CETa","2.5.1","Review EM5 competencies for more detail","2","Electrical Theory","2","Series, parallel, KVL, KCL, and divider reasoning","W02-CETA-DEPTH · Competency clinic","Alfred-authored explanation with mechanism, distinction, example, misconception, and evidence rule","Underline the action verb; explain 2.5.1 in plain language; give a circuit, instrument, component, code, procedure, or work example; then state valid evidence.","Apply 2.5.1 in a changed scenario without notes and distinguish the correct reasoning from one plausible shortcut.","Current reviewed question mapped to CETA:2.5.1; in-lesson knowledge check; Week 2 mastery/teach-back.","Correct retrieval, changed-context transfer, explanation of the tempting error, and later cumulative/retention evidence; safety-critical work also requires the stated perfect check.","LAB-002: Annotated schematic, calculations, loaded/unloaded results, fault log, root cause, repair, and verification. Physical proficiency is credited only on the physical route.","LAB-002"
"CETa","2.6","Explain the differences between current, voltage and resistance","2","Electrical Theory","2","Series, parallel, KVL, KCL, and divider reasoning","W02-CETA-DEPTH · Competency clinic","Alfred-authored explanation with mechanism, distinction, example, misconception, and evidence rule","Underline the action verb; explain 2.6 in plain language; give a circuit, instrument, component, code, procedure, or work example; then state valid evidence.","Apply 2.6 in a changed scenario without notes and distinguish the correct reasoning from one plausible shortcut.","Current reviewed question mapped to CETA:2.6; in-lesson knowledge check; Week 2 mastery/teach-back.","Correct retrieval, changed-context transfer, explanation of the tempting error, and later cumulative/retention evidence; safety-critical work also requires the stated perfect check.","LAB-002: Annotated schematic, calculations, loaded/unloaded results, fault log, root cause, repair, and verification. Physical proficiency is credited only on the physical route.","LAB-002"
"CETa","2.7","Differentiate between the types of resistive materials and how resistors are used in electronics","2","Electrical Theory","2","Series, parallel, KVL, KCL, and divider reasoning","W02-CETA-DEPTH · Competency clinic","Alfred-authored explanation with mechanism, distinction, example, misconception, and evidence rule","Underline the action verb; explain 2.7 in plain language; give a circuit, instrument, component, code, procedure, or work example; then state valid evidence.","Apply 2.7 in a changed scenario without notes and distinguish the correct reasoning from one plausible shortcut.","Current reviewed question mapped to CETA:2.7; in-lesson knowledge check; Week 2 mastery/teach-back.","Correct retrieval, changed-context transfer, explanation of the tempting error, and later cumulative/retention evidence; safety-critical work also requires the stated perfect check.","LAB-002: Annotated schematic, calculations, loaded/unloaded results, fault log, root cause, repair, and verification. Physical proficiency is credited only on the physical route.","LAB-002"
"CETa","2.12.1","Identify Peak, Peak-to-Peak, and RMS AC sources","2","Electrical Theory","2","Series, parallel, KVL, KCL, and divider reasoning","W02-CETA-DEPTH · Competency clinic","Alfred-authored explanation with mechanism, distinction, example, misconception, and evidence rule","Underline the action verb; explain 2.12.1 in plain language; give a circuit, instrument, component, code, procedure, or work example; then state valid evidence.","Apply 2.12.1 in a changed scenario without notes and distinguish the correct reasoning from one plausible shortcut.","Current reviewed question mapped to CETA:2.12.1; in-lesson knowledge check; Week 2 mastery/teach-back.","Correct retrieval, changed-context transfer, explanation of the tempting error, and later cumulative/retention evidence; safety-critical work also requires the stated perfect check.","LAB-002: Annotated schematic, calculations, loaded/unloaded results, fault log, root cause, repair, and verification. Physical proficiency is credited only on the physical route.","LAB-002"
"CETa","2.12.2","Identify Duty Cycle and Pulse Width DC sources","2","Electrical Theory","2","Series, parallel, KVL, KCL, and divider reasoning","W02-CETA-DEPTH · Competency clinic","Alfred-authored explanation with mechanism, distinction, example, misconception, and evidence rule","Underline the action verb; explain 2.12.2 in plain language; give a circuit, instrument, component, code, procedure, or work example; then state valid evidence.","Apply 2.12.2 in a changed scenario without notes and distinguish the correct reasoning from one plausible shortcut.","Current reviewed question mapped to CETA:2.12.2; in-lesson knowledge check; Week 2 mastery/teach-back.","Correct retrieval, changed-context transfer, explanation of the tempting error, and later cumulative/retention evidence; safety-critical work also requires the stated perfect check.","LAB-002: Annotated schematic, calculations, loaded/unloaded results, fault log, root cause, repair, and verification. Physical proficiency is credited only on the physical route.","LAB-002"
"CETa","4.1","Identify and describe the operation of common DC circuits","4","Electronic Circuits: Series and Parallel","2","Series, parallel, KVL, KCL, and divider reasoning","W02-CETA-DEPTH · Competency clinic","Alfred-authored explanation with mechanism, distinction, example, misconception, and evidence rule","Underline the action verb; explain 4.1 in plain language; give a circuit, instrument, component, code, procedure, or work example; then state valid evidence.","Apply 4.1 in a changed scenario without notes and distinguish the correct reasoning from one plausible shortcut.","Current reviewed question mapped to CETA:4.1; in-lesson knowledge check; Week 2 mastery/teach-back.","Correct retrieval, changed-context transfer, explanation of the tempting error, and later cumulative/retention evidence; safety-critical work also requires the stated perfect check.","LAB-002: Annotated schematic, calculations, loaded/unloaded results, fault log, root cause, repair, and verification. Physical proficiency is credited only on the physical route.","LAB-002"
"CETa","4.2","Identify and describe the operation of common AC circuits","4","Electronic Circuits: Series and Parallel","2","Series, parallel, KVL, KCL, and divider reasoning","W02-CETA-DEPTH · Competency clinic","Alfred-authored explanation with mechanism, distinction, example, misconception, and evidence rule","Underline the action verb; explain 4.2 in plain language; give a circuit, instrument, component, code, procedure, or work example; then state valid evidence.","Apply 4.2 in a changed scenario without notes and distinguish the correct reasoning from one plausible shortcut.","Current reviewed question mapped to CETA:4.2; in-lesson knowledge check; Week 2 mastery/teach-back.","Correct retrieval, changed-context transfer, explanation of the tempting error, and later cumulative/retention evidence; safety-critical work also requires the stated perfect check.","LAB-002: Annotated schematic, calculations, loaded/unloaded results, fault log, root cause, repair, and verification. Physical proficiency is credited only on the physical route.","LAB-002"
"CETa","4.3","Explain how series circuits, R, L, C are used in electronics equipment","4","Electronic Circuits: Series and Parallel","2","Series, parallel, KVL, KCL, and divider reasoning","W02-CETA-DEPTH · Competency clinic","Alfred-authored explanation with mechanism, distinction, example, misconception, and evidence rule","Underline the action verb; explain 4.3 in plain language; give a circuit, instrument, component, code, procedure, or work example; then state valid evidence.","Apply 4.3 in a changed scenario without notes and distinguish the correct reasoning from one plausible shortcut.","Current reviewed question mapped to CETA:4.3; in-lesson knowledge check; Week 2 mastery/teach-back.","Correct retrieval, changed-context transfer, explanation of the tempting error, and later cumulative/retention evidence; safety-critical work also requires the stated perfect check.","LAB-002: Annotated schematic, calculations, loaded/unloaded results, fault log, root cause, repair, and verification. Physical proficiency is credited only on the physical route.","LAB-002"
"CETa","4.4","Explain how parallel circuits, R, L, C are used in electronics equipment, loads","4","Electronic Circuits: Series and Parallel","2","Series, parallel, KVL, KCL, and divider reasoning","W02-CETA-DEPTH · Competency clinic","Alfred-authored explanation with mechanism, distinction, example, misconception, and evidence rule","Underline the action verb; explain 4.4 in plain language; give a circuit, instrument, component, code, procedure, or work example; then state valid evidence.","Apply 4.4 in a changed scenario without notes and distinguish the correct reasoning from one plausible shortcut.","Current reviewed question mapped to CETA:4.4; in-lesson knowledge check; Week 2 mastery/teach-back.","Correct retrieval, changed-context transfer, explanation of the tempting error, and later cumulative/retention evidence; safety-critical work also requires the stated perfect check.","LAB-002: Annotated schematic, calculations, loaded/unloaded results, fault log, root cause, repair, and verification. Physical proficiency is credited only on the physical route.","LAB-002"
"CETa","4.5","Explain the purpose of oscillators: crystal use","4","Electronic Circuits: Series and Parallel","2","Series, parallel, KVL, KCL, and divider reasoning","W02-CETA-DEPTH · Competency clinic","Alfred-authored explanation with mechanism, distinction, example, misconception, and evidence rule","Underline the action verb; explain 4.5 in plain language; give a circuit, instrument, component, code, procedure, or work example; then state valid evidence.","Apply 4.5 in a changed scenario without notes and distinguish the correct reasoning from one plausible shortcut.","Current reviewed question mapped to CETA:4.5; in-lesson knowledge check; Week 2 mastery/teach-back.","Correct retrieval, changed-context transfer, explanation of the tempting error, and later cumulative/retention evidence; safety-critical work also requires the stated perfect check.","LAB-002: Annotated schematic, calculations, loaded/unloaded results, fault log, root cause, repair, and verification. Physical proficiency is credited only on the physical route.","LAB-002"
"CETa","4.6","Differentiate between oscillators and multivibrators","4","Electronic Circuits: Series and Parallel","2","Series, parallel, KVL, KCL, and divider reasoning","W02-CETA-DEPTH · Competency clinic","Alfred-authored explanation with mechanism, distinction, example, misconception, and evidence rule","Underline the action verb; explain 4.6 in plain language; give a circuit, instrument, component, code, procedure, or work example; then state valid evidence.","Apply 4.6 in a changed scenario without notes and distinguish the correct reasoning from one plausible shortcut.","Current reviewed question mapped to CETA:4.6; in-lesson knowledge check; Week 2 mastery/teach-back.","Correct retrieval, changed-context transfer, explanation of the tempting error, and later cumulative/retention evidence; safety-critical work also requires the stated perfect check.","LAB-002: Annotated schematic, calculations, loaded/unloaded results, fault log, root cause, repair, and verification. Physical proficiency is credited only on the physical route.","LAB-002"
"CETa","4.8","Explain resonance and show how to calculate resonant frequency","4","Electronic Circuits: Series and Parallel","2","Series, parallel, KVL, KCL, and divider reasoning","W02-CETA-DEPTH · Competency clinic","Alfred-authored explanation with mechanism, distinction, example, misconception, and evidence rule","Underline the action verb; explain 4.8 in plain language; give a circuit, instrument, component, code, procedure, or work example; then state valid evidence.","Apply 4.8 in a changed scenario without notes and distinguish the correct reasoning from one plausible shortcut.","Current reviewed question mapped to CETA:4.8; in-lesson knowledge check; Week 2 mastery/teach-back.","Correct retrieval, changed-context transfer, explanation of the tempting error, and later cumulative/retention evidence; safety-critical work also requires the stated perfect check.","LAB-002: Annotated schematic, calculations, loaded/unloaded results, fault log, root cause, repair, and verification. Physical proficiency is credited only on the physical route.","LAB-002"
"CETa","4.9","Describe polar and rectangular presentations of L, R, C circuits","4","Electronic Circuits: Series and Parallel","2","Series, parallel, KVL, KCL, and divider reasoning","W02-CETA-DEPTH · Competency clinic","Alfred-authored explanation with mechanism, distinction, example, misconception, and evidence rule","Underline the action verb; explain 4.9 in plain language; give a circuit, instrument, component, code, procedure, or work example; then state valid evidence.","Apply 4.9 in a changed scenario without notes and distinguish the correct reasoning from one plausible shortcut.","Current reviewed question mapped to CETA:4.9; in-lesson knowledge check; Week 2 mastery/teach-back.","Correct retrieval, changed-context transfer, explanation of the tempting error, and later cumulative/retention evidence; safety-critical work also requires the stated perfect check.","LAB-002: Annotated schematic, calculations, loaded/unloaded results, fault log, root cause, repair, and verification. Physical proficiency is credited only on the physical route.","LAB-002"
"CETa","4.10","Explain Kirchhoff’s law and its importance to electronics technicians","4","Electronic Circuits: Series and Parallel","2","Series, parallel, KVL, KCL, and divider reasoning","W02-CETA-DEPTH · Competency clinic","Alfred-authored explanation with mechanism, distinction, example, misconception, and evidence rule","Underline the action verb; explain 4.10 in plain language; give a circuit, instrument, component, code, procedure, or work example; then state valid evidence.","Apply 4.10 in a changed scenario without notes and distinguish the correct reasoning from one plausible shortcut.","Current reviewed question mapped to CETA:4.10; in-lesson knowledge check; Week 2 mastery/teach-back.","Correct retrieval, changed-context transfer, explanation of the tempting error, and later cumulative/retention evidence; safety-critical work also requires the stated perfect check.","LAB-002: Annotated schematic, calculations, loaded/unloaded results, fault log, root cause, repair, and verification. Physical proficiency is credited only on the physical route.","LAB-002"
"CETa","4.11","Explain the purposes and types of differentiator or integrator circuits","4","Electronic Circuits: Series and Parallel","2","Series, parallel, KVL, KCL, and divider reasoning","W02-CETA-DEPTH · Competency clinic","Alfred-authored explanation with mechanism, distinction, example, misconception, and evidence rule","Underline the action verb; explain 4.11 in plain language; give a circuit, instrument, component, code, procedure, or work example; then state valid evidence.","Apply 4.11 in a changed scenario without notes and distinguish the correct reasoning from one plausible shortcut.","Current reviewed question mapped to CETA:4.11; in-lesson knowledge check; Week 2 mastery/teach-back.","Correct retrieval, changed-context transfer, explanation of the tempting error, and later cumulative/retention evidence; safety-critical work also requires the stated perfect check.","LAB-002: Annotated schematic, calculations, loaded/unloaded results, fault log, root cause, repair, and verification. Physical proficiency is credited only on the physical route.","LAB-002"
"CETa","4.12","Describe the sections of a PLL (phase locked loop) circuit and PLL circuit use","4","Electronic Circuits: Series and Parallel","2","Series, parallel, KVL, KCL, and divider reasoning","W02-CETA-DEPTH · Competency clinic","Alfred-authored explanation with mechanism, distinction, example, misconception, and evidence rule","Underline the action verb; explain 4.12 in plain language; give a circuit, instrument, component, code, procedure, or work example; then state valid evidence.","Apply 4.12 in a changed scenario without notes and distinguish the correct reasoning from one plausible shortcut.","Current reviewed question mapped to CETA:4.12; in-lesson knowledge check; Week 2 mastery/teach-back.","Correct retrieval, changed-context transfer, explanation of the tempting error, and later cumulative/retention evidence; safety-critical work also requires the stated perfect check.","LAB-002: Annotated schematic, calculations, loaded/unloaded results, fault log, root cause, repair, and verification. Physical proficiency is credited only on the physical route.","LAB-002"
"CETa","4.13","Describe filter circuits, why and how they are used","4","Electronic Circuits: Series and Parallel","2","Series, parallel, KVL, KCL, and divider reasoning","W02-CETA-DEPTH · Competency clinic","Alfred-authored explanation with mechanism, distinction, example, misconception, and evidence rule","Underline the action verb; explain 4.13 in plain language; give a circuit, instrument, component, code, procedure, or work example; then state valid evidence.","Apply 4.13 in a changed scenario without notes and distinguish the correct reasoning from one plausible shortcut.","Current reviewed question mapped to CETA:4.13; in-lesson knowledge check; Week 2 mastery/teach-back.","Correct retrieval, changed-context transfer, explanation of the tempting error, and later cumulative/retention evidence; safety-critical work also requires the stated perfect check.","LAB-002: Annotated schematic, calculations, loaded/unloaded results, fault log, root cause, repair, and verification. Physical proficiency is credited only on the physical route.","LAB-002"
"CETa","4.14","Explain wave-shaping circuits and explain their purposes","4","Electronic Circuits: Series and Parallel","2","Series, parallel, KVL, KCL, and divider reasoning","W02-CETA-DEPTH · Competency clinic","Alfred-authored explanation with mechanism, distinction, example, misconception, and evidence rule","Underline the action verb; explain 4.14 in plain language; give a circuit, instrument, component, code, procedure, or work example; then state valid evidence.","Apply 4.14 in a changed scenario without notes and distinguish the correct reasoning from one plausible shortcut.","Current reviewed question mapped to CETA:4.14; in-lesson knowledge check; Week 2 mastery/teach-back.","Correct retrieval, changed-context transfer, explanation of the tempting error, and later cumulative/retention evidence; safety-critical work also requires the stated perfect check.","LAB-002: Annotated schematic, calculations, loaded/unloaded results, fault log, root cause, repair, and verification. Physical proficiency is credited only on the physical route.","LAB-002"
"CETa","4.15","Describe the relationships between bandwidth and “Q” in an electronics circuit","4","Electronic Circuits: Series and Parallel","2","Series, parallel, KVL, KCL, and divider reasoning","W02-CETA-DEPTH · Competency clinic","Alfred-authored explanation with mechanism, distinction, example, misconception, and evidence rule","Underline the action verb; explain 4.15 in plain language; give a circuit, instrument, component, code, procedure, or work example; then state valid evidence.","Apply 4.15 in a changed scenario without notes and distinguish the correct reasoning from one plausible shortcut.","Current reviewed question mapped to CETA:4.15; in-lesson knowledge check; Week 2 mastery/teach-back.","Correct retrieval, changed-context transfer, explanation of the tempting error, and later cumulative/retention evidence; safety-critical work also requires the stated perfect check.","LAB-002: Annotated schematic, calculations, loaded/unloaded results, fault log, root cause, repair, and verification. Physical proficiency is credited only on the physical route.","LAB-002"
"CETa","4.16","Explain the piezoelectric effect","4","Electronic Circuits: Series and Parallel","2","Series, parallel, KVL, KCL, and divider reasoning","W02-CETA-DEPTH · Competency clinic","Alfred-authored explanation with mechanism, distinction, example, misconception, and evidence rule","Underline the action verb; explain 4.16 in plain language; give a circuit, instrument, component, code, procedure, or work example; then state valid evidence.","Apply 4.16 in a changed scenario without notes and distinguish the correct reasoning from one plausible shortcut.","Current reviewed question mapped to CETA:4.16; in-lesson knowledge check; Week 2 mastery/teach-back.","Correct retrieval, changed-context transfer, explanation of the tempting error, and later cumulative/retention evidence; safety-critical work also requires the stated perfect check.","LAB-002: Annotated schematic, calculations, loaded/unloaded results, fault log, root cause, repair, and verification. Physical proficiency is credited only on the physical route.","LAB-002"
"CETa","4.17","Explain series and parallel calculations for resistive networks; voltage drop, etc","4","Electronic Circuits: Series and Parallel","2","Series, parallel, KVL, KCL, and divider reasoning","W02-CETA-DEPTH · Competency clinic","Alfred-authored explanation with mechanism, distinction, example, misconception, and evidence rule","Underline the action verb; explain 4.17 in plain language; give a circuit, instrument, component, code, procedure, or work example; then state valid evidence.","Apply 4.17 in a changed scenario without notes and distinguish the correct reasoning from one plausible shortcut.","Current reviewed question mapped to CETA:4.17; in-lesson knowledge check; Week 2 mastery/teach-back.","Correct retrieval, changed-context transfer, explanation of the tempting error, and later cumulative/retention evidence; safety-critical work also requires the stated perfect check.","LAB-002: Annotated schematic, calculations, loaded/unloaded results, fault log, root cause, repair, and verification. Physical proficiency is credited only on the physical route.","LAB-002"
"CETa","8.1","Describe how digital and analog meters operate","8","Test Equipment and Measurements","3","What each instrument measures and how the controls map to quantities","W03-CETA-DEPTH · Competency clinic","Alfred-authored explanation with mechanism, distinction, example, misconception, and evidence rule","Underline the action verb; explain 8.1 in plain language; give a circuit, instrument, component, code, procedure, or work example; then state valid evidence.","Apply 8.1 in a changed scenario without notes and distinguish the correct reasoning from one plausible shortcut.","Current reviewed question mapped to CETA:8.1; in-lesson knowledge check; Week 3 mastery/teach-back.","Correct retrieval, changed-context transfer, explanation of the tempting error, and later cumulative/retention evidence; safety-critical work also requires the stated perfect check.","LAB-003: Instrument/setup table, predicted and measured DC values, one annotated waveform, manual frequency calculation, and one limitation statement. Physical proficiency is credited only on the physical route.","LAB-003"
"CETa","8.2","Explain meter construction and components","8","Test Equipment and Measurements","3","What each instrument measures and how the controls map to quantities","W03-CETA-DEPTH · Competency clinic","Alfred-authored explanation with mechanism, distinction, example, misconception, and evidence rule","Underline the action verb; explain 8.2 in plain language; give a circuit, instrument, component, code, procedure, or work example; then state valid evidence.","Apply 8.2 in a changed scenario without notes and distinguish the correct reasoning from one plausible shortcut.","Current reviewed question mapped to CETA:8.2; in-lesson knowledge check; Week 3 mastery/teach-back.","Correct retrieval, changed-context transfer, explanation of the tempting error, and later cumulative/retention evidence; safety-critical work also requires the stated perfect check.","LAB-003: Instrument/setup table, predicted and measured DC values, one annotated waveform, manual frequency calculation, and one limitation statement. Physical proficiency is credited only on the physical route.","LAB-003"
"CETa","8.3","Identify meter protection, safety and usage","8","Test Equipment and Measurements","3","What each instrument measures and how the controls map to quantities","W03-CETA-DEPTH · Competency clinic","Alfred-authored explanation with mechanism, distinction, example, misconception, and evidence rule","Underline the action verb; explain 8.3 in plain language; give a circuit, instrument, component, code, procedure, or work example; then state valid evidence.","Apply 8.3 in a changed scenario without notes and distinguish the correct reasoning from one plausible shortcut.","Current reviewed question mapped to CETA:8.3; in-lesson knowledge check; Week 3 mastery/teach-back.","Correct retrieval, changed-context transfer, explanation of the tempting error, and later cumulative/retention evidence; safety-critical work also requires the stated perfect check.","LAB-003: Instrument/setup table, predicted and measured DC values, one annotated waveform, manual frequency calculation, and one limitation statement. Physical proficiency is credited only on the physical route.","LAB-003"
"CETa","8.4","Explain care of equipment and test leads","8","Test Equipment and Measurements","3","What each instrument measures and how the controls map to quantities","W03-CETA-DEPTH · Competency clinic","Alfred-authored explanation with mechanism, distinction, example, misconception, and evidence rule","Underline the action verb; explain 8.4 in plain language; give a circuit, instrument, component, code, procedure, or work example; then state valid evidence.","Apply 8.4 in a changed scenario without notes and distinguish the correct reasoning from one plausible shortcut.","Current reviewed question mapped to CETA:8.4; in-lesson knowledge check; Week 3 mastery/teach-back.","Correct retrieval, changed-context transfer, explanation of the tempting error, and later cumulative/retention evidence; safety-critical work also requires the stated perfect check.","LAB-003: Instrument/setup table, predicted and measured DC values, one annotated waveform, manual frequency calculation, and one limitation statement. Physical proficiency is credited only on the physical route.","LAB-003"
"CETa","8.5","List the purposes and types of signal generators","8","Test Equipment and Measurements","3","What each instrument measures and how the controls map to quantities","W03-CETA-DEPTH · Competency clinic","Alfred-authored explanation with mechanism, distinction, example, misconception, and evidence rule","Underline the action verb; explain 8.5 in plain language; give a circuit, instrument, component, code, procedure, or work example; then state valid evidence.","Apply 8.5 in a changed scenario without notes and distinguish the correct reasoning from one plausible shortcut.","Current reviewed question mapped to CETA:8.5; in-lesson knowledge check; Week 3 mastery/teach-back.","Correct retrieval, changed-context transfer, explanation of the tempting error, and later cumulative/retention evidence; safety-critical work also requires the stated perfect check.","LAB-003: Instrument/setup table, predicted and measured DC values, one annotated waveform, manual frequency calculation, and one limitation statement. Physical proficiency is credited only on the physical route.","LAB-003"
"CETa","8.6","Describe meter loading and precautions","8","Test Equipment and Measurements","3","What each instrument measures and how the controls map to quantities","W03-CETA-DEPTH · Competency clinic","Alfred-authored explanation with mechanism, distinction, example, misconception, and evidence rule","Underline the action verb; explain 8.6 in plain language; give a circuit, instrument, component, code, procedure, or work example; then state valid evidence.","Apply 8.6 in a changed scenario without notes and distinguish the correct reasoning from one plausible shortcut.","Current reviewed question mapped to CETA:8.6; in-lesson knowledge check; Week 3 mastery/teach-back.","Correct retrieval, changed-context transfer, explanation of the tempting error, and later cumulative/retention evidence; safety-critical work also requires the stated perfect check.","LAB-003: Instrument/setup table, predicted and measured DC values, one annotated waveform, manual frequency calculation, and one limitation statement. Physical proficiency is credited only on the physical route.","LAB-003"
"CETa","8.7","Explain the purposes of frequency counters and list their limitations","8","Test Equipment and Measurements","3","What each instrument measures and how the controls map to quantities","W03-CETA-DEPTH · Competency clinic","Alfred-authored explanation with mechanism, distinction, example, misconception, and evidence rule","Underline the action verb; explain 8.7 in plain language; give a circuit, instrument, component, code, procedure, or work example; then state valid evidence.","Apply 8.7 in a changed scenario without notes and distinguish the correct reasoning from one plausible shortcut.","Current reviewed question mapped to CETA:8.7; in-lesson knowledge check; Week 3 mastery/teach-back.","Correct retrieval, changed-context transfer, explanation of the tempting error, and later cumulative/retention evidence; safety-critical work also requires the stated perfect check.","LAB-003: Instrument/setup table, predicted and measured DC values, one annotated waveform, manual frequency calculation, and one limitation statement. Physical proficiency is credited only on the physical route.","LAB-003"
"CETa","8.8","Explain what R-C-L substitution equipment is and its purposes","8","Test Equipment and Measurements","3","What each instrument measures and how the controls map to quantities","W03-CETA-DEPTH · Competency clinic","Alfred-authored explanation with mechanism, distinction, example, misconception, and evidence rule","Underline the action verb; explain 8.8 in plain language; give a circuit, instrument, component, code, procedure, or work example; then state valid evidence.","Apply 8.8 in a changed scenario without notes and distinguish the correct reasoning from one plausible shortcut.","Current reviewed question mapped to CETA:8.8; in-lesson knowledge check; Week 3 mastery/teach-back.","Correct retrieval, changed-context transfer, explanation of the tempting error, and later cumulative/retention evidence; safety-critical work also requires the stated perfect check.","LAB-003: Instrument/setup table, predicted and measured DC values, one annotated waveform, manual frequency calculation, and one limitation statement. Physical proficiency is credited only on the physical route.","LAB-003"
"CETa","8.10","List the uses and precautions for logic test probes","8","Test Equipment and Measurements","3","What each instrument measures and how the controls map to quantities","W03-CETA-DEPTH · Competency clinic","Alfred-authored explanation with mechanism, distinction, example, misconception, and evidence rule","Underline the action verb; explain 8.10 in plain language; give a circuit, instrument, component, code, procedure, or work example; then state valid evidence.","Apply 8.10 in a changed scenario without notes and distinguish the correct reasoning from one plausible shortcut.","Current reviewed question mapped to CETA:8.10; in-lesson knowledge check; Week 3 mastery/teach-back.","Correct retrieval, changed-context transfer, explanation of the tempting error, and later cumulative/retention evidence; safety-critical work also requires the stated perfect check.","LAB-003: Instrument/setup table, predicted and measured DC values, one annotated waveform, manual frequency calculation, and one limitation statement. Physical proficiency is credited only on the physical route.","LAB-003"
"CETa","8.11","Explain how logic pulsers are used","8","Test Equipment and Measurements","3","What each instrument measures and how the controls map to quantities","W03-CETA-DEPTH · Competency clinic","Alfred-authored explanation with mechanism, distinction, example, misconception, and evidence rule","Underline the action verb; explain 8.11 in plain language; give a circuit, instrument, component, code, procedure, or work example; then state valid evidence.","Apply 8.11 in a changed scenario without notes and distinguish the correct reasoning from one plausible shortcut.","Current reviewed question mapped to CETA:8.11; in-lesson knowledge check; Week 3 mastery/teach-back.","Correct retrieval, changed-context transfer, explanation of the tempting error, and later cumulative/retention evidence; safety-critical work also requires the stated perfect check.","LAB-003: Instrument/setup table, predicted and measured DC values, one annotated waveform, manual frequency calculation, and one limitation statement. Physical proficiency is credited only on the physical route.","LAB-003"
"CETa","8.12","Describe oscilloscope uses:","8","Test Equipment and Measurements","3","What each instrument measures and how the controls map to quantities","W03-CETA-DEPTH · Competency clinic","Alfred-authored explanation with mechanism, distinction, example, misconception, and evidence rule","Underline the action verb; explain 8.12 in plain language; give a circuit, instrument, component, code, procedure, or work example; then state valid evidence.","Apply 8.12 in a changed scenario without notes and distinguish the correct reasoning from one plausible shortcut.","Current reviewed question mapped to CETA:8.12; in-lesson knowledge check; Week 3 mastery/teach-back.","Correct retrieval, changed-context transfer, explanation of the tempting error, and later cumulative/retention evidence; safety-critical work also requires the stated perfect check.","LAB-003: Instrument/setup table, predicted and measured DC values, one annotated waveform, manual frequency calculation, and one limitation statement. Physical proficiency is credited only on the physical route.","LAB-003"
"CETa","8.12.1","Explain the purposes of each front panel control","8","Test Equipment and Measurements","3","What each instrument measures and how the controls map to quantities","W03-CETA-DEPTH · Competency clinic","Alfred-authored explanation with mechanism, distinction, example, misconception, and evidence rule","Underline the action verb; explain 8.12.1 in plain language; give a circuit, instrument, component, code, procedure, or work example; then state valid evidence.","Apply 8.12.1 in a changed scenario without notes and distinguish the correct reasoning from one plausible shortcut.","Current reviewed question mapped to CETA:8.12.1; in-lesson knowledge check; Week 3 mastery/teach-back.","Correct retrieval, changed-context transfer, explanation of the tempting error, and later cumulative/retention evidence; safety-critical work also requires the stated perfect check.","LAB-003: Instrument/setup table, predicted and measured DC values, one annotated waveform, manual frequency calculation, and one limitation statement. Physical proficiency is credited only on the physical route.","LAB-003"
"CETa","8.13","Describe spectrum analyzer uses and operation","8","Test Equipment and Measurements","3","What each instrument measures and how the controls map to quantities","W03-CETA-DEPTH · Competency clinic","Alfred-authored explanation with mechanism, distinction, example, misconception, and evidence rule","Underline the action verb; explain 8.13 in plain language; give a circuit, instrument, component, code, procedure, or work example; then state valid evidence.","Apply 8.13 in a changed scenario without notes and distinguish the correct reasoning from one plausible shortcut.","Current reviewed question mapped to CETA:8.13; in-lesson knowledge check; Week 3 mastery/teach-back.","Correct retrieval, changed-context transfer, explanation of the tempting error, and later cumulative/retention evidence; safety-critical work also requires the stated perfect check.","LAB-003: Instrument/setup table, predicted and measured DC values, one annotated waveform, manual frequency calculation, and one limitation statement. Physical proficiency is credited only on the physical route.","LAB-003"
"CETa","8.14","Define dummy load; show where and why used","8","Test Equipment and Measurements","3","What each instrument measures and how the controls map to quantities","W03-CETA-DEPTH · Competency clinic","Alfred-authored explanation with mechanism, distinction, example, misconception, and evidence rule","Underline the action verb; explain 8.14 in plain language; give a circuit, instrument, component, code, procedure, or work example; then state valid evidence.","Apply 8.14 in a changed scenario without notes and distinguish the correct reasoning from one plausible shortcut.","Current reviewed question mapped to CETA:8.14; in-lesson knowledge check; Week 3 mastery/teach-back.","Correct retrieval, changed-context transfer, explanation of the tempting error, and later cumulative/retention evidence; safety-critical work also requires the stated perfect check.","LAB-003: Instrument/setup table, predicted and measured DC values, one annotated waveform, manual frequency calculation, and one limitation statement. Physical proficiency is credited only on the physical route.","LAB-003"
"CETa","8.15","Explain reasons for using rheostats, isolation transformers and variacs and why size matters","8","Test Equipment and Measurements","3","What each instrument measures and how the controls map to quantities","W03-CETA-DEPTH · Competency clinic","Alfred-authored explanation with mechanism, distinction, example, misconception, and evidence rule","Underline the action verb; explain 8.15 in plain language; give a circuit, instrument, component, code, procedure, or work example; then state valid evidence.","Apply 8.15 in a changed scenario without notes and distinguish the correct reasoning from one plausible shortcut.","Current reviewed question mapped to CETA:8.15; in-lesson knowledge check; Week 3 mastery/teach-back.","Correct retrieval, changed-context transfer, explanation of the tempting error, and later cumulative/retention evidence; safety-critical work also requires the stated perfect check.","LAB-003: Instrument/setup table, predicted and measured DC values, one annotated waveform, manual frequency calculation, and one limitation statement. Physical proficiency is credited only on the physical route.","LAB-003"
"CETa","8.16","Explain how a potentiometer functions and its use as a variable voltage divider","8","Test Equipment and Measurements","3","What each instrument measures and how the controls map to quantities","W03-CETA-DEPTH · Competency clinic","Alfred-authored explanation with mechanism, distinction, example, misconception, and evidence rule","Underline the action verb; explain 8.16 in plain language; give a circuit, instrument, component, code, procedure, or work example; then state valid evidence.","Apply 8.16 in a changed scenario without notes and distinguish the correct reasoning from one plausible shortcut.","Current reviewed question mapped to CETA:8.16; in-lesson knowledge check; Week 3 mastery/teach-back.","Correct retrieval, changed-context transfer, explanation of the tempting error, and later cumulative/retention evidence; safety-critical work also requires the stated perfect check.","LAB-003: Instrument/setup table, predicted and measured DC values, one annotated waveform, manual frequency calculation, and one limitation statement. Physical proficiency is credited only on the physical route.","LAB-003"
"Career","C3.1","Configure and use a DMM correctly for voltage, resistance/continuity, and current without creating a hazardous or circuit-altering connection.","C3","Measurement & Instrumentation","3","Measurement planning, probe discipline, and uncertainty","W03-CAREER-DEPTH · Competency clinic","Alfred-authored explanation with mechanism, distinction, example, misconception, and evidence rule","Underline the action verb; explain C3.1 in plain language; give a circuit, instrument, component, code, procedure, or work example; then state valid evidence.","Apply C3.1 in a changed scenario without notes and distinguish the correct reasoning from one plausible shortcut.","Current reviewed question mapped to CAREER:C3.1; in-lesson knowledge check; Week 3 mastery/teach-back.","Correct retrieval, changed-context transfer, explanation of the tempting error, and later cumulative/retention evidence; safety-critical work also requires the stated perfect check.","LAB-003: Instrument/setup table, predicted and measured DC values, one annotated waveform, manual frequency calculation, and one limitation statement. Physical proficiency is credited only on the physical route.","LAB-003"
"Career","C3.2","Configure a bench power supply in constant-voltage/current-limit operation and use current consumption as a bring-up diagnostic.","C3","Measurement & Instrumentation","3","Measurement planning, probe discipline, and uncertainty","W03-CAREER-DEPTH · Competency clinic","Alfred-authored explanation with mechanism, distinction, example, misconception, and evidence rule","Underline the action verb; explain C3.2 in plain language; give a circuit, instrument, component, code, procedure, or work example; then state valid evidence.","Apply C3.2 in a changed scenario without notes and distinguish the correct reasoning from one plausible shortcut.","Current reviewed question mapped to CAREER:C3.2; in-lesson knowledge check; Week 3 mastery/teach-back.","Correct retrieval, changed-context transfer, explanation of the tempting error, and later cumulative/retention evidence; safety-critical work also requires the stated perfect check.","LAB-003: Instrument/setup table, predicted and measured DC values, one annotated waveform, manual frequency calculation, and one limitation statement. Physical proficiency is credited only on the physical route.","LAB-003"
"Career","C3.3","Configure an oscilloscope probe, coupling, vertical scale, timebase, trigger, and reference ground to obtain a stable useful measurement.","C3","Measurement & Instrumentation","3","Measurement planning, probe discipline, and uncertainty","W03-CAREER-DEPTH · Competency clinic","Alfred-authored explanation with mechanism, distinction, example, misconception, and evidence rule","Underline the action verb; explain C3.3 in plain language; give a circuit, instrument, component, code, procedure, or work example; then state valid evidence.","Apply C3.3 in a changed scenario without notes and distinguish the correct reasoning from one plausible shortcut.","Current reviewed question mapped to CAREER:C3.3; in-lesson knowledge check; Week 3 mastery/teach-back.","Correct retrieval, changed-context transfer, explanation of the tempting error, and later cumulative/retention evidence; safety-critical work also requires the stated perfect check.","LAB-003: Instrument/setup table, predicted and measured DC values, one annotated waveform, manual frequency calculation, and one limitation statement. Physical proficiency is credited only on the physical route.","LAB-003"
"Career","C3.4","Measure amplitude, frequency, period, duty cycle, rise/fall behavior, and DC offset from waveforms and explain measurement limitations.","C3","Measurement & Instrumentation","3","Measurement planning, probe discipline, and uncertainty","W03-CAREER-DEPTH · Competency clinic","Alfred-authored explanation with mechanism, distinction, example, misconception, and evidence rule","Underline the action verb; explain C3.4 in plain language; give a circuit, instrument, component, code, procedure, or work example; then state valid evidence.","Apply C3.4 in a changed scenario without notes and distinguish the correct reasoning from one plausible shortcut.","Current reviewed question mapped to CAREER:C3.4; in-lesson knowledge check; Week 3 mastery/teach-back.","Correct retrieval, changed-context transfer, explanation of the tempting error, and later cumulative/retention evidence; safety-critical work also requires the stated perfect check.","LAB-003: Instrument/setup table, predicted and measured DC values, one annotated waveform, manual frequency calculation, and one limitation statement. Physical proficiency is credited only on the physical route.","LAB-003"
"Career","C3.6","Select a measurement instrument based on the hypothesis being tested rather than probing randomly.","C3","Measurement & Instrumentation","3","Measurement planning, probe discipline, and uncertainty","W03-CAREER-DEPTH · Competency clinic","Alfred-authored explanation with mechanism, distinction, example, misconception, and evidence rule","Underline the action verb; explain C3.6 in plain language; give a circuit, instrument, component, code, procedure, or work example; then state valid evidence.","Apply C3.6 in a changed scenario without notes and distinguish the correct reasoning from one plausible shortcut.","Current reviewed question mapped to CAREER:C3.6; in-lesson knowledge check; Week 3 mastery/teach-back.","Correct retrieval, changed-context transfer, explanation of the tempting error, and later cumulative/retention evidence; safety-critical work also requires the stated perfect check.","LAB-003: Instrument/setup table, predicted and measured DC values, one annotated waveform, manual frequency calculation, and one limitation statement. Physical proficiency is credited only on the physical route.","LAB-003"
"CETa","2.8","Describe the different purposes for capacitors and list common types and construction","2","Electrical Theory","4","Waveform language and energy-storage behavior","W04-CETA-DEPTH · Competency clinic","Alfred-authored explanation with mechanism, distinction, example, misconception, and evidence rule","Underline the action verb; explain 2.8 in plain language; give a circuit, instrument, component, code, procedure, or work example; then state valid evidence.","Apply 2.8 in a changed scenario without notes and distinguish the correct reasoning from one plausible shortcut.","Current reviewed question mapped to CETA:2.8; in-lesson knowledge check; Week 4 mastery/teach-back.","Correct retrieval, changed-context transfer, explanation of the tempting error, and later cumulative/retention evidence; safety-critical work also requires the stated perfect check.","LAB-004: Waveform math, labeled capture, time-constant or response table, discrepancy analysis, and a one-sentence instrument limitation. Physical proficiency is credited only on the physical route.","LAB-004"
"CETa","2.9","Explain how inductance relates to magnetism and describe coil construction, cores and usages","2","Electrical Theory","4","Waveform language and energy-storage behavior","W04-CETA-DEPTH · Competency clinic","Alfred-authored explanation with mechanism, distinction, example, misconception, and evidence rule","Underline the action verb; explain 2.9 in plain language; give a circuit, instrument, component, code, procedure, or work example; then state valid evidence.","Apply 2.9 in a changed scenario without notes and distinguish the correct reasoning from one plausible shortcut.","Current reviewed question mapped to CETA:2.9; in-lesson knowledge check; Week 4 mastery/teach-back.","Correct retrieval, changed-context transfer, explanation of the tempting error, and later cumulative/retention evidence; safety-critical work also requires the stated perfect check.","LAB-004: Waveform math, labeled capture, time-constant or response table, discrepancy analysis, and a one-sentence instrument limitation. Physical proficiency is credited only on the physical route.","LAB-004"
"CETa","2.10","Compare reactance and resistance and describe current/voltage relationships","2","Electrical Theory","4","Waveform language and energy-storage behavior","W04-CETA-DEPTH · Competency clinic","Alfred-authored explanation with mechanism, distinction, example, misconception, and evidence rule","Underline the action verb; explain 2.10 in plain language; give a circuit, instrument, component, code, procedure, or work example; then state valid evidence.","Apply 2.10 in a changed scenario without notes and distinguish the correct reasoning from one plausible shortcut.","Current reviewed question mapped to CETA:2.10; in-lesson knowledge check; Week 4 mastery/teach-back.","Correct retrieval, changed-context transfer, explanation of the tempting error, and later cumulative/retention evidence; safety-critical work also requires the stated perfect check.","LAB-004: Waveform math, labeled capture, time-constant or response table, discrepancy analysis, and a one-sentence instrument limitation. Physical proficiency is credited only on the physical route.","LAB-004"
"CETa","9.1","Quote Ohm’s law formulas for power, voltage, current and resistance and solve for circuit values","9","Mathematics and Formulas","4","Waveform language and energy-storage behavior","W04-CETA-DEPTH · Competency clinic","Alfred-authored explanation with mechanism, distinction, example, misconception, and evidence rule","Underline the action verb; explain 9.1 in plain language; give a circuit, instrument, component, code, procedure, or work example; then state valid evidence.","Apply 9.1 in a changed scenario without notes and distinguish the correct reasoning from one plausible shortcut.","Current reviewed question mapped to CETA:9.1; in-lesson knowledge check; Week 4 mastery/teach-back.","Correct retrieval, changed-context transfer, explanation of the tempting error, and later cumulative/retention evidence; safety-critical work also requires the stated perfect check.","LAB-004: Waveform math, labeled capture, time-constant or response table, discrepancy analysis, and a one-sentence instrument limitation. Physical proficiency is credited only on the physical route.","LAB-004"
"CETa","9.3","Explain how to calculate wavelength, frequency and power values","9","Mathematics and Formulas","4","Waveform language and energy-storage behavior","W04-CETA-DEPTH · Competency clinic","Alfred-authored explanation with mechanism, distinction, example, misconception, and evidence rule","Underline the action verb; explain 9.3 in plain language; give a circuit, instrument, component, code, procedure, or work example; then state valid evidence.","Apply 9.3 in a changed scenario without notes and distinguish the correct reasoning from one plausible shortcut.","Current reviewed question mapped to CETA:9.3; in-lesson knowledge check; Week 4 mastery/teach-back.","Correct retrieval, changed-context transfer, explanation of the tempting error, and later cumulative/retention evidence; safety-critical work also requires the stated perfect check.","LAB-004: Waveform math, labeled capture, time-constant or response table, discrepancy analysis, and a one-sentence instrument limitation. Physical proficiency is credited only on the physical route.","LAB-004"
"CETa","9.4","Convert binary, decimal, octal, hexadecimal numbers","9","Mathematics and Formulas","4","Waveform language and energy-storage behavior","W04-CETA-DEPTH · Competency clinic","Alfred-authored explanation with mechanism, distinction, example, misconception, and evidence rule","Underline the action verb; explain 9.4 in plain language; give a circuit, instrument, component, code, procedure, or work example; then state valid evidence.","Apply 9.4 in a changed scenario without notes and distinguish the correct reasoning from one plausible shortcut.","Current reviewed question mapped to CETA:9.4; in-lesson knowledge check; Week 4 mastery/teach-back.","Correct retrieval, changed-context transfer, explanation of the tempting error, and later cumulative/retention evidence; safety-critical work also requires the stated perfect check.","LAB-004: Waveform math, labeled capture, time-constant or response table, discrepancy analysis, and a one-sentence instrument limitation. Physical proficiency is credited only on the physical route.","LAB-004"
"CETa","9.6","Explain decibels (dB) and show reasons for using dBs in signal level, power and audio calculations","9","Mathematics and Formulas","4","Waveform language and energy-storage behavior","W04-CETA-DEPTH · Competency clinic","Alfred-authored explanation with mechanism, distinction, example, misconception, and evidence rule","Underline the action verb; explain 9.6 in plain language; give a circuit, instrument, component, code, procedure, or work example; then state valid evidence.","Apply 9.6 in a changed scenario without notes and distinguish the correct reasoning from one plausible shortcut.","Current reviewed question mapped to CETA:9.6; in-lesson knowledge check; Week 4 mastery/teach-back.","Correct retrieval, changed-context transfer, explanation of the tempting error, and later cumulative/retention evidence; safety-critical work also requires the stated perfect check.","LAB-004: Waveform math, labeled capture, time-constant or response table, discrepancy analysis, and a one-sentence instrument limitation. Physical proficiency is credited only on the physical route.","LAB-004"
"CETa","9.8.1","Describe the NIST.gov Special Publication 811, 9.3: unit name with SI prefix exceptions, (i.e. kilohm and megohm)","9","Mathematics and Formulas","4","Waveform language and energy-storage behavior","W04-CETA-DEPTH · Competency clinic","Alfred-authored explanation with mechanism, distinction, example, misconception, and evidence rule","Underline the action verb; explain 9.8.1 in plain language; give a circuit, instrument, component, code, procedure, or work example; then state valid evidence.","Apply 9.8.1 in a changed scenario without notes and distinguish the correct reasoning from one plausible shortcut.","Current reviewed question mapped to CETA:9.8.1; in-lesson knowledge check; Week 4 mastery/teach-back.","Correct retrieval, changed-context transfer, explanation of the tempting error, and later cumulative/retention evidence; safety-critical work also requires the stated perfect check.","LAB-004: Waveform math, labeled capture, time-constant or response table, discrepancy analysis, and a one-sentence instrument limitation. Physical proficiency is credited only on the physical route.","LAB-004"
"Career","C2.5","Interpret pull-ups, pull-downs, decoupling capacitors, current-limiting resistors, protection devices, and common interface support circuitry.","C2","Schematics, Datasheets & Design Intent","4","Turn time-domain measurements into filter and fault evidence","W04-CAREER-DEPTH · Competency clinic","Alfred-authored explanation with mechanism, distinction, example, misconception, and evidence rule","Underline the action verb; explain C2.5 in plain language; give a circuit, instrument, component, code, procedure, or work example; then state valid evidence.","Apply C2.5 in a changed scenario without notes and distinguish the correct reasoning from one plausible shortcut.","Current reviewed question mapped to CAREER:C2.5; in-lesson knowledge check; Week 4 mastery/teach-back.","Correct retrieval, changed-context transfer, explanation of the tempting error, and later cumulative/retention evidence; safety-critical work also requires the stated perfect check.","LAB-004: Waveform math, labeled capture, time-constant or response table, discrepancy analysis, and a one-sentence instrument limitation. Physical proficiency is credited only on the physical route.","LAB-004"
"CETa","2.11","Compare impedance with reactance and resistance and then explain the causes and effects of impedance, combined reactance","2","Electrical Theory","6","From reactance to impedance, phase, and resonance","W06-CETA-DEPTH · Competency clinic","Alfred-authored explanation with mechanism, distinction, example, misconception, and evidence rule","Underline the action verb; explain 2.11 in plain language; give a circuit, instrument, component, code, procedure, or work example; then state valid evidence.","Apply 2.11 in a changed scenario without notes and distinguish the correct reasoning from one plausible shortcut.","Current reviewed question mapped to CETA:2.11; in-lesson knowledge check; Week 6 mastery/teach-back.","Correct retrieval, changed-context transfer, explanation of the tempting error, and later cumulative/retention evidence; safety-critical work also requires the stated perfect check.","LAB-006: Calculations, impedance or response sketch, data table, plot/captures, model-versus-measurement explanation, and one fault hypothesis. Physical proficiency is credited only on the physical route.","LAB-006"
"CETa","2.12","List voltage sources, AC and DC, batteries and natural generation","2","Electrical Theory","6","From reactance to impedance, phase, and resonance","W06-CETA-DEPTH · Competency clinic","Alfred-authored explanation with mechanism, distinction, example, misconception, and evidence rule","Underline the action verb; explain 2.12 in plain language; give a circuit, instrument, component, code, procedure, or work example; then state valid evidence.","Apply 2.12 in a changed scenario without notes and distinguish the correct reasoning from one plausible shortcut.","Current reviewed question mapped to CETA:2.12; in-lesson knowledge check; Week 6 mastery/teach-back.","Correct retrieval, changed-context transfer, explanation of the tempting error, and later cumulative/retention evidence; safety-critical work also requires the stated perfect check.","LAB-006: Calculations, impedance or response sketch, data table, plot/captures, model-versus-measurement explanation, and one fault hypothesis. Physical proficiency is credited only on the physical route.","LAB-006"
"CETa","4.7","Classify circuits as inductive, capacitive and resistive","4","Electronic Circuits: Series and Parallel","6","From reactance to impedance, phase, and resonance","W06-CETA-DEPTH · Competency clinic","Alfred-authored explanation with mechanism, distinction, example, misconception, and evidence rule","Underline the action verb; explain 4.7 in plain language; give a circuit, instrument, component, code, procedure, or work example; then state valid evidence.","Apply 4.7 in a changed scenario without notes and distinguish the correct reasoning from one plausible shortcut.","Current reviewed question mapped to CETA:4.7; in-lesson knowledge check; Week 6 mastery/teach-back.","Correct retrieval, changed-context transfer, explanation of the tempting error, and later cumulative/retention evidence; safety-critical work also requires the stated perfect check.","LAB-006: Calculations, impedance or response sketch, data table, plot/captures, model-versus-measurement explanation, and one fault hypothesis. Physical proficiency is credited only on the physical route.","LAB-006"
"CETa","2.2","Describe the principles of electromagnetism","2","Electrical Theory","7","Component families, ratings, magnetism, and machines","W07-CETA-DEPTH · Competency clinic","Alfred-authored explanation with mechanism, distinction, example, misconception, and evidence rule","Underline the action verb; explain 2.2 in plain language; give a circuit, instrument, component, code, procedure, or work example; then state valid evidence.","Apply 2.2 in a changed scenario without notes and distinguish the correct reasoning from one plausible shortcut.","Current reviewed question mapped to CETA:2.2; in-lesson knowledge check; Week 7 mastery/teach-back.","Correct retrieval, changed-context transfer, explanation of the tempting error, and later cumulative/retention evidence; safety-critical work also requires the stated perfect check.","LAB-007: Datasheet excerpts by section name, calculations, annotated circuit, pre-power checklist, measured behavior, and fault/rating analysis. Physical proficiency is credited only on the physical route.","LAB-007"
"CETa","2.3","Explain uses for magnetism in electronics technology","2","Electrical Theory","7","Component families, ratings, magnetism, and machines","W07-CETA-DEPTH · Competency clinic","Alfred-authored explanation with mechanism, distinction, example, misconception, and evidence rule","Underline the action verb; explain 2.3 in plain language; give a circuit, instrument, component, code, procedure, or work example; then state valid evidence.","Apply 2.3 in a changed scenario without notes and distinguish the correct reasoning from one plausible shortcut.","Current reviewed question mapped to CETA:2.3; in-lesson knowledge check; Week 7 mastery/teach-back.","Correct retrieval, changed-context transfer, explanation of the tempting error, and later cumulative/retention evidence; safety-critical work also requires the stated perfect check.","LAB-007: Datasheet excerpts by section name, calculations, annotated circuit, pre-power checklist, measured behavior, and fault/rating analysis. Physical proficiency is credited only on the physical route.","LAB-007"
"CETa","2.5","Describe the basic methods of using electricity to operate a motor and how mechanical motion causes a generator to produce electrical current","2","Electrical Theory","7","Component families, ratings, magnetism, and machines","W07-CETA-DEPTH · Competency clinic","Alfred-authored explanation with mechanism, distinction, example, misconception, and evidence rule","Underline the action verb; explain 2.5 in plain language; give a circuit, instrument, component, code, procedure, or work example; then state valid evidence.","Apply 2.5 in a changed scenario without notes and distinguish the correct reasoning from one plausible shortcut.","Current reviewed question mapped to CETA:2.5; in-lesson knowledge check; Week 7 mastery/teach-back.","Correct retrieval, changed-context transfer, explanation of the tempting error, and later cumulative/retention evidence; safety-critical work also requires the stated perfect check.","LAB-007: Datasheet excerpts by section name, calculations, annotated circuit, pre-power checklist, measured behavior, and fault/rating analysis. Physical proficiency is credited only on the physical route.","LAB-007"
"CETa","3.1","Identify resistors as to type and applications","3","Electronic Components","7","Component families, ratings, magnetism, and machines","W07-CETA-DEPTH · Competency clinic","Alfred-authored explanation with mechanism, distinction, example, misconception, and evidence rule","Underline the action verb; explain 3.1 in plain language; give a circuit, instrument, component, code, procedure, or work example; then state valid evidence.","Apply 3.1 in a changed scenario without notes and distinguish the correct reasoning from one plausible shortcut.","Current reviewed question mapped to CETA:3.1; in-lesson knowledge check; Week 7 mastery/teach-back.","Correct retrieval, changed-context transfer, explanation of the tempting error, and later cumulative/retention evidence; safety-critical work also requires the stated perfect check.","LAB-007: Datasheet excerpts by section name, calculations, annotated circuit, pre-power checklist, measured behavior, and fault/rating analysis. Physical proficiency is credited only on the physical route.","LAB-007"
"CETa","3.1.1","Describe the following type of resistors: carbon film, fixed value, metal film, potentiometer, rheostats, thermistors, and wire wound","3","Electronic Components","7","Component families, ratings, magnetism, and machines","W07-CETA-DEPTH · Competency clinic","Alfred-authored explanation with mechanism, distinction, example, misconception, and evidence rule","Underline the action verb; explain 3.1.1 in plain language; give a circuit, instrument, component, code, procedure, or work example; then state valid evidence.","Apply 3.1.1 in a changed scenario without notes and distinguish the correct reasoning from one plausible shortcut.","Current reviewed question mapped to CETA:3.1.1; in-lesson knowledge check; Week 7 mastery/teach-back.","Correct retrieval, changed-context transfer, explanation of the tempting error, and later cumulative/retention evidence; safety-critical work also requires the stated perfect check.","LAB-007: Datasheet excerpts by section name, calculations, annotated circuit, pre-power checklist, measured behavior, and fault/rating analysis. Physical proficiency is credited only on the physical route.","LAB-007"
"CETa","3.1.2","Identify resistor values from color code or other marks and list composition","3","Electronic Components","7","Component families, ratings, magnetism, and machines","W07-CETA-DEPTH · Competency clinic","Alfred-authored explanation with mechanism, distinction, example, misconception, and evidence rule","Underline the action verb; explain 3.1.2 in plain language; give a circuit, instrument, component, code, procedure, or work example; then state valid evidence.","Apply 3.1.2 in a changed scenario without notes and distinguish the correct reasoning from one plausible shortcut.","Current reviewed question mapped to CETA:3.1.2; in-lesson knowledge check; Week 7 mastery/teach-back.","Correct retrieval, changed-context transfer, explanation of the tempting error, and later cumulative/retention evidence; safety-critical work also requires the stated perfect check.","LAB-007: Datasheet excerpts by section name, calculations, annotated circuit, pre-power checklist, measured behavior, and fault/rating analysis. Physical proficiency is credited only on the physical route.","LAB-007"
"CETa","3.1.3","Explain how thermally sensitive components are used","3","Electronic Components","7","Component families, ratings, magnetism, and machines","W07-CETA-DEPTH · Competency clinic","Alfred-authored explanation with mechanism, distinction, example, misconception, and evidence rule","Underline the action verb; explain 3.1.3 in plain language; give a circuit, instrument, component, code, procedure, or work example; then state valid evidence.","Apply 3.1.3 in a changed scenario without notes and distinguish the correct reasoning from one plausible shortcut.","Current reviewed question mapped to CETA:3.1.3; in-lesson knowledge check; Week 7 mastery/teach-back.","Correct retrieval, changed-context transfer, explanation of the tempting error, and later cumulative/retention evidence; safety-critical work also requires the stated perfect check.","LAB-007: Datasheet excerpts by section name, calculations, annotated circuit, pre-power checklist, measured behavior, and fault/rating analysis. Physical proficiency is credited only on the physical route.","LAB-007"
"CETa","3.1.4","Calculate voltage division on a potentiometer","3","Electronic Components","7","Component families, ratings, magnetism, and machines","W07-CETA-DEPTH · Competency clinic","Alfred-authored explanation with mechanism, distinction, example, misconception, and evidence rule","Underline the action verb; explain 3.1.4 in plain language; give a circuit, instrument, component, code, procedure, or work example; then state valid evidence.","Apply 3.1.4 in a changed scenario without notes and distinguish the correct reasoning from one plausible shortcut.","Current reviewed question mapped to CETA:3.1.4; in-lesson knowledge check; Week 7 mastery/teach-back.","Correct retrieval, changed-context transfer, explanation of the tempting error, and later cumulative/retention evidence; safety-critical work also requires the stated perfect check.","LAB-007: Datasheet excerpts by section name, calculations, annotated circuit, pre-power checklist, measured behavior, and fault/rating analysis. Physical proficiency is credited only on the physical route.","LAB-007"
"CETa","3.2","Identify capacitor types and list common usages","3","Electronic Components","7","Component families, ratings, magnetism, and machines","W07-CETA-DEPTH · Competency clinic","Alfred-authored explanation with mechanism, distinction, example, misconception, and evidence rule","Underline the action verb; explain 3.2 in plain language; give a circuit, instrument, component, code, procedure, or work example; then state valid evidence.","Apply 3.2 in a changed scenario without notes and distinguish the correct reasoning from one plausible shortcut.","Current reviewed question mapped to CETA:3.2; in-lesson knowledge check; Week 7 mastery/teach-back.","Correct retrieval, changed-context transfer, explanation of the tempting error, and later cumulative/retention evidence; safety-critical work also requires the stated perfect check.","LAB-007: Datasheet excerpts by section name, calculations, annotated circuit, pre-power checklist, measured behavior, and fault/rating analysis. Physical proficiency is credited only on the physical route.","LAB-007"
"CETa","3.2.1","Identify methods of varying capacitance","3","Electronic Components","7","Component families, ratings, magnetism, and machines","W07-CETA-DEPTH · Competency clinic","Alfred-authored explanation with mechanism, distinction, example, misconception, and evidence rule","Underline the action verb; explain 3.2.1 in plain language; give a circuit, instrument, component, code, procedure, or work example; then state valid evidence.","Apply 3.2.1 in a changed scenario without notes and distinguish the correct reasoning from one plausible shortcut.","Current reviewed question mapped to CETA:3.2.1; in-lesson knowledge check; Week 7 mastery/teach-back.","Correct retrieval, changed-context transfer, explanation of the tempting error, and later cumulative/retention evidence; safety-critical work also requires the stated perfect check.","LAB-007: Datasheet excerpts by section name, calculations, annotated circuit, pre-power checklist, measured behavior, and fault/rating analysis. Physical proficiency is credited only on the physical route.","LAB-007"
"CETa","3.2.2","Explain the terms charge and coulomb","3","Electronic Components","7","Component families, ratings, magnetism, and machines","W07-CETA-DEPTH · Competency clinic","Alfred-authored explanation with mechanism, distinction, example, misconception, and evidence rule","Underline the action verb; explain 3.2.2 in plain language; give a circuit, instrument, component, code, procedure, or work example; then state valid evidence.","Apply 3.2.2 in a changed scenario without notes and distinguish the correct reasoning from one plausible shortcut.","Current reviewed question mapped to CETA:3.2.2; in-lesson knowledge check; Week 7 mastery/teach-back.","Correct retrieval, changed-context transfer, explanation of the tempting error, and later cumulative/retention evidence; safety-critical work also requires the stated perfect check.","LAB-007: Datasheet excerpts by section name, calculations, annotated circuit, pre-power checklist, measured behavior, and fault/rating analysis. Physical proficiency is credited only on the physical route.","LAB-007"
"CETa","3.3","Identify inductor types and reasons for various core materials","3","Electronic Components","7","Component families, ratings, magnetism, and machines","W07-CETA-DEPTH · Competency clinic","Alfred-authored explanation with mechanism, distinction, example, misconception, and evidence rule","Underline the action verb; explain 3.3 in plain language; give a circuit, instrument, component, code, procedure, or work example; then state valid evidence.","Apply 3.3 in a changed scenario without notes and distinguish the correct reasoning from one plausible shortcut.","Current reviewed question mapped to CETA:3.3; in-lesson knowledge check; Week 7 mastery/teach-back.","Correct retrieval, changed-context transfer, explanation of the tempting error, and later cumulative/retention evidence; safety-critical work also requires the stated perfect check.","LAB-007: Datasheet excerpts by section name, calculations, annotated circuit, pre-power checklist, measured behavior, and fault/rating analysis. Physical proficiency is credited only on the physical route.","LAB-007"
"CETa","3.3.1","Explain how diameter and wire size affects these values","3","Electronic Components","7","Component families, ratings, magnetism, and machines","W07-CETA-DEPTH · Competency clinic","Alfred-authored explanation with mechanism, distinction, example, misconception, and evidence rule","Underline the action verb; explain 3.3.1 in plain language; give a circuit, instrument, component, code, procedure, or work example; then state valid evidence.","Apply 3.3.1 in a changed scenario without notes and distinguish the correct reasoning from one plausible shortcut.","Current reviewed question mapped to CETA:3.3.1; in-lesson knowledge check; Week 7 mastery/teach-back.","Correct retrieval, changed-context transfer, explanation of the tempting error, and later cumulative/retention evidence; safety-critical work also requires the stated perfect check.","LAB-007: Datasheet excerpts by section name, calculations, annotated circuit, pre-power checklist, measured behavior, and fault/rating analysis. Physical proficiency is credited only on the physical route.","LAB-007"
"CETa","3.4","Identify common types of transformers and list uses for each","3","Electronic Components","7","Component families, ratings, magnetism, and machines","W07-CETA-DEPTH · Competency clinic","Alfred-authored explanation with mechanism, distinction, example, misconception, and evidence rule","Underline the action verb; explain 3.4 in plain language; give a circuit, instrument, component, code, procedure, or work example; then state valid evidence.","Apply 3.4 in a changed scenario without notes and distinguish the correct reasoning from one plausible shortcut.","Current reviewed question mapped to CETA:3.4; in-lesson knowledge check; Week 7 mastery/teach-back.","Correct retrieval, changed-context transfer, explanation of the tempting error, and later cumulative/retention evidence; safety-critical work also requires the stated perfect check.","LAB-007: Datasheet excerpts by section name, calculations, annotated circuit, pre-power checklist, measured behavior, and fault/rating analysis. Physical proficiency is credited only on the physical route.","LAB-007"
"CETa","3.4.1","Explain step up/down voltage methods","3","Electronic Components","7","Component families, ratings, magnetism, and machines","W07-CETA-DEPTH · Competency clinic","Alfred-authored explanation with mechanism, distinction, example, misconception, and evidence rule","Underline the action verb; explain 3.4.1 in plain language; give a circuit, instrument, component, code, procedure, or work example; then state valid evidence.","Apply 3.4.1 in a changed scenario without notes and distinguish the correct reasoning from one plausible shortcut.","Current reviewed question mapped to CETA:3.4.1; in-lesson knowledge check; Week 7 mastery/teach-back.","Correct retrieval, changed-context transfer, explanation of the tempting error, and later cumulative/retention evidence; safety-critical work also requires the stated perfect check.","LAB-007: Datasheet excerpts by section name, calculations, annotated circuit, pre-power checklist, measured behavior, and fault/rating analysis. Physical proficiency is credited only on the physical route.","LAB-007"
"CETa","3.4.2","Explain why laminations are used","3","Electronic Components","7","Component families, ratings, magnetism, and machines","W07-CETA-DEPTH · Competency clinic","Alfred-authored explanation with mechanism, distinction, example, misconception, and evidence rule","Underline the action verb; explain 3.4.2 in plain language; give a circuit, instrument, component, code, procedure, or work example; then state valid evidence.","Apply 3.4.2 in a changed scenario without notes and distinguish the correct reasoning from one plausible shortcut.","Current reviewed question mapped to CETA:3.4.2; in-lesson knowledge check; Week 7 mastery/teach-back.","Correct retrieval, changed-context transfer, explanation of the tempting error, and later cumulative/retention evidence; safety-critical work also requires the stated perfect check.","LAB-007: Datasheet excerpts by section name, calculations, annotated circuit, pre-power checklist, measured behavior, and fault/rating analysis. Physical proficiency is credited only on the physical route.","LAB-007"
"CETa","3.5","Identify transistors as to type, usage, biasing and applications:","3","Electronic Components","7","Component families, ratings, magnetism, and machines","W07-CETA-DEPTH · Competency clinic","Alfred-authored explanation with mechanism, distinction, example, misconception, and evidence rule","Underline the action verb; explain 3.5 in plain language; give a circuit, instrument, component, code, procedure, or work example; then state valid evidence.","Apply 3.5 in a changed scenario without notes and distinguish the correct reasoning from one plausible shortcut.","Current reviewed question mapped to CETA:3.5; in-lesson knowledge check; Week 7 mastery/teach-back.","Correct retrieval, changed-context transfer, explanation of the tempting error, and later cumulative/retention evidence; safety-critical work also requires the stated perfect check.","LAB-007: Datasheet excerpts by section name, calculations, annotated circuit, pre-power checklist, measured behavior, and fault/rating analysis. Physical proficiency is credited only on the physical route.","LAB-007"
"CETa","3.8","Describe types of integrated circuits (I.C.), such as microprocessors, identifying the basic components and pin-outs","3","Electronic Components","7","Component families, ratings, magnetism, and machines","W07-CETA-DEPTH · Competency clinic","Alfred-authored explanation with mechanism, distinction, example, misconception, and evidence rule","Underline the action verb; explain 3.8 in plain language; give a circuit, instrument, component, code, procedure, or work example; then state valid evidence.","Apply 3.8 in a changed scenario without notes and distinguish the correct reasoning from one plausible shortcut.","Current reviewed question mapped to CETA:3.8; in-lesson knowledge check; Week 7 mastery/teach-back.","Correct retrieval, changed-context transfer, explanation of the tempting error, and later cumulative/retention evidence; safety-critical work also requires the stated perfect check.","LAB-007: Datasheet excerpts by section name, calculations, annotated circuit, pre-power checklist, measured behavior, and fault/rating analysis. Physical proficiency is credited only on the physical route.","LAB-007"
"CETa","3.9","Describe various relay types","3","Electronic Components","7","Component families, ratings, magnetism, and machines","W07-CETA-DEPTH · Competency clinic","Alfred-authored explanation with mechanism, distinction, example, misconception, and evidence rule","Underline the action verb; explain 3.9 in plain language; give a circuit, instrument, component, code, procedure, or work example; then state valid evidence.","Apply 3.9 in a changed scenario without notes and distinguish the correct reasoning from one plausible shortcut.","Current reviewed question mapped to CETA:3.9; in-lesson knowledge check; Week 7 mastery/teach-back.","Correct retrieval, changed-context transfer, explanation of the tempting error, and later cumulative/retention evidence; safety-critical work also requires the stated perfect check.","LAB-007: Datasheet excerpts by section name, calculations, annotated circuit, pre-power checklist, measured behavior, and fault/rating analysis. Physical proficiency is credited only on the physical route.","LAB-007"
"CETa","3.9.1","Identify normally-open and normally-closed contacts and their operation","3","Electronic Components","7","Component families, ratings, magnetism, and machines","W07-CETA-DEPTH · Competency clinic","Alfred-authored explanation with mechanism, distinction, example, misconception, and evidence rule","Underline the action verb; explain 3.9.1 in plain language; give a circuit, instrument, component, code, procedure, or work example; then state valid evidence.","Apply 3.9.1 in a changed scenario without notes and distinguish the correct reasoning from one plausible shortcut.","Current reviewed question mapped to CETA:3.9.1; in-lesson knowledge check; Week 7 mastery/teach-back.","Correct retrieval, changed-context transfer, explanation of the tempting error, and later cumulative/retention evidence; safety-critical work also requires the stated perfect check.","LAB-007: Datasheet excerpts by section name, calculations, annotated circuit, pre-power checklist, measured behavior, and fault/rating analysis. Physical proficiency is credited only on the physical route.","LAB-007"
"CETa","3.9.2","Identify the coil of a relay","3","Electronic Components","7","Component families, ratings, magnetism, and machines","W07-CETA-DEPTH · Competency clinic","Alfred-authored explanation with mechanism, distinction, example, misconception, and evidence rule","Underline the action verb; explain 3.9.2 in plain language; give a circuit, instrument, component, code, procedure, or work example; then state valid evidence.","Apply 3.9.2 in a changed scenario without notes and distinguish the correct reasoning from one plausible shortcut.","Current reviewed question mapped to CETA:3.9.2; in-lesson knowledge check; Week 7 mastery/teach-back.","Correct retrieval, changed-context transfer, explanation of the tempting error, and later cumulative/retention evidence; safety-critical work also requires the stated perfect check.","LAB-007: Datasheet excerpts by section name, calculations, annotated circuit, pre-power checklist, measured behavior, and fault/rating analysis. Physical proficiency is credited only on the physical route.","LAB-007"
"CETa","3.9.3","Compare the operation of a solid-state relay to a mechanical relay","3","Electronic Components","7","Component families, ratings, magnetism, and machines","W07-CETA-DEPTH · Competency clinic","Alfred-authored explanation with mechanism, distinction, example, misconception, and evidence rule","Underline the action verb; explain 3.9.3 in plain language; give a circuit, instrument, component, code, procedure, or work example; then state valid evidence.","Apply 3.9.3 in a changed scenario without notes and distinguish the correct reasoning from one plausible shortcut.","Current reviewed question mapped to CETA:3.9.3; in-lesson knowledge check; Week 7 mastery/teach-back.","Correct retrieval, changed-context transfer, explanation of the tempting error, and later cumulative/retention evidence; safety-critical work also requires the stated perfect check.","LAB-007: Datasheet excerpts by section name, calculations, annotated circuit, pre-power checklist, measured behavior, and fault/rating analysis. Physical proficiency is credited only on the physical route.","LAB-007"
"Career","C4.4","Use connector keying, pin numbering, continuity checks, and wire labels to prevent harness miswiring.","C4","Assembly, Soldering, Rework & Harnesses","7","Read a datasheet and design a relay/inductive-load interface","W07-CAREER-DEPTH · Competency clinic","Alfred-authored explanation with mechanism, distinction, example, misconception, and evidence rule","Underline the action verb; explain C4.4 in plain language; give a circuit, instrument, component, code, procedure, or work example; then state valid evidence.","Apply C4.4 in a changed scenario without notes and distinguish the correct reasoning from one plausible shortcut.","Current reviewed question mapped to CAREER:C4.4; in-lesson knowledge check; Week 7 mastery/teach-back.","Correct retrieval, changed-context transfer, explanation of the tempting error, and later cumulative/retention evidence; safety-critical work also requires the stated perfect check.","LAB-007: Datasheet excerpts by section name, calculations, annotated circuit, pre-power checklist, measured behavior, and fault/rating analysis. Physical proficiency is credited only on the physical route.","LAB-007"
"CETa","3.5.1","Describe MOS, CMOS, FET, IGBT and Darlington Pair operation and applications","3","Electronic Components","8","Junction behavior and semiconductor device roles","W08-CETA-DEPTH · Competency clinic","Alfred-authored explanation with mechanism, distinction, example, misconception, and evidence rule","Underline the action verb; explain 3.5.1 in plain language; give a circuit, instrument, component, code, procedure, or work example; then state valid evidence.","Apply 3.5.1 in a changed scenario without notes and distinguish the correct reasoning from one plausible shortcut.","Current reviewed question mapped to CETA:3.5.1; in-lesson knowledge check; Week 8 mastery/teach-back.","Correct retrieval, changed-context transfer, explanation of the tempting error, and later cumulative/retention evidence; safety-critical work also requires the stated perfect check.","LAB-008: Datasheet table, calculations, annotated schematic, off/on measurement table, one fault diagnosis, and verified correction. Physical proficiency is credited only on the physical route.","LAB-008"
"CETa","3.5.2","Analyze biasing voltages for NPN & PNP bipolar transistors, BJTs, JFETs, and MOSFETs","3","Electronic Components","8","Junction behavior and semiconductor device roles","W08-CETA-DEPTH · Competency clinic","Alfred-authored explanation with mechanism, distinction, example, misconception, and evidence rule","Underline the action verb; explain 3.5.2 in plain language; give a circuit, instrument, component, code, procedure, or work example; then state valid evidence.","Apply 3.5.2 in a changed scenario without notes and distinguish the correct reasoning from one plausible shortcut.","Current reviewed question mapped to CETA:3.5.2; in-lesson knowledge check; Week 8 mastery/teach-back.","Correct retrieval, changed-context transfer, explanation of the tempting error, and later cumulative/retention evidence; safety-critical work also requires the stated perfect check.","LAB-008: Datasheet table, calculations, annotated schematic, off/on measurement table, one fault diagnosis, and verified correction. Physical proficiency is credited only on the physical route.","LAB-008"
"CETa","3.5.3","Explain beta and alpha, enhance/depletion mode","3","Electronic Components","8","Junction behavior and semiconductor device roles","W08-CETA-DEPTH · Competency clinic","Alfred-authored explanation with mechanism, distinction, example, misconception, and evidence rule","Underline the action verb; explain 3.5.3 in plain language; give a circuit, instrument, component, code, procedure, or work example; then state valid evidence.","Apply 3.5.3 in a changed scenario without notes and distinguish the correct reasoning from one plausible shortcut.","Current reviewed question mapped to CETA:3.5.3; in-lesson knowledge check; Week 8 mastery/teach-back.","Correct retrieval, changed-context transfer, explanation of the tempting error, and later cumulative/retention evidence; safety-critical work also requires the stated perfect check.","LAB-008: Datasheet table, calculations, annotated schematic, off/on measurement table, one fault diagnosis, and verified correction. Physical proficiency is credited only on the physical route.","LAB-008"
"CETa","3.6","Identify multi-junction semiconductors as to type and applications:","3","Electronic Components","8","Junction behavior and semiconductor device roles","W08-CETA-DEPTH · Competency clinic","Alfred-authored explanation with mechanism, distinction, example, misconception, and evidence rule","Underline the action verb; explain 3.6 in plain language; give a circuit, instrument, component, code, procedure, or work example; then state valid evidence.","Apply 3.6 in a changed scenario without notes and distinguish the correct reasoning from one plausible shortcut.","Current reviewed question mapped to CETA:3.6; in-lesson knowledge check; Week 8 mastery/teach-back.","Correct retrieval, changed-context transfer, explanation of the tempting error, and later cumulative/retention evidence; safety-critical work also requires the stated perfect check.","LAB-008: Datasheet table, calculations, annotated schematic, off/on measurement table, one fault diagnosis, and verified correction. Physical proficiency is credited only on the physical route.","LAB-008"
"CETa","3.6.1","Identify Diacs, Triacs and SCRs (silicon-controlled rectifiers) and explain their operation","3","Electronic Components","8","Junction behavior and semiconductor device roles","W08-CETA-DEPTH · Competency clinic","Alfred-authored explanation with mechanism, distinction, example, misconception, and evidence rule","Underline the action verb; explain 3.6.1 in plain language; give a circuit, instrument, component, code, procedure, or work example; then state valid evidence.","Apply 3.6.1 in a changed scenario without notes and distinguish the correct reasoning from one plausible shortcut.","Current reviewed question mapped to CETA:3.6.1; in-lesson knowledge check; Week 8 mastery/teach-back.","Correct retrieval, changed-context transfer, explanation of the tempting error, and later cumulative/retention evidence; safety-critical work also requires the stated perfect check.","LAB-008: Datasheet table, calculations, annotated schematic, off/on measurement table, one fault diagnosis, and verified correction. Physical proficiency is credited only on the physical route.","LAB-008"
"CETa","3.6.2","Compare SCRs with other semiconductors","3","Electronic Components","8","Junction behavior and semiconductor device roles","W08-CETA-DEPTH · Competency clinic","Alfred-authored explanation with mechanism, distinction, example, misconception, and evidence rule","Underline the action verb; explain 3.6.2 in plain language; give a circuit, instrument, component, code, procedure, or work example; then state valid evidence.","Apply 3.6.2 in a changed scenario without notes and distinguish the correct reasoning from one plausible shortcut.","Current reviewed question mapped to CETA:3.6.2; in-lesson knowledge check; Week 8 mastery/teach-back.","Correct retrieval, changed-context transfer, explanation of the tempting error, and later cumulative/retention evidence; safety-critical work also requires the stated perfect check.","LAB-008: Datasheet table, calculations, annotated schematic, off/on measurement table, one fault diagnosis, and verified correction. Physical proficiency is credited only on the physical route.","LAB-008"
"CETa","3.7","Identify various diode types: Silicon, Schottky, Germanium, LED, photo, Zener","3","Electronic Components","8","Junction behavior and semiconductor device roles","W08-CETA-DEPTH · Competency clinic","Alfred-authored explanation with mechanism, distinction, example, misconception, and evidence rule","Underline the action verb; explain 3.7 in plain language; give a circuit, instrument, component, code, procedure, or work example; then state valid evidence.","Apply 3.7 in a changed scenario without notes and distinguish the correct reasoning from one plausible shortcut.","Current reviewed question mapped to CETA:3.7; in-lesson knowledge check; Week 8 mastery/teach-back.","Correct retrieval, changed-context transfer, explanation of the tempting error, and later cumulative/retention evidence; safety-critical work also requires the stated perfect check.","LAB-008: Datasheet table, calculations, annotated schematic, off/on measurement table, one fault diagnosis, and verified correction. Physical proficiency is credited only on the physical route.","LAB-008"
"CETa","3.7.1","Describe Silicon, Schottky, Germanium, LED, Photo, and Zener operations and applications","3","Electronic Components","8","Junction behavior and semiconductor device roles","W08-CETA-DEPTH · Competency clinic","Alfred-authored explanation with mechanism, distinction, example, misconception, and evidence rule","Underline the action verb; explain 3.7.1 in plain language; give a circuit, instrument, component, code, procedure, or work example; then state valid evidence.","Apply 3.7.1 in a changed scenario without notes and distinguish the correct reasoning from one plausible shortcut.","Current reviewed question mapped to CETA:3.7.1; in-lesson knowledge check; Week 8 mastery/teach-back.","Correct retrieval, changed-context transfer, explanation of the tempting error, and later cumulative/retention evidence; safety-critical work also requires the stated perfect check.","LAB-008: Datasheet table, calculations, annotated schematic, off/on measurement table, one fault diagnosis, and verified correction. Physical proficiency is credited only on the physical route.","LAB-008"
"CETa","3.7.2","Analyze voltage bias, current, and power consumption in a circuit for Silicon and Germanium diodes","3","Electronic Components","8","Junction behavior and semiconductor device roles","W08-CETA-DEPTH · Competency clinic","Alfred-authored explanation with mechanism, distinction, example, misconception, and evidence rule","Underline the action verb; explain 3.7.2 in plain language; give a circuit, instrument, component, code, procedure, or work example; then state valid evidence.","Apply 3.7.2 in a changed scenario without notes and distinguish the correct reasoning from one plausible shortcut.","Current reviewed question mapped to CETA:3.7.2; in-lesson knowledge check; Week 8 mastery/teach-back.","Correct retrieval, changed-context transfer, explanation of the tempting error, and later cumulative/retention evidence; safety-critical work also requires the stated perfect check.","LAB-008: Datasheet table, calculations, annotated schematic, off/on measurement table, one fault diagnosis, and verified correction. Physical proficiency is credited only on the physical route.","LAB-008"
"CETa","3.7.3","Explain Zener diode ratings; describe usage in regulator circuits","3","Electronic Components","8","Junction behavior and semiconductor device roles","W08-CETA-DEPTH · Competency clinic","Alfred-authored explanation with mechanism, distinction, example, misconception, and evidence rule","Underline the action verb; explain 3.7.3 in plain language; give a circuit, instrument, component, code, procedure, or work example; then state valid evidence.","Apply 3.7.3 in a changed scenario without notes and distinguish the correct reasoning from one plausible shortcut.","Current reviewed question mapped to CETA:3.7.3; in-lesson knowledge check; Week 8 mastery/teach-back.","Correct retrieval, changed-context transfer, explanation of the tempting error, and later cumulative/retention evidence; safety-critical work also requires the stated perfect check.","LAB-008: Datasheet table, calculations, annotated schematic, off/on measurement table, one fault diagnosis, and verified correction. Physical proficiency is credited only on the physical route.","LAB-008"
"CETa","10.1","Explain shock hazards when servicing power supplies in electronic equipment","10","Power Supplies","9","Power-supply blocks and their expected signals","W09-CETA-DEPTH · Competency clinic","Alfred-authored explanation with mechanism, distinction, example, misconception, and evidence rule","Underline the action verb; explain 10.1 in plain language; give a circuit, instrument, component, code, procedure, or work example; then state valid evidence.","Apply 10.1 in a changed scenario without notes and distinguish the correct reasoning from one plausible shortcut.","Current reviewed question mapped to CETA:10.1; in-lesson knowledge check; Week 9 mastery/teach-back.","Correct retrieval, changed-context transfer, explanation of the tempting error, and later cumulative/retention evidence; safety-critical work also requires the stated perfect check.","LAB-009: Block diagram, calculations, safety boundary, rail table, ripple capture, fault hypothesis sequence, correction, and retest. Physical proficiency is credited only on the physical route.","LAB-009"
"CETa","10.2","Describe the differences between transformer powered supplies and line-connected supplies","10","Power Supplies","9","Power-supply blocks and their expected signals","W09-CETA-DEPTH · Competency clinic","Alfred-authored explanation with mechanism, distinction, example, misconception, and evidence rule","Underline the action verb; explain 10.2 in plain language; give a circuit, instrument, component, code, procedure, or work example; then state valid evidence.","Apply 10.2 in a changed scenario without notes and distinguish the correct reasoning from one plausible shortcut.","Current reviewed question mapped to CETA:10.2; in-lesson knowledge check; Week 9 mastery/teach-back.","Correct retrieval, changed-context transfer, explanation of the tempting error, and later cumulative/retention evidence; safety-critical work also requires the stated perfect check.","LAB-009: Block diagram, calculations, safety boundary, rail table, ripple capture, fault hypothesis sequence, correction, and retest. Physical proficiency is credited only on the physical route.","LAB-009"
"CETa","10.3","Describe battery supplies and list common usages:","10","Power Supplies","9","Power-supply blocks and their expected signals","W09-CETA-DEPTH · Competency clinic","Alfred-authored explanation with mechanism, distinction, example, misconception, and evidence rule","Underline the action verb; explain 10.3 in plain language; give a circuit, instrument, component, code, procedure, or work example; then state valid evidence.","Apply 10.3 in a changed scenario without notes and distinguish the correct reasoning from one plausible shortcut.","Current reviewed question mapped to CETA:10.3; in-lesson knowledge check; Week 9 mastery/teach-back.","Correct retrieval, changed-context transfer, explanation of the tempting error, and later cumulative/retention evidence; safety-critical work also requires the stated perfect check.","LAB-009: Block diagram, calculations, safety boundary, rail table, ripple capture, fault hypothesis sequence, correction, and retest. Physical proficiency is credited only on the physical route.","LAB-009"
"CETa","10.3.1","Explain battery recharging principles","10","Power Supplies","9","Power-supply blocks and their expected signals","W09-CETA-DEPTH · Competency clinic","Alfred-authored explanation with mechanism, distinction, example, misconception, and evidence rule","Underline the action verb; explain 10.3.1 in plain language; give a circuit, instrument, component, code, procedure, or work example; then state valid evidence.","Apply 10.3.1 in a changed scenario without notes and distinguish the correct reasoning from one plausible shortcut.","Current reviewed question mapped to CETA:10.3.1; in-lesson knowledge check; Week 9 mastery/teach-back.","Correct retrieval, changed-context transfer, explanation of the tempting error, and later cumulative/retention evidence; safety-critical work also requires the stated perfect check.","LAB-009: Block diagram, calculations, safety boundary, rail table, ripple capture, fault hypothesis sequence, correction, and retest. Physical proficiency is credited only on the physical route.","LAB-009"
"CETa","10.4","Explain the reasons for filtering, describe hum, and identify common filter types:","10","Power Supplies","9","Power-supply blocks and their expected signals","W09-CETA-DEPTH · Competency clinic","Alfred-authored explanation with mechanism, distinction, example, misconception, and evidence rule","Underline the action verb; explain 10.4 in plain language; give a circuit, instrument, component, code, procedure, or work example; then state valid evidence.","Apply 10.4 in a changed scenario without notes and distinguish the correct reasoning from one plausible shortcut.","Current reviewed question mapped to CETA:10.4; in-lesson knowledge check; Week 9 mastery/teach-back.","Correct retrieval, changed-context transfer, explanation of the tempting error, and later cumulative/retention evidence; safety-critical work also requires the stated perfect check.","LAB-009: Block diagram, calculations, safety boundary, rail table, ripple capture, fault hypothesis sequence, correction, and retest. Physical proficiency is credited only on the physical route.","LAB-009"
"CETa","10.4.1","“L” (L-section, choke or inductor) filter – an inductor in series with a capacitor in parallel","10","Power Supplies","9","Power-supply blocks and their expected signals","W09-CETA-DEPTH · Competency clinic","Alfred-authored explanation with mechanism, distinction, example, misconception, and evidence rule","Underline the action verb; explain 10.4.1 in plain language; give a circuit, instrument, component, code, procedure, or work example; then state valid evidence.","Apply 10.4.1 in a changed scenario without notes and distinguish the correct reasoning from one plausible shortcut.","Current reviewed question mapped to CETA:10.4.1; in-lesson knowledge check; Week 9 mastery/teach-back.","Correct retrieval, changed-context transfer, explanation of the tempting error, and later cumulative/retention evidence; safety-critical work also requires the stated perfect check.","LAB-009: Block diagram, calculations, safety boundary, rail table, ripple capture, fault hypothesis sequence, correction, and retest. Physical proficiency is credited only on the physical route.","LAB-009"
"CETa","10.4.2","“T” filter –add a second choke on output side, taking the output across the capacitor","10","Power Supplies","9","Power-supply blocks and their expected signals","W09-CETA-DEPTH · Competency clinic","Alfred-authored explanation with mechanism, distinction, example, misconception, and evidence rule","Underline the action verb; explain 10.4.2 in plain language; give a circuit, instrument, component, code, procedure, or work example; then state valid evidence.","Apply 10.4.2 in a changed scenario without notes and distinguish the correct reasoning from one plausible shortcut.","Current reviewed question mapped to CETA:10.4.2; in-lesson knowledge check; Week 9 mastery/teach-back.","Correct retrieval, changed-context transfer, explanation of the tempting error, and later cumulative/retention evidence; safety-critical work also requires the stated perfect check.","LAB-009: Block diagram, calculations, safety boundary, rail table, ripple capture, fault hypothesis sequence, correction, and retest. Physical proficiency is credited only on the physical route.","LAB-009"
"CETa","10.4.3","“Pi” filter – a single inductor with a capacitor at each end to common","10","Power Supplies","9","Power-supply blocks and their expected signals","W09-CETA-DEPTH · Competency clinic","Alfred-authored explanation with mechanism, distinction, example, misconception, and evidence rule","Underline the action verb; explain 10.4.3 in plain language; give a circuit, instrument, component, code, procedure, or work example; then state valid evidence.","Apply 10.4.3 in a changed scenario without notes and distinguish the correct reasoning from one plausible shortcut.","Current reviewed question mapped to CETA:10.4.3; in-lesson knowledge check; Week 9 mastery/teach-back.","Correct retrieval, changed-context transfer, explanation of the tempting error, and later cumulative/retention evidence; safety-critical work also requires the stated perfect check.","LAB-009: Block diagram, calculations, safety boundary, rail table, ripple capture, fault hypothesis sequence, correction, and retest. Physical proficiency is credited only on the physical route.","LAB-009"
"CETa","10.5","Explain the reasons for power supply regulation and list common components used in regulated supplies","10","Power Supplies","9","Power-supply blocks and their expected signals","W09-CETA-DEPTH · Competency clinic","Alfred-authored explanation with mechanism, distinction, example, misconception, and evidence rule","Underline the action verb; explain 10.5 in plain language; give a circuit, instrument, component, code, procedure, or work example; then state valid evidence.","Apply 10.5 in a changed scenario without notes and distinguish the correct reasoning from one plausible shortcut.","Current reviewed question mapped to CETA:10.5; in-lesson knowledge check; Week 9 mastery/teach-back.","Correct retrieval, changed-context transfer, explanation of the tempting error, and later cumulative/retention evidence; safety-critical work also requires the stated perfect check.","LAB-009: Block diagram, calculations, safety boundary, rail table, ripple capture, fault hypothesis sequence, correction, and retest. Physical proficiency is credited only on the physical route.","LAB-009"
"CETa","10.6","Explain the term ‘Integrated high voltage transformer’ supply and explain how it differs from direct or other power supply types","10","Power Supplies","9","Power-supply blocks and their expected signals","W09-CETA-DEPTH · Competency clinic","Alfred-authored explanation with mechanism, distinction, example, misconception, and evidence rule","Underline the action verb; explain 10.6 in plain language; give a circuit, instrument, component, code, procedure, or work example; then state valid evidence.","Apply 10.6 in a changed scenario without notes and distinguish the correct reasoning from one plausible shortcut.","Current reviewed question mapped to CETA:10.6; in-lesson knowledge check; Week 9 mastery/teach-back.","Correct retrieval, changed-context transfer, explanation of the tempting error, and later cumulative/retention evidence; safety-critical work also requires the stated perfect check.","LAB-009: Block diagram, calculations, safety boundary, rail table, ripple capture, fault hypothesis sequence, correction, and retest. Physical proficiency is credited only on the physical route.","LAB-009"
"CETa","10.7","Explain how multiple output supplies can supply more than one voltage","10","Power Supplies","9","Power-supply blocks and their expected signals","W09-CETA-DEPTH · Competency clinic","Alfred-authored explanation with mechanism, distinction, example, misconception, and evidence rule","Underline the action verb; explain 10.7 in plain language; give a circuit, instrument, component, code, procedure, or work example; then state valid evidence.","Apply 10.7 in a changed scenario without notes and distinguish the correct reasoning from one plausible shortcut.","Current reviewed question mapped to CETA:10.7; in-lesson knowledge check; Week 9 mastery/teach-back.","Correct retrieval, changed-context transfer, explanation of the tempting error, and later cumulative/retention evidence; safety-critical work also requires the stated perfect check.","LAB-009: Block diagram, calculations, safety boundary, rail table, ripple capture, fault hypothesis sequence, correction, and retest. Physical proficiency is credited only on the physical route.","LAB-009"
"CETa","10.8","Explain where fuses and circuit breakers are commonly and electrically located in circuits; approximate fuse sizes for common circuits; common fuses and circuit breaker configuration and precautions for replacement in a house service box","10","Power Supplies","9","Power-supply blocks and their expected signals","W09-CETA-DEPTH · Competency clinic","Alfred-authored explanation with mechanism, distinction, example, misconception, and evidence rule","Underline the action verb; explain 10.8 in plain language; give a circuit, instrument, component, code, procedure, or work example; then state valid evidence.","Apply 10.8 in a changed scenario without notes and distinguish the correct reasoning from one plausible shortcut.","Current reviewed question mapped to CETA:10.8; in-lesson knowledge check; Week 9 mastery/teach-back.","Correct retrieval, changed-context transfer, explanation of the tempting error, and later cumulative/retention evidence; safety-critical work also requires the stated perfect check.","LAB-009: Block diagram, calculations, safety boundary, rail table, ripple capture, fault hypothesis sequence, correction, and retest. Physical proficiency is credited only on the physical route.","LAB-009"
"CETa","10.9","Explain how to calculate DC voltages from power supply circuits","10","Power Supplies","9","Power-supply blocks and their expected signals","W09-CETA-DEPTH · Competency clinic","Alfred-authored explanation with mechanism, distinction, example, misconception, and evidence rule","Underline the action verb; explain 10.9 in plain language; give a circuit, instrument, component, code, procedure, or work example; then state valid evidence.","Apply 10.9 in a changed scenario without notes and distinguish the correct reasoning from one plausible shortcut.","Current reviewed question mapped to CETA:10.9; in-lesson knowledge check; Week 9 mastery/teach-back.","Correct retrieval, changed-context transfer, explanation of the tempting error, and later cumulative/retention evidence; safety-critical work also requires the stated perfect check.","LAB-009: Block diagram, calculations, safety boundary, rail table, ripple capture, fault hypothesis sequence, correction, and retest. Physical proficiency is credited only on the physical route.","LAB-009"
"CETa","10.10","Identify and analyze rectifier circuits","10","Power Supplies","9","Power-supply blocks and their expected signals","W09-CETA-DEPTH · Competency clinic","Alfred-authored explanation with mechanism, distinction, example, misconception, and evidence rule","Underline the action verb; explain 10.10 in plain language; give a circuit, instrument, component, code, procedure, or work example; then state valid evidence.","Apply 10.10 in a changed scenario without notes and distinguish the correct reasoning from one plausible shortcut.","Current reviewed question mapped to CETA:10.10; in-lesson knowledge check; Week 9 mastery/teach-back.","Correct retrieval, changed-context transfer, explanation of the tempting error, and later cumulative/retention evidence; safety-critical work also requires the stated perfect check.","LAB-009: Block diagram, calculations, safety boundary, rail table, ripple capture, fault hypothesis sequence, correction, and retest. Physical proficiency is credited only on the physical route.","LAB-009"
"CETa","10.11","Describe switch mode power supply operation","10","Power Supplies","9","Power-supply blocks and their expected signals","W09-CETA-DEPTH · Competency clinic","Alfred-authored explanation with mechanism, distinction, example, misconception, and evidence rule","Underline the action verb; explain 10.11 in plain language; give a circuit, instrument, component, code, procedure, or work example; then state valid evidence.","Apply 10.11 in a changed scenario without notes and distinguish the correct reasoning from one plausible shortcut.","Current reviewed question mapped to CETA:10.11; in-lesson knowledge check; Week 9 mastery/teach-back.","Correct retrieval, changed-context transfer, explanation of the tempting error, and later cumulative/retention evidence; safety-critical work also requires the stated perfect check.","LAB-009: Block diagram, calculations, safety boundary, rail table, ripple capture, fault hypothesis sequence, correction, and retest. Physical proficiency is credited only on the physical route.","LAB-009"
"CETa","11.1","List common amplifier devices: such as power amps, audio preamps, video amps","11","Amplifiers","10","Gain, dB, feedback, and ideal op-amp rules","W10-CETA-DEPTH · Competency clinic","Alfred-authored explanation with mechanism, distinction, example, misconception, and evidence rule","Underline the action verb; explain 11.1 in plain language; give a circuit, instrument, component, code, procedure, or work example; then state valid evidence.","Apply 11.1 in a changed scenario without notes and distinguish the correct reasoning from one plausible shortcut.","Current reviewed question mapped to CETA:11.1; in-lesson knowledge check; Week 10 mastery/teach-back.","Correct retrieval, changed-context transfer, explanation of the tempting error, and later cumulative/retention evidence; safety-critical work also requires the stated perfect check.","LAB-010: Schematic, gain/dB math, signal budget, waveforms, measured gain table, fault analysis, and final acceptance statement. Physical proficiency is credited only on the physical route.","LAB-010"
"CETa","11.2","Describe the purpose of each component in an amplifier circuit","11","Amplifiers","10","Gain, dB, feedback, and ideal op-amp rules","W10-CETA-DEPTH · Competency clinic","Alfred-authored explanation with mechanism, distinction, example, misconception, and evidence rule","Underline the action verb; explain 11.2 in plain language; give a circuit, instrument, component, code, procedure, or work example; then state valid evidence.","Apply 11.2 in a changed scenario without notes and distinguish the correct reasoning from one plausible shortcut.","Current reviewed question mapped to CETA:11.2; in-lesson knowledge check; Week 10 mastery/teach-back.","Correct retrieval, changed-context transfer, explanation of the tempting error, and later cumulative/retention evidence; safety-critical work also requires the stated perfect check.","LAB-010: Schematic, gain/dB math, signal budget, waveforms, measured gain table, fault analysis, and final acceptance statement. Physical proficiency is credited only on the physical route.","LAB-010"
"CETa","11.3","List the usages and classes of amplifiers","11","Amplifiers","10","Gain, dB, feedback, and ideal op-amp rules","W10-CETA-DEPTH · Competency clinic","Alfred-authored explanation with mechanism, distinction, example, misconception, and evidence rule","Underline the action verb; explain 11.3 in plain language; give a circuit, instrument, component, code, procedure, or work example; then state valid evidence.","Apply 11.3 in a changed scenario without notes and distinguish the correct reasoning from one plausible shortcut.","Current reviewed question mapped to CETA:11.3; in-lesson knowledge check; Week 10 mastery/teach-back.","Correct retrieval, changed-context transfer, explanation of the tempting error, and later cumulative/retention evidence; safety-critical work also requires the stated perfect check.","LAB-010: Schematic, gain/dB math, signal budget, waveforms, measured gain table, fault analysis, and final acceptance statement. Physical proficiency is credited only on the physical route.","LAB-010"
"CETa","11.3.1","Analyze BJT amplifier circuits for gain and power","11","Amplifiers","10","Gain, dB, feedback, and ideal op-amp rules","W10-CETA-DEPTH · Competency clinic","Alfred-authored explanation with mechanism, distinction, example, misconception, and evidence rule","Underline the action verb; explain 11.3.1 in plain language; give a circuit, instrument, component, code, procedure, or work example; then state valid evidence.","Apply 11.3.1 in a changed scenario without notes and distinguish the correct reasoning from one plausible shortcut.","Current reviewed question mapped to CETA:11.3.1; in-lesson knowledge check; Week 10 mastery/teach-back.","Correct retrieval, changed-context transfer, explanation of the tempting error, and later cumulative/retention evidence; safety-critical work also requires the stated perfect check.","LAB-010: Schematic, gain/dB math, signal budget, waveforms, measured gain table, fault analysis, and final acceptance statement. Physical proficiency is credited only on the physical route.","LAB-010"
"CETa","11.3.2","Analyze FET based amplifier circuits for gain and power","11","Amplifiers","10","Gain, dB, feedback, and ideal op-amp rules","W10-CETA-DEPTH · Competency clinic","Alfred-authored explanation with mechanism, distinction, example, misconception, and evidence rule","Underline the action verb; explain 11.3.2 in plain language; give a circuit, instrument, component, code, procedure, or work example; then state valid evidence.","Apply 11.3.2 in a changed scenario without notes and distinguish the correct reasoning from one plausible shortcut.","Current reviewed question mapped to CETA:11.3.2; in-lesson knowledge check; Week 10 mastery/teach-back.","Correct retrieval, changed-context transfer, explanation of the tempting error, and later cumulative/retention evidence; safety-critical work also requires the stated perfect check.","LAB-010: Schematic, gain/dB math, signal budget, waveforms, measured gain table, fault analysis, and final acceptance statement. Physical proficiency is credited only on the physical route.","LAB-010"
"CETa","11.4","Explain frequency response of an amplifier circuit and why it is important","11","Amplifiers","10","Gain, dB, feedback, and ideal op-amp rules","W10-CETA-DEPTH · Competency clinic","Alfred-authored explanation with mechanism, distinction, example, misconception, and evidence rule","Underline the action verb; explain 11.4 in plain language; give a circuit, instrument, component, code, procedure, or work example; then state valid evidence.","Apply 11.4 in a changed scenario without notes and distinguish the correct reasoning from one plausible shortcut.","Current reviewed question mapped to CETA:11.4; in-lesson knowledge check; Week 10 mastery/teach-back.","Correct retrieval, changed-context transfer, explanation of the tempting error, and later cumulative/retention evidence; safety-critical work also requires the stated perfect check.","LAB-010: Schematic, gain/dB math, signal budget, waveforms, measured gain table, fault analysis, and final acceptance statement. Physical proficiency is credited only on the physical route.","LAB-010"
"CETa","11.5","Explain the words ‘preamplifier’ and ‘line amplifier’ and where these units are commonly used","11","Amplifiers","10","Gain, dB, feedback, and ideal op-amp rules","W10-CETA-DEPTH · Competency clinic","Alfred-authored explanation with mechanism, distinction, example, misconception, and evidence rule","Underline the action verb; explain 11.5 in plain language; give a circuit, instrument, component, code, procedure, or work example; then state valid evidence.","Apply 11.5 in a changed scenario without notes and distinguish the correct reasoning from one plausible shortcut.","Current reviewed question mapped to CETA:11.5; in-lesson knowledge check; Week 10 mastery/teach-back.","Correct retrieval, changed-context transfer, explanation of the tempting error, and later cumulative/retention evidence; safety-critical work also requires the stated perfect check.","LAB-010: Schematic, gain/dB math, signal budget, waveforms, measured gain table, fault analysis, and final acceptance statement. Physical proficiency is credited only on the physical route.","LAB-010"
"CETa","11.6","Explain the uses of operational amplifiers and how they differ from other amplifiers","11","Amplifiers","10","Gain, dB, feedback, and ideal op-amp rules","W10-CETA-DEPTH · Competency clinic","Alfred-authored explanation with mechanism, distinction, example, misconception, and evidence rule","Underline the action verb; explain 11.6 in plain language; give a circuit, instrument, component, code, procedure, or work example; then state valid evidence.","Apply 11.6 in a changed scenario without notes and distinguish the correct reasoning from one plausible shortcut.","Current reviewed question mapped to CETA:11.6; in-lesson knowledge check; Week 10 mastery/teach-back.","Correct retrieval, changed-context transfer, explanation of the tempting error, and later cumulative/retention evidence; safety-critical work also requires the stated perfect check.","LAB-010: Schematic, gain/dB math, signal budget, waveforms, measured gain table, fault analysis, and final acceptance statement. Physical proficiency is credited only on the physical route.","LAB-010"
"CETa","11.6.1","Analyze op-amp circuits to determine gain and power","11","Amplifiers","10","Gain, dB, feedback, and ideal op-amp rules","W10-CETA-DEPTH · Competency clinic","Alfred-authored explanation with mechanism, distinction, example, misconception, and evidence rule","Underline the action verb; explain 11.6.1 in plain language; give a circuit, instrument, component, code, procedure, or work example; then state valid evidence.","Apply 11.6.1 in a changed scenario without notes and distinguish the correct reasoning from one plausible shortcut.","Current reviewed question mapped to CETA:11.6.1; in-lesson knowledge check; Week 10 mastery/teach-back.","Correct retrieval, changed-context transfer, explanation of the tempting error, and later cumulative/retention evidence; safety-critical work also requires the stated perfect check.","LAB-010: Schematic, gain/dB math, signal budget, waveforms, measured gain table, fault analysis, and final acceptance statement. Physical proficiency is credited only on the physical route.","LAB-010"
"CETa","11.7","Explain how distortion occurs in amplifiers and list ways to reduce or eliminate it","11","Amplifiers","10","Gain, dB, feedback, and ideal op-amp rules","W10-CETA-DEPTH · Competency clinic","Alfred-authored explanation with mechanism, distinction, example, misconception, and evidence rule","Underline the action verb; explain 11.7 in plain language; give a circuit, instrument, component, code, procedure, or work example; then state valid evidence.","Apply 11.7 in a changed scenario without notes and distinguish the correct reasoning from one plausible shortcut.","Current reviewed question mapped to CETA:11.7; in-lesson knowledge check; Week 10 mastery/teach-back.","Correct retrieval, changed-context transfer, explanation of the tempting error, and later cumulative/retention evidence; safety-critical work also requires the stated perfect check.","LAB-010: Schematic, gain/dB math, signal budget, waveforms, measured gain table, fault analysis, and final acceptance statement. Physical proficiency is credited only on the physical route.","LAB-010"
"CETa","11.8","Explain how inaccurate measurements can be experienced due to meter or scope loading","11","Amplifiers","10","Gain, dB, feedback, and ideal op-amp rules","W10-CETA-DEPTH · Competency clinic","Alfred-authored explanation with mechanism, distinction, example, misconception, and evidence rule","Underline the action verb; explain 11.8 in plain language; give a circuit, instrument, component, code, procedure, or work example; then state valid evidence.","Apply 11.8 in a changed scenario without notes and distinguish the correct reasoning from one plausible shortcut.","Current reviewed question mapped to CETA:11.8; in-lesson knowledge check; Week 10 mastery/teach-back.","Correct retrieval, changed-context transfer, explanation of the tempting error, and later cumulative/retention evidence; safety-critical work also requires the stated perfect check.","LAB-010: Schematic, gain/dB math, signal budget, waveforms, measured gain table, fault analysis, and final acceptance statement. Physical proficiency is credited only on the physical route.","LAB-010"
"CETa","11.8.1","List ways to overcome loading problems","11","Amplifiers","10","Gain, dB, feedback, and ideal op-amp rules","W10-CETA-DEPTH · Competency clinic","Alfred-authored explanation with mechanism, distinction, example, misconception, and evidence rule","Underline the action verb; explain 11.8.1 in plain language; give a circuit, instrument, component, code, procedure, or work example; then state valid evidence.","Apply 11.8.1 in a changed scenario without notes and distinguish the correct reasoning from one plausible shortcut.","Current reviewed question mapped to CETA:11.8.1; in-lesson knowledge check; Week 10 mastery/teach-back.","Correct retrieval, changed-context transfer, explanation of the tempting error, and later cumulative/retention evidence; safety-critical work also requires the stated perfect check.","LAB-010: Schematic, gain/dB math, signal budget, waveforms, measured gain table, fault analysis, and final acceptance statement. Physical proficiency is credited only on the physical route.","LAB-010"
"CETa","11.9","Describe specifications for broadband amplifiers as compared with common narrow band units","11","Amplifiers","10","Gain, dB, feedback, and ideal op-amp rules","W10-CETA-DEPTH · Competency clinic","Alfred-authored explanation with mechanism, distinction, example, misconception, and evidence rule","Underline the action verb; explain 11.9 in plain language; give a circuit, instrument, component, code, procedure, or work example; then state valid evidence.","Apply 11.9 in a changed scenario without notes and distinguish the correct reasoning from one plausible shortcut.","Current reviewed question mapped to CETA:11.9; in-lesson knowledge check; Week 10 mastery/teach-back.","Correct retrieval, changed-context transfer, explanation of the tempting error, and later cumulative/retention evidence; safety-critical work also requires the stated perfect check.","LAB-010: Schematic, gain/dB math, signal budget, waveforms, measured gain table, fault analysis, and final acceptance statement. Physical proficiency is credited only on the physical route.","LAB-010"
"CETa","9.5","Explain Boolean algebra and its use in digital circuitry","9","Mathematics and Formulas","11","Binary, hexadecimal, gates, and sequential state","W11-CETA-DEPTH · Competency clinic","Alfred-authored explanation with mechanism, distinction, example, misconception, and evidence rule","Underline the action verb; explain 9.5 in plain language; give a circuit, instrument, component, code, procedure, or work example; then state valid evidence.","Apply 9.5 in a changed scenario without notes and distinguish the correct reasoning from one plausible shortcut.","Current reviewed question mapped to CETA:9.5; in-lesson knowledge check; Week 11 mastery/teach-back.","Correct retrieval, changed-context transfer, explanation of the tempting error, and later cumulative/retention evidence; safety-critical work also requires the stated perfect check.","LAB-011: Conversion work, Boolean expression, truth table, schematic, voltage/logic capture, debounce or floating-input observation, and conclusion. Physical proficiency is credited only on the physical route.","LAB-011"
"CETa","13.1","Identify each of the basic digital gate(s) and devices","13","Digital Concepts and Circuitry","11","Binary, hexadecimal, gates, and sequential state","W11-CETA-DEPTH · Competency clinic","Alfred-authored explanation with mechanism, distinction, example, misconception, and evidence rule","Underline the action verb; explain 13.1 in plain language; give a circuit, instrument, component, code, procedure, or work example; then state valid evidence.","Apply 13.1 in a changed scenario without notes and distinguish the correct reasoning from one plausible shortcut.","Current reviewed question mapped to CETA:13.1; in-lesson knowledge check; Week 11 mastery/teach-back.","Correct retrieval, changed-context transfer, explanation of the tempting error, and later cumulative/retention evidence; safety-critical work also requires the stated perfect check.","LAB-011: Conversion work, Boolean expression, truth table, schematic, voltage/logic capture, debounce or floating-input observation, and conclusion. Physical proficiency is credited only on the physical route.","LAB-011"
"CETa","13.2","Construct truth tables for common gates","13","Digital Concepts and Circuitry","11","Binary, hexadecimal, gates, and sequential state","W11-CETA-DEPTH · Competency clinic","Alfred-authored explanation with mechanism, distinction, example, misconception, and evidence rule","Underline the action verb; explain 13.2 in plain language; give a circuit, instrument, component, code, procedure, or work example; then state valid evidence.","Apply 13.2 in a changed scenario without notes and distinguish the correct reasoning from one plausible shortcut.","Current reviewed question mapped to CETA:13.2; in-lesson knowledge check; Week 11 mastery/teach-back.","Correct retrieval, changed-context transfer, explanation of the tempting error, and later cumulative/retention evidence; safety-critical work also requires the stated perfect check.","LAB-011: Conversion work, Boolean expression, truth table, schematic, voltage/logic capture, debounce or floating-input observation, and conclusion. Physical proficiency is credited only on the physical route.","LAB-011"
"CETa","13.3","Explain how electronic counters operate","13","Digital Concepts and Circuitry","11","Binary, hexadecimal, gates, and sequential state","W11-CETA-DEPTH · Competency clinic","Alfred-authored explanation with mechanism, distinction, example, misconception, and evidence rule","Underline the action verb; explain 13.3 in plain language; give a circuit, instrument, component, code, procedure, or work example; then state valid evidence.","Apply 13.3 in a changed scenario without notes and distinguish the correct reasoning from one plausible shortcut.","Current reviewed question mapped to CETA:13.3; in-lesson knowledge check; Week 11 mastery/teach-back.","Correct retrieval, changed-context transfer, explanation of the tempting error, and later cumulative/retention evidence; safety-critical work also requires the stated perfect check.","LAB-011: Conversion work, Boolean expression, truth table, schematic, voltage/logic capture, debounce or floating-input observation, and conclusion. Physical proficiency is credited only on the physical route.","LAB-011"
"CETa","13.4","Explain the purpose of flip-flops and list common types","13","Digital Concepts and Circuitry","11","Binary, hexadecimal, gates, and sequential state","W11-CETA-DEPTH · Competency clinic","Alfred-authored explanation with mechanism, distinction, example, misconception, and evidence rule","Underline the action verb; explain 13.4 in plain language; give a circuit, instrument, component, code, procedure, or work example; then state valid evidence.","Apply 13.4 in a changed scenario without notes and distinguish the correct reasoning from one plausible shortcut.","Current reviewed question mapped to CETA:13.4; in-lesson knowledge check; Week 11 mastery/teach-back.","Correct retrieval, changed-context transfer, explanation of the tempting error, and later cumulative/retention evidence; safety-critical work also requires the stated perfect check.","LAB-011: Conversion work, Boolean expression, truth table, schematic, voltage/logic capture, debounce or floating-input observation, and conclusion. Physical proficiency is credited only on the physical route.","LAB-011"
"CETa","13.5","Explain the purpose of a digital electronic circuitry bus and show how it’s connected to various sections of a product","13","Digital Concepts and Circuitry","11","Binary, hexadecimal, gates, and sequential state","W11-CETA-DEPTH · Competency clinic","Alfred-authored explanation with mechanism, distinction, example, misconception, and evidence rule","Underline the action verb; explain 13.5 in plain language; give a circuit, instrument, component, code, procedure, or work example; then state valid evidence.","Apply 13.5 in a changed scenario without notes and distinguish the correct reasoning from one plausible shortcut.","Current reviewed question mapped to CETA:13.5; in-lesson knowledge check; Week 11 mastery/teach-back.","Correct retrieval, changed-context transfer, explanation of the tempting error, and later cumulative/retention evidence; safety-critical work also requires the stated perfect check.","LAB-011: Conversion work, Boolean expression, truth table, schematic, voltage/logic capture, debounce or floating-input observation, and conclusion. Physical proficiency is credited only on the physical route.","LAB-011"
"CETa","13.6","List types of display circuitry and describe how numbers and letters are activated digitally","13","Digital Concepts and Circuitry","11","Binary, hexadecimal, gates, and sequential state","W11-CETA-DEPTH · Competency clinic","Alfred-authored explanation with mechanism, distinction, example, misconception, and evidence rule","Underline the action verb; explain 13.6 in plain language; give a circuit, instrument, component, code, procedure, or work example; then state valid evidence.","Apply 13.6 in a changed scenario without notes and distinguish the correct reasoning from one plausible shortcut.","Current reviewed question mapped to CETA:13.6; in-lesson knowledge check; Week 11 mastery/teach-back.","Correct retrieval, changed-context transfer, explanation of the tempting error, and later cumulative/retention evidence; safety-critical work also requires the stated perfect check.","LAB-011: Conversion work, Boolean expression, truth table, schematic, voltage/logic capture, debounce or floating-input observation, and conclusion. Physical proficiency is credited only on the physical route.","LAB-011"
"CETa","13.7","Distinguish how pulsers are used for digital signal tracing","13","Digital Concepts and Circuitry","11","Binary, hexadecimal, gates, and sequential state","W11-CETA-DEPTH · Competency clinic","Alfred-authored explanation with mechanism, distinction, example, misconception, and evidence rule","Underline the action verb; explain 13.7 in plain language; give a circuit, instrument, component, code, procedure, or work example; then state valid evidence.","Apply 13.7 in a changed scenario without notes and distinguish the correct reasoning from one plausible shortcut.","Current reviewed question mapped to CETA:13.7; in-lesson knowledge check; Week 11 mastery/teach-back.","Correct retrieval, changed-context transfer, explanation of the tempting error, and later cumulative/retention evidence; safety-critical work also requires the stated perfect check.","LAB-011: Conversion work, Boolean expression, truth table, schematic, voltage/logic capture, debounce or floating-input observation, and conclusion. Physical proficiency is credited only on the physical route.","LAB-011"
"CETa","13.8","Describe how logic probes are used to verify states in digital equipment","13","Digital Concepts and Circuitry","11","Binary, hexadecimal, gates, and sequential state","W11-CETA-DEPTH · Competency clinic","Alfred-authored explanation with mechanism, distinction, example, misconception, and evidence rule","Underline the action verb; explain 13.8 in plain language; give a circuit, instrument, component, code, procedure, or work example; then state valid evidence.","Apply 13.8 in a changed scenario without notes and distinguish the correct reasoning from one plausible shortcut.","Current reviewed question mapped to CETA:13.8; in-lesson knowledge check; Week 11 mastery/teach-back.","Correct retrieval, changed-context transfer, explanation of the tempting error, and later cumulative/retention evidence; safety-critical work also requires the stated perfect check.","LAB-011: Conversion work, Boolean expression, truth table, schematic, voltage/logic capture, debounce or floating-input observation, and conclusion. Physical proficiency is credited only on the physical route.","LAB-011"
"CETa","13.9","Explain how to troubleshoot digital signals","13","Digital Concepts and Circuitry","11","Binary, hexadecimal, gates, and sequential state","W11-CETA-DEPTH · Competency clinic","Alfred-authored explanation with mechanism, distinction, example, misconception, and evidence rule","Underline the action verb; explain 13.9 in plain language; give a circuit, instrument, component, code, procedure, or work example; then state valid evidence.","Apply 13.9 in a changed scenario without notes and distinguish the correct reasoning from one plausible shortcut.","Current reviewed question mapped to CETA:13.9; in-lesson knowledge check; Week 11 mastery/teach-back.","Correct retrieval, changed-context transfer, explanation of the tempting error, and later cumulative/retention evidence; safety-critical work also requires the stated perfect check.","LAB-011: Conversion work, Boolean expression, truth table, schematic, voltage/logic capture, debounce or floating-input observation, and conclusion. Physical proficiency is credited only on the physical route.","LAB-011"
"CETa","13.10","Describe digital clock(s) usage and circuitry","13","Digital Concepts and Circuitry","11","Binary, hexadecimal, gates, and sequential state","W11-CETA-DEPTH · Competency clinic","Alfred-authored explanation with mechanism, distinction, example, misconception, and evidence rule","Underline the action verb; explain 13.10 in plain language; give a circuit, instrument, component, code, procedure, or work example; then state valid evidence.","Apply 13.10 in a changed scenario without notes and distinguish the correct reasoning from one plausible shortcut.","Current reviewed question mapped to CETA:13.10; in-lesson knowledge check; Week 11 mastery/teach-back.","Correct retrieval, changed-context transfer, explanation of the tempting error, and later cumulative/retention evidence; safety-critical work also requires the stated perfect check.","LAB-011: Conversion work, Boolean expression, truth table, schematic, voltage/logic capture, debounce or floating-input observation, and conclusion. Physical proficiency is credited only on the physical route.","LAB-011"
"CETa","13.11","Explain voltages and logic families (TTL, CMOS)","13","Digital Concepts and Circuitry","11","Binary, hexadecimal, gates, and sequential state","W11-CETA-DEPTH · Competency clinic","Alfred-authored explanation with mechanism, distinction, example, misconception, and evidence rule","Underline the action verb; explain 13.11 in plain language; give a circuit, instrument, component, code, procedure, or work example; then state valid evidence.","Apply 13.11 in a changed scenario without notes and distinguish the correct reasoning from one plausible shortcut.","Current reviewed question mapped to CETA:13.11; in-lesson knowledge check; Week 11 mastery/teach-back.","Correct retrieval, changed-context transfer, explanation of the tempting error, and later cumulative/retention evidence; safety-critical work also requires the stated perfect check.","LAB-011: Conversion work, Boolean expression, truth table, schematic, voltage/logic capture, debounce or floating-input observation, and conclusion. Physical proficiency is credited only on the physical route.","LAB-011"
"CETa","13.12","Define microcontrollers and simple programming commands","13","Digital Concepts and Circuitry","11","Binary, hexadecimal, gates, and sequential state","W11-CETA-DEPTH · Competency clinic","Alfred-authored explanation with mechanism, distinction, example, misconception, and evidence rule","Underline the action verb; explain 13.12 in plain language; give a circuit, instrument, component, code, procedure, or work example; then state valid evidence.","Apply 13.12 in a changed scenario without notes and distinguish the correct reasoning from one plausible shortcut.","Current reviewed question mapped to CETA:13.12; in-lesson knowledge check; Week 11 mastery/teach-back.","Correct retrieval, changed-context transfer, explanation of the tempting error, and later cumulative/retention evidence; safety-critical work also requires the stated perfect check.","LAB-011: Conversion work, Boolean expression, truth table, schematic, voltage/logic capture, debounce or floating-input observation, and conclusion. Physical proficiency is credited only on the physical route.","LAB-011"
"Career","C3.5","Use a logic analyzer to capture and decode digital activity while checking sample rate, thresholds, channel mapping, and timing context.","C3","Measurement & Instrumentation","11","Real logic levels, pull resistors, debounce, and measurement","W11-CAREER-DEPTH · Competency clinic","Alfred-authored explanation with mechanism, distinction, example, misconception, and evidence rule","Underline the action verb; explain C3.5 in plain language; give a circuit, instrument, component, code, procedure, or work example; then state valid evidence.","Apply C3.5 in a changed scenario without notes and distinguish the correct reasoning from one plausible shortcut.","Current reviewed question mapped to CAREER:C3.5; in-lesson knowledge check; Week 11 mastery/teach-back.","Correct retrieval, changed-context transfer, explanation of the tempting error, and later cumulative/retention evidence; safety-critical work also requires the stated perfect check.","LAB-011: Conversion work, Boolean expression, truth table, schematic, voltage/logic capture, debounce or floating-input observation, and conclusion. Physical proficiency is credited only on the physical route.","LAB-011"
"Career","C6.4","Use bitwise AND, OR, XOR, shifts, and masks to inspect or modify individual bits.","C6","C Programming Fundamentals","11","Real logic levels, pull resistors, debounce, and measurement","W11-CAREER-DEPTH · Competency clinic","Alfred-authored explanation with mechanism, distinction, example, misconception, and evidence rule","Underline the action verb; explain C6.4 in plain language; give a circuit, instrument, component, code, procedure, or work example; then state valid evidence.","Apply C6.4 in a changed scenario without notes and distinguish the correct reasoning from one plausible shortcut.","Current reviewed question mapped to CAREER:C6.4; in-lesson knowledge check; Week 11 mastery/teach-back.","Correct retrieval, changed-context transfer, explanation of the tempting error, and later cumulative/retention evidence; safety-critical work also requires the stated perfect check.","LAB-011: Conversion work, Boolean expression, truth table, schematic, voltage/logic capture, debounce or floating-input observation, and conclusion. Physical proficiency is credited only on the physical route.","LAB-011"
"Career","C7.1","Explain the role of CPU, registers, memory, peripherals, clocking, interrupts, and buses in a microcontroller system.","C7","Embedded C & MCU Architecture","11","Real logic levels, pull resistors, debounce, and measurement","W11-CAREER-DEPTH · Competency clinic","Alfred-authored explanation with mechanism, distinction, example, misconception, and evidence rule","Underline the action verb; explain C7.1 in plain language; give a circuit, instrument, component, code, procedure, or work example; then state valid evidence.","Apply C7.1 in a changed scenario without notes and distinguish the correct reasoning from one plausible shortcut.","Current reviewed question mapped to CAREER:C7.1; in-lesson knowledge check; Week 11 mastery/teach-back.","Correct retrieval, changed-context transfer, explanation of the tempting error, and later cumulative/retention evidence; safety-critical work also requires the stated perfect check.","LAB-011: Conversion work, Boolean expression, truth table, schematic, voltage/logic capture, debounce or floating-input observation, and conclusion. Physical proficiency is credited only on the physical route.","LAB-011"
"CETa","1.6","List tools hazards which are associated with technician activities in the workplace and in the field","1","Safety Precautions","12","ESD control and solder/rework fundamentals","W12-CETA-DEPTH · Competency clinic","Alfred-authored explanation with mechanism, distinction, example, misconception, and evidence rule","Underline the action verb; explain 1.6 in plain language; give a circuit, instrument, component, code, procedure, or work example; then state valid evidence.","Apply 1.6 in a changed scenario without notes and distinguish the correct reasoning from one plausible shortcut.","Current reviewed question mapped to CETA:1.6; in-lesson knowledge check; Week 12 mastery/teach-back.","Correct retrieval, changed-context transfer, explanation of the tempting error, and later cumulative/retention evidence; safety-critical work also requires the stated perfect check.","LAB-012: Safety/ESD setup, defect inspection table, process record, before/after image or virtual analysis, electrical verification, and Git commit/reference. Physical proficiency is credited only on the physical route.","LAB-012"
"CETa","1.10","Explain personal protection needed by technicians:","1","Safety Precautions","12","ESD control and solder/rework fundamentals","W12-CETA-DEPTH · Competency clinic","Alfred-authored explanation with mechanism, distinction, example, misconception, and evidence rule","Underline the action verb; explain 1.10 in plain language; give a circuit, instrument, component, code, procedure, or work example; then state valid evidence.","Apply 1.10 in a changed scenario without notes and distinguish the correct reasoning from one plausible shortcut.","Current reviewed question mapped to CETA:1.10; in-lesson knowledge check; Week 12 mastery/teach-back.","Correct retrieval, changed-context transfer, explanation of the tempting error, and later cumulative/retention evidence; safety-critical work also requires the stated perfect check.","LAB-012: Safety/ESD setup, defect inspection table, process record, before/after image or virtual analysis, electrical verification, and Git commit/reference. Physical proficiency is credited only on the physical route.","LAB-012"
"CETa","5.1","Describe solder safety as it pertains to burns and potential fires or damage to facilities or customer products","5","Soldering - Desoldering Tools","12","ESD control and solder/rework fundamentals","W12-CETA-DEPTH · Competency clinic","Alfred-authored explanation with mechanism, distinction, example, misconception, and evidence rule","Underline the action verb; explain 5.1 in plain language; give a circuit, instrument, component, code, procedure, or work example; then state valid evidence.","Apply 5.1 in a changed scenario without notes and distinguish the correct reasoning from one plausible shortcut.","Current reviewed question mapped to CETA:5.1; in-lesson knowledge check; Week 12 mastery/teach-back.","Correct retrieval, changed-context transfer, explanation of the tempting error, and later cumulative/retention evidence; safety-critical work also requires the stated perfect check.","LAB-012: Safety/ESD setup, defect inspection table, process record, before/after image or virtual analysis, electrical verification, and Git commit/reference. Physical proficiency is credited only on the physical route.","LAB-012"
"CETa","5.2","Explain the cause of solder fumes and the effects of lead poisoning","5","Soldering - Desoldering Tools","12","ESD control and solder/rework fundamentals","W12-CETA-DEPTH · Competency clinic","Alfred-authored explanation with mechanism, distinction, example, misconception, and evidence rule","Underline the action verb; explain 5.2 in plain language; give a circuit, instrument, component, code, procedure, or work example; then state valid evidence.","Apply 5.2 in a changed scenario without notes and distinguish the correct reasoning from one plausible shortcut.","Current reviewed question mapped to CETA:5.2; in-lesson knowledge check; Week 12 mastery/teach-back.","Correct retrieval, changed-context transfer, explanation of the tempting error, and later cumulative/retention evidence; safety-critical work also requires the stated perfect check.","LAB-012: Safety/ESD setup, defect inspection table, process record, before/after image or virtual analysis, electrical verification, and Git commit/reference. Physical proficiency is credited only on the physical route.","LAB-012"
"CETa","5.3","List causes and precautions to prevent or reduce solder splatter","5","Soldering - Desoldering Tools","12","ESD control and solder/rework fundamentals","W12-CETA-DEPTH · Competency clinic","Alfred-authored explanation with mechanism, distinction, example, misconception, and evidence rule","Underline the action verb; explain 5.3 in plain language; give a circuit, instrument, component, code, procedure, or work example; then state valid evidence.","Apply 5.3 in a changed scenario without notes and distinguish the correct reasoning from one plausible shortcut.","Current reviewed question mapped to CETA:5.3; in-lesson knowledge check; Week 12 mastery/teach-back.","Correct retrieval, changed-context transfer, explanation of the tempting error, and later cumulative/retention evidence; safety-critical work also requires the stated perfect check.","LAB-012: Safety/ESD setup, defect inspection table, process record, before/after image or virtual analysis, electrical verification, and Git commit/reference. Physical proficiency is credited only on the physical route.","LAB-012"
"CETa","5.4","Explain the reasons for flux usage and describe types","5","Soldering - Desoldering Tools","12","ESD control and solder/rework fundamentals","W12-CETA-DEPTH · Competency clinic","Alfred-authored explanation with mechanism, distinction, example, misconception, and evidence rule","Underline the action verb; explain 5.4 in plain language; give a circuit, instrument, component, code, procedure, or work example; then state valid evidence.","Apply 5.4 in a changed scenario without notes and distinguish the correct reasoning from one plausible shortcut.","Current reviewed question mapped to CETA:5.4; in-lesson knowledge check; Week 12 mastery/teach-back.","Correct retrieval, changed-context transfer, explanation of the tempting error, and later cumulative/retention evidence; safety-critical work also requires the stated perfect check.","LAB-012: Safety/ESD setup, defect inspection table, process record, before/after image or virtual analysis, electrical verification, and Git commit/reference. Physical proficiency is credited only on the physical route.","LAB-012"
"CETa","5.5","List types of solder and reasons for choosing each","5","Soldering - Desoldering Tools","12","ESD control and solder/rework fundamentals","W12-CETA-DEPTH · Competency clinic","Alfred-authored explanation with mechanism, distinction, example, misconception, and evidence rule","Underline the action verb; explain 5.5 in plain language; give a circuit, instrument, component, code, procedure, or work example; then state valid evidence.","Apply 5.5 in a changed scenario without notes and distinguish the correct reasoning from one plausible shortcut.","Current reviewed question mapped to CETA:5.5; in-lesson knowledge check; Week 12 mastery/teach-back.","Correct retrieval, changed-context transfer, explanation of the tempting error, and later cumulative/retention evidence; safety-critical work also requires the stated perfect check.","LAB-012: Safety/ESD setup, defect inspection table, process record, before/after image or virtual analysis, electrical verification, and Git commit/reference. Physical proficiency is credited only on the physical route.","LAB-012"
"CETa","5.6","Explain heat shunts (clip-on heat sinks), why and how they are used","5","Soldering - Desoldering Tools","12","ESD control and solder/rework fundamentals","W12-CETA-DEPTH · Competency clinic","Alfred-authored explanation with mechanism, distinction, example, misconception, and evidence rule","Underline the action verb; explain 5.6 in plain language; give a circuit, instrument, component, code, procedure, or work example; then state valid evidence.","Apply 5.6 in a changed scenario without notes and distinguish the correct reasoning from one plausible shortcut.","Current reviewed question mapped to CETA:5.6; in-lesson knowledge check; Week 12 mastery/teach-back.","Correct retrieval, changed-context transfer, explanation of the tempting error, and later cumulative/retention evidence; safety-critical work also requires the stated perfect check.","LAB-012: Safety/ESD setup, defect inspection table, process record, before/after image or virtual analysis, electrical verification, and Git commit/reference. Physical proficiency is credited only on the physical route.","LAB-012"
"CETa","5.7","Identify cold solder joints and explain causes","5","Soldering - Desoldering Tools","12","ESD control and solder/rework fundamentals","W12-CETA-DEPTH · Competency clinic","Alfred-authored explanation with mechanism, distinction, example, misconception, and evidence rule","Underline the action verb; explain 5.7 in plain language; give a circuit, instrument, component, code, procedure, or work example; then state valid evidence.","Apply 5.7 in a changed scenario without notes and distinguish the correct reasoning from one plausible shortcut.","Current reviewed question mapped to CETA:5.7; in-lesson knowledge check; Week 12 mastery/teach-back.","Correct retrieval, changed-context transfer, explanation of the tempting error, and later cumulative/retention evidence; safety-critical work also requires the stated perfect check.","LAB-012: Safety/ESD setup, defect inspection table, process record, before/after image or virtual analysis, electrical verification, and Git commit/reference. Physical proficiency is credited only on the physical route.","LAB-012"
"CETa","5.8","Describe the differences between good and bad mechanical and electrical solder connections","5","Soldering - Desoldering Tools","12","ESD control and solder/rework fundamentals","W12-CETA-DEPTH · Competency clinic","Alfred-authored explanation with mechanism, distinction, example, misconception, and evidence rule","Underline the action verb; explain 5.8 in plain language; give a circuit, instrument, component, code, procedure, or work example; then state valid evidence.","Apply 5.8 in a changed scenario without notes and distinguish the correct reasoning from one plausible shortcut.","Current reviewed question mapped to CETA:5.8; in-lesson knowledge check; Week 12 mastery/teach-back.","Correct retrieval, changed-context transfer, explanation of the tempting error, and later cumulative/retention evidence; safety-critical work also requires the stated perfect check.","LAB-012: Safety/ESD setup, defect inspection table, process record, before/after image or virtual analysis, electrical verification, and Git commit/reference. Physical proficiency is credited only on the physical route.","LAB-012"
"CETa","5.8.1","Explain basic handling procedures of surface mount (SMT), ball grid array (BGA), gold finger contacts on a printed circuit board (PCB)","5","Soldering - Desoldering Tools","12","ESD control and solder/rework fundamentals","W12-CETA-DEPTH · Competency clinic","Alfred-authored explanation with mechanism, distinction, example, misconception, and evidence rule","Underline the action verb; explain 5.8.1 in plain language; give a circuit, instrument, component, code, procedure, or work example; then state valid evidence.","Apply 5.8.1 in a changed scenario without notes and distinguish the correct reasoning from one plausible shortcut.","Current reviewed question mapped to CETA:5.8.1; in-lesson knowledge check; Week 12 mastery/teach-back.","Correct retrieval, changed-context transfer, explanation of the tempting error, and later cumulative/retention evidence; safety-critical work also requires the stated perfect check.","LAB-012: Safety/ESD setup, defect inspection table, process record, before/after image or virtual analysis, electrical verification, and Git commit/reference. Physical proficiency is credited only on the physical route.","LAB-012"
"CETa","5.8.2","Explain basic procedures for pad repairs (SMT, BGA), plated through hole (PTH), and PCB trace repair","5","Soldering - Desoldering Tools","12","ESD control and solder/rework fundamentals","W12-CETA-DEPTH · Competency clinic","Alfred-authored explanation with mechanism, distinction, example, misconception, and evidence rule","Underline the action verb; explain 5.8.2 in plain language; give a circuit, instrument, component, code, procedure, or work example; then state valid evidence.","Apply 5.8.2 in a changed scenario without notes and distinguish the correct reasoning from one plausible shortcut.","Current reviewed question mapped to CETA:5.8.2; in-lesson knowledge check; Week 12 mastery/teach-back.","Correct retrieval, changed-context transfer, explanation of the tempting error, and later cumulative/retention evidence; safety-critical work also requires the stated perfect check.","LAB-012: Safety/ESD setup, defect inspection table, process record, before/after image or virtual analysis, electrical verification, and Git commit/reference. Physical proficiency is credited only on the physical route.","LAB-012"
"CETa","5.9","Describe proper care of solder and de-solder equipment and aids","5","Soldering - Desoldering Tools","12","ESD control and solder/rework fundamentals","W12-CETA-DEPTH · Competency clinic","Alfred-authored explanation with mechanism, distinction, example, misconception, and evidence rule","Underline the action verb; explain 5.9 in plain language; give a circuit, instrument, component, code, procedure, or work example; then state valid evidence.","Apply 5.9 in a changed scenario without notes and distinguish the correct reasoning from one plausible shortcut.","Current reviewed question mapped to CETA:5.9; in-lesson knowledge check; Week 12 mastery/teach-back.","Correct retrieval, changed-context transfer, explanation of the tempting error, and later cumulative/retention evidence; safety-critical work also requires the stated perfect check.","LAB-012: Safety/ESD setup, defect inspection table, process record, before/after image or virtual analysis, electrical verification, and Git commit/reference. Physical proficiency is credited only on the physical route.","LAB-012"
"CETa","5.10","Explain de-soldering principles","5","Soldering - Desoldering Tools","12","ESD control and solder/rework fundamentals","W12-CETA-DEPTH · Competency clinic","Alfred-authored explanation with mechanism, distinction, example, misconception, and evidence rule","Underline the action verb; explain 5.10 in plain language; give a circuit, instrument, component, code, procedure, or work example; then state valid evidence.","Apply 5.10 in a changed scenario without notes and distinguish the correct reasoning from one plausible shortcut.","Current reviewed question mapped to CETA:5.10; in-lesson knowledge check; Week 12 mastery/teach-back.","Correct retrieval, changed-context transfer, explanation of the tempting error, and later cumulative/retention evidence; safety-critical work also requires the stated perfect check.","LAB-012: Safety/ESD setup, defect inspection table, process record, before/after image or virtual analysis, electrical verification, and Git commit/reference. Physical proficiency is credited only on the physical route.","LAB-012"
"CETa","5.11","Describe various types of de-soldering equipment and how it is used","5","Soldering - Desoldering Tools","12","ESD control and solder/rework fundamentals","W12-CETA-DEPTH · Competency clinic","Alfred-authored explanation with mechanism, distinction, example, misconception, and evidence rule","Underline the action verb; explain 5.11 in plain language; give a circuit, instrument, component, code, procedure, or work example; then state valid evidence.","Apply 5.11 in a changed scenario without notes and distinguish the correct reasoning from one plausible shortcut.","Current reviewed question mapped to CETA:5.11; in-lesson knowledge check; Week 12 mastery/teach-back.","Correct retrieval, changed-context transfer, explanation of the tempting error, and later cumulative/retention evidence; safety-critical work also requires the stated perfect check.","LAB-012: Safety/ESD setup, defect inspection table, process record, before/after image or virtual analysis, electrical verification, and Git commit/reference. Physical proficiency is credited only on the physical route.","LAB-012"
"CETa","5.12","Demonstrate the use of solder-wick","5","Soldering - Desoldering Tools","12","ESD control and solder/rework fundamentals","W12-CETA-DEPTH · Competency clinic","Alfred-authored explanation with mechanism, distinction, example, misconception, and evidence rule","Underline the action verb; explain 5.12 in plain language; give a circuit, instrument, component, code, procedure, or work example; then state valid evidence.","Apply 5.12 in a changed scenario without notes and distinguish the correct reasoning from one plausible shortcut.","Current reviewed question mapped to CETA:5.12; in-lesson knowledge check; Week 12 mastery/teach-back.","Correct retrieval, changed-context transfer, explanation of the tempting error, and later cumulative/retention evidence; safety-critical work also requires the stated perfect check.","LAB-012: Safety/ESD setup, defect inspection table, process record, before/after image or virtual analysis, electrical verification, and Git commit/reference. Physical proficiency is credited only on the physical route.","LAB-012"
"Career","C1.5","Choose PPE, ventilation, and tool practices appropriate to soldering, rework, cutting, crimping, and bench assembly.","C1","Bench Safety & ESD","12","Make physical changes traceable with Git and lab records","W12-CAREER-DEPTH · Competency clinic","Alfred-authored explanation with mechanism, distinction, example, misconception, and evidence rule","Underline the action verb; explain C1.5 in plain language; give a circuit, instrument, component, code, procedure, or work example; then state valid evidence.","Apply C1.5 in a changed scenario without notes and distinguish the correct reasoning from one plausible shortcut.","Current reviewed question mapped to CAREER:C1.5; in-lesson knowledge check; Week 12 mastery/teach-back.","Correct retrieval, changed-context transfer, explanation of the tempting error, and later cumulative/retention evidence; safety-critical work also requires the stated perfect check.","LAB-012: Safety/ESD setup, defect inspection table, process record, before/after image or virtual analysis, electrical verification, and Git commit/reference. Physical proficiency is credited only on the physical route.","LAB-012"
"Career","C4.1","Identify acceptable and defective solder joints and explain likely causes of cold joints, bridges, insufficient wetting, and lifted pads.","C4","Assembly, Soldering, Rework & Harnesses","12","Make physical changes traceable with Git and lab records","W12-CAREER-DEPTH · Competency clinic","Alfred-authored explanation with mechanism, distinction, example, misconception, and evidence rule","Underline the action verb; explain C4.1 in plain language; give a circuit, instrument, component, code, procedure, or work example; then state valid evidence.","Apply C4.1 in a changed scenario without notes and distinguish the correct reasoning from one plausible shortcut.","Current reviewed question mapped to CAREER:C4.1; in-lesson knowledge check; Week 12 mastery/teach-back.","Correct retrieval, changed-context transfer, explanation of the tempting error, and later cumulative/retention evidence; safety-critical work also requires the stated perfect check.","LAB-012: Safety/ESD setup, defect inspection table, process record, before/after image or virtual analysis, electrical verification, and Git commit/reference. Physical proficiency is credited only on the physical route.","LAB-012"
"Career","C4.2","Plan a safe through-hole or basic SMT rework sequence that minimizes heat, mechanical stress, and ESD exposure.","C4","Assembly, Soldering, Rework & Harnesses","12","Make physical changes traceable with Git and lab records","W12-CAREER-DEPTH · Competency clinic","Alfred-authored explanation with mechanism, distinction, example, misconception, and evidence rule","Underline the action verb; explain C4.2 in plain language; give a circuit, instrument, component, code, procedure, or work example; then state valid evidence.","Apply C4.2 in a changed scenario without notes and distinguish the correct reasoning from one plausible shortcut.","Current reviewed question mapped to CAREER:C4.2; in-lesson knowledge check; Week 12 mastery/teach-back.","Correct retrieval, changed-context transfer, explanation of the tempting error, and later cumulative/retention evidence; safety-critical work also requires the stated perfect check.","LAB-012: Safety/ESD setup, defect inspection table, process record, before/after image or virtual analysis, electrical verification, and Git commit/reference. Physical proficiency is credited only on the physical route.","LAB-012"
"Career","C4.5","Document rework with before/after evidence, component orientation, and verification measurements.","C4","Assembly, Soldering, Rework & Harnesses","12","Make physical changes traceable with Git and lab records","W12-CAREER-DEPTH · Competency clinic","Alfred-authored explanation with mechanism, distinction, example, misconception, and evidence rule","Underline the action verb; explain C4.5 in plain language; give a circuit, instrument, component, code, procedure, or work example; then state valid evidence.","Apply C4.5 in a changed scenario without notes and distinguish the correct reasoning from one plausible shortcut.","Current reviewed question mapped to CAREER:C4.5; in-lesson knowledge check; Week 12 mastery/teach-back.","Correct retrieval, changed-context transfer, explanation of the tempting error, and later cumulative/retention evidence; safety-critical work also requires the stated perfect check.","LAB-012: Safety/ESD setup, defect inspection table, process record, before/after image or virtual analysis, electrical verification, and Git commit/reference. Physical proficiency is credited only on the physical route.","LAB-012"
"Career","C4.6","Explain when a damaged pad, trace, connector, or harness should be repaired, replaced, or escalated rather than improvised.","C4","Assembly, Soldering, Rework & Harnesses","12","Make physical changes traceable with Git and lab records","W12-CAREER-DEPTH · Competency clinic","Alfred-authored explanation with mechanism, distinction, example, misconception, and evidence rule","Underline the action verb; explain C4.6 in plain language; give a circuit, instrument, component, code, procedure, or work example; then state valid evidence.","Apply C4.6 in a changed scenario without notes and distinguish the correct reasoning from one plausible shortcut.","Current reviewed question mapped to CAREER:C4.6; in-lesson knowledge check; Week 12 mastery/teach-back.","Correct retrieval, changed-context transfer, explanation of the tempting error, and later cumulative/retention evidence; safety-critical work also requires the stated perfect check.","LAB-012: Safety/ESD setup, defect inspection table, process record, before/after image or virtual analysis, electrical verification, and Git commit/reference. Physical proficiency is credited only on the physical route.","LAB-012"
"Career","C12.1","Use Git commits and branches to preserve meaningful firmware/test-script history and make changes reviewable.","C12","Engineering Workflow & Documentation","12","Make physical changes traceable with Git and lab records","W12-CAREER-DEPTH · Competency clinic","Alfred-authored explanation with mechanism, distinction, example, misconception, and evidence rule","Underline the action verb; explain C12.1 in plain language; give a circuit, instrument, component, code, procedure, or work example; then state valid evidence.","Apply C12.1 in a changed scenario without notes and distinguish the correct reasoning from one plausible shortcut.","Current reviewed question mapped to CAREER:C12.1; in-lesson knowledge check; Week 12 mastery/teach-back.","Correct retrieval, changed-context transfer, explanation of the tempting error, and later cumulative/retention evidence; safety-critical work also requires the stated perfect check.","LAB-012: Safety/ESD setup, defect inspection table, process record, before/after image or virtual analysis, electrical verification, and Git commit/reference. Physical proficiency is credited only on the physical route.","LAB-012"
"Career","C12.6","Keep filenames, versions, units, screenshots, code, schematics, and evidence organized so a future reviewer can reconstruct the work.","C12","Engineering Workflow & Documentation","12","Make physical changes traceable with Git and lab records","W12-CAREER-DEPTH · Competency clinic","Alfred-authored explanation with mechanism, distinction, example, misconception, and evidence rule","Underline the action verb; explain C12.6 in plain language; give a circuit, instrument, component, code, procedure, or work example; then state valid evidence.","Apply C12.6 in a changed scenario without notes and distinguish the correct reasoning from one plausible shortcut.","Current reviewed question mapped to CAREER:C12.6; in-lesson knowledge check; Week 12 mastery/teach-back.","Correct retrieval, changed-context transfer, explanation of the tempting error, and later cumulative/retention evidence; safety-critical work also requires the stated perfect check.","LAB-012: Safety/ESD setup, defect inspection table, process record, before/after image or virtual analysis, electrical verification, and Git commit/reference. Physical proficiency is credited only on the physical route.","LAB-012"
"CETa","6.1","Describe common electrical/electronic symbols","6","Block Diagrams - Schematics - Wiring Diagrams","13","Read diagram types and turn symbols into behavior","W13-CETA-DEPTH · Competency clinic","Alfred-authored explanation with mechanism, distinction, example, misconception, and evidence rule","Underline the action verb; explain 6.1 in plain language; give a circuit, instrument, component, code, procedure, or work example; then state valid evidence.","Apply 6.1 in a changed scenario without notes and distinguish the correct reasoning from one plausible shortcut.","Current reviewed question mapped to CETA:6.1; in-lesson knowledge check; Week 13 mastery/teach-back.","Correct retrieval, changed-context transfer, explanation of the tempting error, and later cumulative/retention evidence; safety-critical work also requires the stated perfect check.","LAB-013: Annotated schematic/block diagram, datasheet condition table, symptom statement, hypothesis log, measurements, root cause, corrective action, and verification. Physical proficiency is credited only on the physical route.","LAB-013"
"CETa","6.2","Explain block diagrams use for troubleshooting and maintenance of electronics products","6","Block Diagrams - Schematics - Wiring Diagrams","13","Read diagram types and turn symbols into behavior","W13-CETA-DEPTH · Competency clinic","Alfred-authored explanation with mechanism, distinction, example, misconception, and evidence rule","Underline the action verb; explain 6.2 in plain language; give a circuit, instrument, component, code, procedure, or work example; then state valid evidence.","Apply 6.2 in a changed scenario without notes and distinguish the correct reasoning from one plausible shortcut.","Current reviewed question mapped to CETA:6.2; in-lesson knowledge check; Week 13 mastery/teach-back.","Correct retrieval, changed-context transfer, explanation of the tempting error, and later cumulative/retention evidence; safety-critical work also requires the stated perfect check.","LAB-013: Annotated schematic/block diagram, datasheet condition table, symptom statement, hypothesis log, measurements, root cause, corrective action, and verification. Physical proficiency is credited only on the physical route.","LAB-013"
"CETa","6.3","Explain the differences between wiring diagrams, schematics and block diagrams","6","Block Diagrams - Schematics - Wiring Diagrams","13","Read diagram types and turn symbols into behavior","W13-CETA-DEPTH · Competency clinic","Alfred-authored explanation with mechanism, distinction, example, misconception, and evidence rule","Underline the action verb; explain 6.3 in plain language; give a circuit, instrument, component, code, procedure, or work example; then state valid evidence.","Apply 6.3 in a changed scenario without notes and distinguish the correct reasoning from one plausible shortcut.","Current reviewed question mapped to CETA:6.3; in-lesson knowledge check; Week 13 mastery/teach-back.","Correct retrieval, changed-context transfer, explanation of the tempting error, and later cumulative/retention evidence; safety-critical work also requires the stated perfect check.","LAB-013: Annotated schematic/block diagram, datasheet condition table, symptom statement, hypothesis log, measurements, root cause, corrective action, and verification. Physical proficiency is credited only on the physical route.","LAB-013"
"CETa","6.4","Describe the purpose and use of test points and indicate their likely placement on schematics","6","Block Diagrams - Schematics - Wiring Diagrams","13","Read diagram types and turn symbols into behavior","W13-CETA-DEPTH · Competency clinic","Alfred-authored explanation with mechanism, distinction, example, misconception, and evidence rule","Underline the action verb; explain 6.4 in plain language; give a circuit, instrument, component, code, procedure, or work example; then state valid evidence.","Apply 6.4 in a changed scenario without notes and distinguish the correct reasoning from one plausible shortcut.","Current reviewed question mapped to CETA:6.4; in-lesson knowledge check; Week 13 mastery/teach-back.","Correct retrieval, changed-context transfer, explanation of the tempting error, and later cumulative/retention evidence; safety-critical work also requires the stated perfect check.","LAB-013: Annotated schematic/block diagram, datasheet condition table, symptom statement, hypothesis log, measurements, root cause, corrective action, and verification. Physical proficiency is credited only on the physical route.","LAB-013"
"CETa","6.5","Point out common drafting principles used for electronic and electrical drawings","6","Block Diagrams - Schematics - Wiring Diagrams","13","Read diagram types and turn symbols into behavior","W13-CETA-DEPTH · Competency clinic","Alfred-authored explanation with mechanism, distinction, example, misconception, and evidence rule","Underline the action verb; explain 6.5 in plain language; give a circuit, instrument, component, code, procedure, or work example; then state valid evidence.","Apply 6.5 in a changed scenario without notes and distinguish the correct reasoning from one plausible shortcut.","Current reviewed question mapped to CETA:6.5; in-lesson knowledge check; Week 13 mastery/teach-back.","Correct retrieval, changed-context transfer, explanation of the tempting error, and later cumulative/retention evidence; safety-critical work also requires the stated perfect check.","LAB-013: Annotated schematic/block diagram, datasheet condition table, symptom statement, hypothesis log, measurements, root cause, corrective action, and verification. Physical proficiency is credited only on the physical route.","LAB-013"
"CETa","6.6","Explain methods used for signal tracing","6","Block Diagrams - Schematics - Wiring Diagrams","13","Read diagram types and turn symbols into behavior","W13-CETA-DEPTH · Competency clinic","Alfred-authored explanation with mechanism, distinction, example, misconception, and evidence rule","Underline the action verb; explain 6.6 in plain language; give a circuit, instrument, component, code, procedure, or work example; then state valid evidence.","Apply 6.6 in a changed scenario without notes and distinguish the correct reasoning from one plausible shortcut.","Current reviewed question mapped to CETA:6.6; in-lesson knowledge check; Week 13 mastery/teach-back.","Correct retrieval, changed-context transfer, explanation of the tempting error, and later cumulative/retention evidence; safety-critical work also requires the stated perfect check.","LAB-013: Annotated schematic/block diagram, datasheet condition table, symptom statement, hypothesis log, measurements, root cause, corrective action, and verification. Physical proficiency is credited only on the physical route.","LAB-013"
"CETa","6.7","Describe basic building and house wiring concepts and explain why technicians need to be familiar with them","6","Block Diagrams - Schematics - Wiring Diagrams","13","Read diagram types and turn symbols into behavior","W13-CETA-DEPTH · Competency clinic","Alfred-authored explanation with mechanism, distinction, example, misconception, and evidence rule","Underline the action verb; explain 6.7 in plain language; give a circuit, instrument, component, code, procedure, or work example; then state valid evidence.","Apply 6.7 in a changed scenario without notes and distinguish the correct reasoning from one plausible shortcut.","Current reviewed question mapped to CETA:6.7; in-lesson knowledge check; Week 13 mastery/teach-back.","Correct retrieval, changed-context transfer, explanation of the tempting error, and later cumulative/retention evidence; safety-critical work also requires the stated perfect check.","LAB-013: Annotated schematic/block diagram, datasheet condition table, symptom statement, hypothesis log, measurements, root cause, corrective action, and verification. Physical proficiency is credited only on the physical route.","LAB-013"
"CETa","6.8","Explain use of schematics to locate component and wiring failures in electronics products","6","Block Diagrams - Schematics - Wiring Diagrams","13","Read diagram types and turn symbols into behavior","W13-CETA-DEPTH · Competency clinic","Alfred-authored explanation with mechanism, distinction, example, misconception, and evidence rule","Underline the action verb; explain 6.8 in plain language; give a circuit, instrument, component, code, procedure, or work example; then state valid evidence.","Apply 6.8 in a changed scenario without notes and distinguish the correct reasoning from one plausible shortcut.","Current reviewed question mapped to CETA:6.8; in-lesson knowledge check; Week 13 mastery/teach-back.","Correct retrieval, changed-context transfer, explanation of the tempting error, and later cumulative/retention evidence; safety-critical work also requires the stated perfect check.","LAB-013: Annotated schematic/block diagram, datasheet condition table, symptom statement, hypothesis log, measurements, root cause, corrective action, and verification. Physical proficiency is credited only on the physical route.","LAB-013"
"CETa","6.9","Explain the methods of using flow diagrams/charts","6","Block Diagrams - Schematics - Wiring Diagrams","13","Read diagram types and turn symbols into behavior","W13-CETA-DEPTH · Competency clinic","Alfred-authored explanation with mechanism, distinction, example, misconception, and evidence rule","Underline the action verb; explain 6.9 in plain language; give a circuit, instrument, component, code, procedure, or work example; then state valid evidence.","Apply 6.9 in a changed scenario without notes and distinguish the correct reasoning from one plausible shortcut.","Current reviewed question mapped to CETA:6.9; in-lesson knowledge check; Week 13 mastery/teach-back.","Correct retrieval, changed-context transfer, explanation of the tempting error, and later cumulative/retention evidence; safety-critical work also requires the stated perfect check.","LAB-013: Annotated schematic/block diagram, datasheet condition table, symptom statement, hypothesis log, measurements, root cause, corrective action, and verification. Physical proficiency is credited only on the physical route.","LAB-013"
"CETa","6.10","Describe basic wiring concepts for I.C. types and pinouts","6","Block Diagrams - Schematics - Wiring Diagrams","13","Read diagram types and turn symbols into behavior","W13-CETA-DEPTH · Competency clinic","Alfred-authored explanation with mechanism, distinction, example, misconception, and evidence rule","Underline the action verb; explain 6.10 in plain language; give a circuit, instrument, component, code, procedure, or work example; then state valid evidence.","Apply 6.10 in a changed scenario without notes and distinguish the correct reasoning from one plausible shortcut.","Current reviewed question mapped to CETA:6.10; in-lesson knowledge check; Week 13 mastery/teach-back.","Correct retrieval, changed-context transfer, explanation of the tempting error, and later cumulative/retention evidence; safety-critical work also requires the stated perfect check.","LAB-013: Annotated schematic/block diagram, datasheet condition table, symptom statement, hypothesis log, measurements, root cause, corrective action, and verification. Physical proficiency is credited only on the physical route.","LAB-013"
"Career","C2.1","Read a schematic by following power rails, grounds, signal flow, reference designators, and functional blocks.","C2","Schematics, Datasheets & Design Intent","13","Troubleshoot with competing hypotheses and high-information tests","W13-CAREER-DEPTH · Competency clinic","Alfred-authored explanation with mechanism, distinction, example, misconception, and evidence rule","Underline the action verb; explain C2.1 in plain language; give a circuit, instrument, component, code, procedure, or work example; then state valid evidence.","Apply C2.1 in a changed scenario without notes and distinguish the correct reasoning from one plausible shortcut.","Current reviewed question mapped to CAREER:C2.1; in-lesson knowledge check; Week 13 mastery/teach-back.","Correct retrieval, changed-context transfer, explanation of the tempting error, and later cumulative/retention evidence; safety-critical work also requires the stated perfect check.","LAB-013: Annotated schematic/block diagram, datasheet condition table, symptom statement, hypothesis log, measurements, root cause, corrective action, and verification. Physical proficiency is credited only on the physical route.","LAB-013"
"Career","C2.2","Use a component datasheet to identify pinout, absolute maximum ratings, recommended operating conditions, and key electrical characteristics.","C2","Schematics, Datasheets & Design Intent","13","Troubleshoot with competing hypotheses and high-information tests","W13-CAREER-DEPTH · Competency clinic","Alfred-authored explanation with mechanism, distinction, example, misconception, and evidence rule","Underline the action verb; explain C2.2 in plain language; give a circuit, instrument, component, code, procedure, or work example; then state valid evidence.","Apply C2.2 in a changed scenario without notes and distinguish the correct reasoning from one plausible shortcut.","Current reviewed question mapped to CAREER:C2.2; in-lesson knowledge check; Week 13 mastery/teach-back.","Correct retrieval, changed-context transfer, explanation of the tempting error, and later cumulative/retention evidence; safety-critical work also requires the stated perfect check.","LAB-013: Annotated schematic/block diagram, datasheet condition table, symptom statement, hypothesis log, measurements, root cause, corrective action, and verification. Physical proficiency is credited only on the physical route.","LAB-013"
"Career","C2.3","Distinguish a schematic, wiring diagram, block diagram, layout/PCB view, and timing diagram and choose the right artifact for a troubleshooting task.","C2","Schematics, Datasheets & Design Intent","13","Troubleshoot with competing hypotheses and high-information tests","W13-CAREER-DEPTH · Competency clinic","Alfred-authored explanation with mechanism, distinction, example, misconception, and evidence rule","Underline the action verb; explain C2.3 in plain language; give a circuit, instrument, component, code, procedure, or work example; then state valid evidence.","Apply C2.3 in a changed scenario without notes and distinguish the correct reasoning from one plausible shortcut.","Current reviewed question mapped to CAREER:C2.3; in-lesson knowledge check; Week 13 mastery/teach-back.","Correct retrieval, changed-context transfer, explanation of the tempting error, and later cumulative/retention evidence; safety-critical work also requires the stated perfect check.","LAB-013: Annotated schematic/block diagram, datasheet condition table, symptom statement, hypothesis log, measurements, root cause, corrective action, and verification. Physical proficiency is credited only on the physical route.","LAB-013"
"Career","C2.4","Trace a signal or power path from connector to load and identify useful test points before probing.","C2","Schematics, Datasheets & Design Intent","13","Troubleshoot with competing hypotheses and high-information tests","W13-CAREER-DEPTH · Competency clinic","Alfred-authored explanation with mechanism, distinction, example, misconception, and evidence rule","Underline the action verb; explain C2.4 in plain language; give a circuit, instrument, component, code, procedure, or work example; then state valid evidence.","Apply C2.4 in a changed scenario without notes and distinguish the correct reasoning from one plausible shortcut.","Current reviewed question mapped to CAREER:C2.4; in-lesson knowledge check; Week 13 mastery/teach-back.","Correct retrieval, changed-context transfer, explanation of the tempting error, and later cumulative/retention evidence; safety-critical work also requires the stated perfect check.","LAB-013: Annotated schematic/block diagram, datasheet condition table, symptom statement, hypothesis log, measurements, root cause, corrective action, and verification. Physical proficiency is credited only on the physical route.","LAB-013"
"Career","C2.6","Explain design intent from a schematic well enough to predict expected node voltages or signal behavior before measuring.","C2","Schematics, Datasheets & Design Intent","13","Troubleshoot with competing hypotheses and high-information tests","W13-CAREER-DEPTH · Competency clinic","Alfred-authored explanation with mechanism, distinction, example, misconception, and evidence rule","Underline the action verb; explain C2.6 in plain language; give a circuit, instrument, component, code, procedure, or work example; then state valid evidence.","Apply C2.6 in a changed scenario without notes and distinguish the correct reasoning from one plausible shortcut.","Current reviewed question mapped to CAREER:C2.6; in-lesson knowledge check; Week 13 mastery/teach-back.","Correct retrieval, changed-context transfer, explanation of the tempting error, and later cumulative/retention evidence; safety-critical work also requires the stated perfect check.","LAB-013: Annotated schematic/block diagram, datasheet condition table, symptom statement, hypothesis log, measurements, root cause, corrective action, and verification. Physical proficiency is credited only on the physical route.","LAB-013"
"Career","C5.1","Reproduce a fault reliably and define the observed symptom before attempting a fix.","C5","Troubleshooting & Root Cause","13","Troubleshoot with competing hypotheses and high-information tests","W13-CAREER-DEPTH · Competency clinic","Alfred-authored explanation with mechanism, distinction, example, misconception, and evidence rule","Underline the action verb; explain C5.1 in plain language; give a circuit, instrument, component, code, procedure, or work example; then state valid evidence.","Apply C5.1 in a changed scenario without notes and distinguish the correct reasoning from one plausible shortcut.","Current reviewed question mapped to CAREER:C5.1; in-lesson knowledge check; Week 13 mastery/teach-back.","Correct retrieval, changed-context transfer, explanation of the tempting error, and later cumulative/retention evidence; safety-critical work also requires the stated perfect check.","LAB-013: Annotated schematic/block diagram, datasheet condition table, symptom statement, hypothesis log, measurements, root cause, corrective action, and verification. Physical proficiency is credited only on the physical route.","LAB-013"
"Career","C5.2","Form a testable hypothesis from expected versus actual behavior and choose the next measurement that best separates competing causes.","C5","Troubleshooting & Root Cause","13","Troubleshoot with competing hypotheses and high-information tests","W13-CAREER-DEPTH · Competency clinic","Alfred-authored explanation with mechanism, distinction, example, misconception, and evidence rule","Underline the action verb; explain C5.2 in plain language; give a circuit, instrument, component, code, procedure, or work example; then state valid evidence.","Apply C5.2 in a changed scenario without notes and distinguish the correct reasoning from one plausible shortcut.","Current reviewed question mapped to CAREER:C5.2; in-lesson knowledge check; Week 13 mastery/teach-back.","Correct retrieval, changed-context transfer, explanation of the tempting error, and later cumulative/retention evidence; safety-critical work also requires the stated perfect check.","LAB-013: Annotated schematic/block diagram, datasheet condition table, symptom statement, hypothesis log, measurements, root cause, corrective action, and verification. Physical proficiency is credited only on the physical route.","LAB-013"
"Career","C5.3","Use divide-and-conquer, known-good substitution, signal tracing, or rail-by-rail checks appropriately without changing multiple variables at once.","C5","Troubleshooting & Root Cause","13","Troubleshoot with competing hypotheses and high-information tests","W13-CAREER-DEPTH · Competency clinic","Alfred-authored explanation with mechanism, distinction, example, misconception, and evidence rule","Underline the action verb; explain C5.3 in plain language; give a circuit, instrument, component, code, procedure, or work example; then state valid evidence.","Apply C5.3 in a changed scenario without notes and distinguish the correct reasoning from one plausible shortcut.","Current reviewed question mapped to CAREER:C5.3; in-lesson knowledge check; Week 13 mastery/teach-back.","Correct retrieval, changed-context transfer, explanation of the tempting error, and later cumulative/retention evidence; safety-critical work also requires the stated perfect check.","LAB-013: Annotated schematic/block diagram, datasheet condition table, symptom statement, hypothesis log, measurements, root cause, corrective action, and verification. Physical proficiency is credited only on the physical route.","LAB-013"
"Career","C5.4","Distinguish root cause from symptom and verify that a repair removes the cause without creating a new failure.","C5","Troubleshooting & Root Cause","13","Troubleshoot with competing hypotheses and high-information tests","W13-CAREER-DEPTH · Competency clinic","Alfred-authored explanation with mechanism, distinction, example, misconception, and evidence rule","Underline the action verb; explain C5.4 in plain language; give a circuit, instrument, component, code, procedure, or work example; then state valid evidence.","Apply C5.4 in a changed scenario without notes and distinguish the correct reasoning from one plausible shortcut.","Current reviewed question mapped to CAREER:C5.4; in-lesson knowledge check; Week 13 mastery/teach-back.","Correct retrieval, changed-context transfer, explanation of the tempting error, and later cumulative/retention evidence; safety-critical work also requires the stated perfect check.","LAB-013: Annotated schematic/block diagram, datasheet condition table, symptom statement, hypothesis log, measurements, root cause, corrective action, and verification. Physical proficiency is credited only on the physical route.","LAB-013"
"Career","C5.6","Write a concise failure report containing symptom, setup, evidence, root cause, corrective action, and verification.","C5","Troubleshooting & Root Cause","13","Troubleshoot with competing hypotheses and high-information tests","W13-CAREER-DEPTH · Competency clinic","Alfred-authored explanation with mechanism, distinction, example, misconception, and evidence rule","Underline the action verb; explain C5.6 in plain language; give a circuit, instrument, component, code, procedure, or work example; then state valid evidence.","Apply C5.6 in a changed scenario without notes and distinguish the correct reasoning from one plausible shortcut.","Current reviewed question mapped to CAREER:C5.6; in-lesson knowledge check; Week 13 mastery/teach-back.","Correct retrieval, changed-context transfer, explanation of the tempting error, and later cumulative/retention evidence; safety-critical work also requires the stated perfect check.","LAB-013: Annotated schematic/block diagram, datasheet condition table, symptom statement, hypothesis log, measurements, root cause, corrective action, and verification. Physical proficiency is credited only on the physical route.","LAB-013"
"CETa","15.1","Describe the major sections of a computer","15","Computer Electronics","14","Computer blocks, representation, memory, and the build path","W14-CETA-DEPTH · Competency clinic","Alfred-authored explanation with mechanism, distinction, example, misconception, and evidence rule","Underline the action verb; explain 15.1 in plain language; give a circuit, instrument, component, code, procedure, or work example; then state valid evidence.","Apply 15.1 in a changed scenario without notes and distinguish the correct reasoning from one plausible shortcut.","Current reviewed question mapped to CETA:15.1; in-lesson knowledge check; Week 14 mastery/teach-back.","Correct retrieval, changed-context transfer, explanation of the tempting error, and later cumulative/retention evidence; safety-critical work also requires the stated perfect check.","LAB-014: Architecture sketch, source, build command/output, tests, defect log, corrected result, and commit identifier. Physical proficiency is credited only on the physical route.","LAB-014"
"CETa","15.2","Differentiate how the computer block diagram and flow charts are utilized","15","Computer Electronics","14","Computer blocks, representation, memory, and the build path","W14-CETA-DEPTH · Competency clinic","Alfred-authored explanation with mechanism, distinction, example, misconception, and evidence rule","Underline the action verb; explain 15.2 in plain language; give a circuit, instrument, component, code, procedure, or work example; then state valid evidence.","Apply 15.2 in a changed scenario without notes and distinguish the correct reasoning from one plausible shortcut.","Current reviewed question mapped to CETA:15.2; in-lesson knowledge check; Week 14 mastery/teach-back.","Correct retrieval, changed-context transfer, explanation of the tempting error, and later cumulative/retention evidence; safety-critical work also requires the stated perfect check.","LAB-014: Architecture sketch, source, build command/output, tests, defect log, corrected result, and commit identifier. Physical proficiency is credited only on the physical route.","LAB-014"
"CETa","15.3","Describe the major blocks contained in a microprocessor chip and describe the purpose of each block","15","Computer Electronics","14","Computer blocks, representation, memory, and the build path","W14-CETA-DEPTH · Competency clinic","Alfred-authored explanation with mechanism, distinction, example, misconception, and evidence rule","Underline the action verb; explain 15.3 in plain language; give a circuit, instrument, component, code, procedure, or work example; then state valid evidence.","Apply 15.3 in a changed scenario without notes and distinguish the correct reasoning from one plausible shortcut.","Current reviewed question mapped to CETA:15.3; in-lesson knowledge check; Week 14 mastery/teach-back.","Correct retrieval, changed-context transfer, explanation of the tempting error, and later cumulative/retention evidence; safety-critical work also requires the stated perfect check.","LAB-014: Architecture sketch, source, build command/output, tests, defect log, corrected result, and commit identifier. Physical proficiency is credited only on the physical route.","LAB-014"
"CETa","15.4","Describe different types of computer memory and how storage is accomplished","15","Computer Electronics","14","Computer blocks, representation, memory, and the build path","W14-CETA-DEPTH · Competency clinic","Alfred-authored explanation with mechanism, distinction, example, misconception, and evidence rule","Underline the action verb; explain 15.4 in plain language; give a circuit, instrument, component, code, procedure, or work example; then state valid evidence.","Apply 15.4 in a changed scenario without notes and distinguish the correct reasoning from one plausible shortcut.","Current reviewed question mapped to CETA:15.4; in-lesson knowledge check; Week 14 mastery/teach-back.","Correct retrieval, changed-context transfer, explanation of the tempting error, and later cumulative/retention evidence; safety-critical work also requires the stated perfect check.","LAB-014: Architecture sketch, source, build command/output, tests, defect log, corrected result, and commit identifier. Physical proficiency is credited only on the physical route.","LAB-014"
"CETa","15.5","Explain programmable logic controls (PLCs) and list usages","15","Computer Electronics","14","Computer blocks, representation, memory, and the build path","W14-CETA-DEPTH · Competency clinic","Alfred-authored explanation with mechanism, distinction, example, misconception, and evidence rule","Underline the action verb; explain 15.5 in plain language; give a circuit, instrument, component, code, procedure, or work example; then state valid evidence.","Apply 15.5 in a changed scenario without notes and distinguish the correct reasoning from one plausible shortcut.","Current reviewed question mapped to CETA:15.5; in-lesson knowledge check; Week 14 mastery/teach-back.","Correct retrieval, changed-context transfer, explanation of the tempting error, and later cumulative/retention evidence; safety-critical work also requires the stated perfect check.","LAB-014: Architecture sketch, source, build command/output, tests, defect log, corrected result, and commit identifier. Physical proficiency is credited only on the physical route.","LAB-014"
"CETa","15.6","Describe basic programming concepts","15","Computer Electronics","14","Computer blocks, representation, memory, and the build path","W14-CETA-DEPTH · Competency clinic","Alfred-authored explanation with mechanism, distinction, example, misconception, and evidence rule","Underline the action verb; explain 15.6 in plain language; give a circuit, instrument, component, code, procedure, or work example; then state valid evidence.","Apply 15.6 in a changed scenario without notes and distinguish the correct reasoning from one plausible shortcut.","Current reviewed question mapped to CETA:15.6; in-lesson knowledge check; Week 14 mastery/teach-back.","Correct retrieval, changed-context transfer, explanation of the tempting error, and later cumulative/retention evidence; safety-critical work also requires the stated perfect check.","LAB-014: Architecture sketch, source, build command/output, tests, defect log, corrected result, and commit identifier. Physical proficiency is credited only on the physical route.","LAB-014"
"CETa","15.9","Explain the reasons for using interface devices/chips/cards and name common types","15","Computer Electronics","14","Computer blocks, representation, memory, and the build path","W14-CETA-DEPTH · Competency clinic","Alfred-authored explanation with mechanism, distinction, example, misconception, and evidence rule","Underline the action verb; explain 15.9 in plain language; give a circuit, instrument, component, code, procedure, or work example; then state valid evidence.","Apply 15.9 in a changed scenario without notes and distinguish the correct reasoning from one plausible shortcut.","Current reviewed question mapped to CETA:15.9; in-lesson knowledge check; Week 14 mastery/teach-back.","Correct retrieval, changed-context transfer, explanation of the tempting error, and later cumulative/retention evidence; safety-critical work also requires the stated perfect check.","LAB-014: Architecture sketch, source, build command/output, tests, defect log, corrected result, and commit identifier. Physical proficiency is credited only on the physical route.","LAB-014"
"Career","C6.1","Write and explain C expressions using integer types, operators, precedence, conditionals, and loops.","C6","C Programming Fundamentals","14","Write and debug small C programs methodically","W14-CAREER-DEPTH · Competency clinic","Alfred-authored explanation with mechanism, distinction, example, misconception, and evidence rule","Underline the action verb; explain C6.1 in plain language; give a circuit, instrument, component, code, procedure, or work example; then state valid evidence.","Apply C6.1 in a changed scenario without notes and distinguish the correct reasoning from one plausible shortcut.","Current reviewed question mapped to CAREER:C6.1; in-lesson knowledge check; Week 14 mastery/teach-back.","Correct retrieval, changed-context transfer, explanation of the tempting error, and later cumulative/retention evidence; safety-critical work also requires the stated perfect check.","LAB-014: Architecture sketch, source, build command/output, tests, defect log, corrected result, and commit identifier. Physical proficiency is credited only on the physical route.","LAB-014"
"Career","C6.2","Use functions, prototypes, parameters, return values, and scope to organize code into testable units.","C6","C Programming Fundamentals","14","Write and debug small C programs methodically","W14-CAREER-DEPTH · Competency clinic","Alfred-authored explanation with mechanism, distinction, example, misconception, and evidence rule","Underline the action verb; explain C6.2 in plain language; give a circuit, instrument, component, code, procedure, or work example; then state valid evidence.","Apply C6.2 in a changed scenario without notes and distinguish the correct reasoning from one plausible shortcut.","Current reviewed question mapped to CAREER:C6.2; in-lesson knowledge check; Week 14 mastery/teach-back.","Correct retrieval, changed-context transfer, explanation of the tempting error, and later cumulative/retention evidence; safety-critical work also requires the stated perfect check.","LAB-014: Architecture sketch, source, build command/output, tests, defect log, corrected result, and commit identifier. Physical proficiency is credited only on the physical route.","LAB-014"
"Career","C6.3","Use arrays, strings, structs, enums, and pointers without confusing values, addresses, and object lifetimes.","C6","C Programming Fundamentals","14","Write and debug small C programs methodically","W14-CAREER-DEPTH · Competency clinic","Alfred-authored explanation with mechanism, distinction, example, misconception, and evidence rule","Underline the action verb; explain C6.3 in plain language; give a circuit, instrument, component, code, procedure, or work example; then state valid evidence.","Apply C6.3 in a changed scenario without notes and distinguish the correct reasoning from one plausible shortcut.","Current reviewed question mapped to CAREER:C6.3; in-lesson knowledge check; Week 14 mastery/teach-back.","Correct retrieval, changed-context transfer, explanation of the tempting error, and later cumulative/retention evidence; safety-critical work also requires the stated perfect check.","LAB-014: Architecture sketch, source, build command/output, tests, defect log, corrected result, and commit identifier. Physical proficiency is credited only on the physical route.","LAB-014"
"Career","C6.5","Identify common C defects such as off-by-one errors, uninitialized variables, invalid pointer use, integer overflow, and missing bounds checks.","C6","C Programming Fundamentals","14","Write and debug small C programs methodically","W14-CAREER-DEPTH · Competency clinic","Alfred-authored explanation with mechanism, distinction, example, misconception, and evidence rule","Underline the action verb; explain C6.5 in plain language; give a circuit, instrument, component, code, procedure, or work example; then state valid evidence.","Apply C6.5 in a changed scenario without notes and distinguish the correct reasoning from one plausible shortcut.","Current reviewed question mapped to CAREER:C6.5; in-lesson knowledge check; Week 14 mastery/teach-back.","Correct retrieval, changed-context transfer, explanation of the tempting error, and later cumulative/retention evidence; safety-critical work also requires the stated perfect check.","LAB-014: Architecture sketch, source, build command/output, tests, defect log, corrected result, and commit identifier. Physical proficiency is credited only on the physical route.","LAB-014"
"Career","C6.6","Compile with warnings enabled, read diagnostics, and debug a small program methodically rather than changing code at random.","C6","C Programming Fundamentals","14","Write and debug small C programs methodically","W14-CAREER-DEPTH · Competency clinic","Alfred-authored explanation with mechanism, distinction, example, misconception, and evidence rule","Underline the action verb; explain C6.6 in plain language; give a circuit, instrument, component, code, procedure, or work example; then state valid evidence.","Apply C6.6 in a changed scenario without notes and distinguish the correct reasoning from one plausible shortcut.","Current reviewed question mapped to CAREER:C6.6; in-lesson knowledge check; Week 14 mastery/teach-back.","Correct retrieval, changed-context transfer, explanation of the tempting error, and later cumulative/retention evidence; safety-critical work also requires the stated perfect check.","LAB-014: Architecture sketch, source, build command/output, tests, defect log, corrected result, and commit identifier. Physical proficiency is credited only on the physical route.","LAB-014"
"Career","C12.2","Use basic command-line tools and a repeatable project structure to build, run, inspect, and archive engineering work.","C12","Engineering Workflow & Documentation","14","Write and debug small C programs methodically","W14-CAREER-DEPTH · Competency clinic","Alfred-authored explanation with mechanism, distinction, example, misconception, and evidence rule","Underline the action verb; explain C12.2 in plain language; give a circuit, instrument, component, code, procedure, or work example; then state valid evidence.","Apply C12.2 in a changed scenario without notes and distinguish the correct reasoning from one plausible shortcut.","Current reviewed question mapped to CAREER:C12.2; in-lesson knowledge check; Week 14 mastery/teach-back.","Correct retrieval, changed-context transfer, explanation of the tempting error, and later cumulative/retention evidence; safety-critical work also requires the stated perfect check.","LAB-014: Architecture sketch, source, build command/output, tests, defect log, corrected result, and commit identifier. Physical proficiency is credited only on the physical route.","LAB-014"
"CETa","15.7","Describe the reasons for different computer languages and their relationships","15","Computer Electronics","15","Bit fields, ports, processors, and stored state","W15-CETA-DEPTH · Competency clinic","Alfred-authored explanation with mechanism, distinction, example, misconception, and evidence rule","Underline the action verb; explain 15.7 in plain language; give a circuit, instrument, component, code, procedure, or work example; then state valid evidence.","Apply 15.7 in a changed scenario without notes and distinguish the correct reasoning from one plausible shortcut.","Current reviewed question mapped to CETA:15.7; in-lesson knowledge check; Week 15 mastery/teach-back.","Correct retrieval, changed-context transfer, explanation of the tempting error, and later cumulative/retention evidence; safety-critical work also requires the stated perfect check.","LAB-015: Requirements, state diagram/table, source, timing tests, bit-operation checks, injected fault, and commit. Physical proficiency is credited only on the physical route.","LAB-015"
"Career","C7.2","Use volatile and fixed-width integer types appropriately when code interacts with hardware registers or asynchronous events.","C7","Embedded C & MCU Architecture","15","Responsive embedded architecture, volatile, and timing choices","W15-CAREER-DEPTH · Competency clinic","Alfred-authored explanation with mechanism, distinction, example, misconception, and evidence rule","Underline the action verb; explain C7.2 in plain language; give a circuit, instrument, component, code, procedure, or work example; then state valid evidence.","Apply C7.2 in a changed scenario without notes and distinguish the correct reasoning from one plausible shortcut.","Current reviewed question mapped to CAREER:C7.2; in-lesson knowledge check; Week 15 mastery/teach-back.","Correct retrieval, changed-context transfer, explanation of the tempting error, and later cumulative/retention evidence; safety-critical work also requires the stated perfect check.","LAB-015: Requirements, state diagram/table, source, timing tests, bit-operation checks, injected fault, and commit. Physical proficiency is credited only on the physical route.","LAB-015"
"Career","C7.3","Apply read-modify-write and bit-mask operations to peripheral control registers while preserving unrelated bits.","C7","Embedded C & MCU Architecture","15","Responsive embedded architecture, volatile, and timing choices","W15-CAREER-DEPTH · Competency clinic","Alfred-authored explanation with mechanism, distinction, example, misconception, and evidence rule","Underline the action verb; explain C7.3 in plain language; give a circuit, instrument, component, code, procedure, or work example; then state valid evidence.","Apply C7.3 in a changed scenario without notes and distinguish the correct reasoning from one plausible shortcut.","Current reviewed question mapped to CAREER:C7.3; in-lesson knowledge check; Week 15 mastery/teach-back.","Correct retrieval, changed-context transfer, explanation of the tempting error, and later cumulative/retention evidence; safety-critical work also requires the stated perfect check.","LAB-015: Requirements, state diagram/table, source, timing tests, bit-operation checks, injected fault, and commit. Physical proficiency is credited only on the physical route.","LAB-015"
"Career","C7.4","Design a nonblocking state machine for a simple embedded behavior instead of relying on long blocking delays.","C7","Embedded C & MCU Architecture","15","Responsive embedded architecture, volatile, and timing choices","W15-CAREER-DEPTH · Competency clinic","Alfred-authored explanation with mechanism, distinction, example, misconception, and evidence rule","Underline the action verb; explain C7.4 in plain language; give a circuit, instrument, component, code, procedure, or work example; then state valid evidence.","Apply C7.4 in a changed scenario without notes and distinguish the correct reasoning from one plausible shortcut.","Current reviewed question mapped to CAREER:C7.4; in-lesson knowledge check; Week 15 mastery/teach-back.","Correct retrieval, changed-context transfer, explanation of the tempting error, and later cumulative/retention evidence; safety-critical work also requires the stated perfect check.","LAB-015: Requirements, state diagram/table, source, timing tests, bit-operation checks, injected fault, and commit. Physical proficiency is credited only on the physical route.","LAB-015"
"Career","C7.5","Explain polling versus interrupts and select the simpler correct approach for a given timing requirement.","C7","Embedded C & MCU Architecture","15","Responsive embedded architecture, volatile, and timing choices","W15-CAREER-DEPTH · Competency clinic","Alfred-authored explanation with mechanism, distinction, example, misconception, and evidence rule","Underline the action verb; explain C7.5 in plain language; give a circuit, instrument, component, code, procedure, or work example; then state valid evidence.","Apply C7.5 in a changed scenario without notes and distinguish the correct reasoning from one plausible shortcut.","Current reviewed question mapped to CAREER:C7.5; in-lesson knowledge check; Week 15 mastery/teach-back.","Correct retrieval, changed-context transfer, explanation of the tempting error, and later cumulative/retention evidence; safety-critical work also requires the stated perfect check.","LAB-015: Requirements, state diagram/table, source, timing tests, bit-operation checks, injected fault, and commit. Physical proficiency is credited only on the physical route.","LAB-015"
"Career","C7.6","Separate hardware abstraction, application logic, and diagnostic output so firmware is easier to test and troubleshoot.","C7","Embedded C & MCU Architecture","15","Responsive embedded architecture, volatile, and timing choices","W15-CAREER-DEPTH · Competency clinic","Alfred-authored explanation with mechanism, distinction, example, misconception, and evidence rule","Underline the action verb; explain C7.6 in plain language; give a circuit, instrument, component, code, procedure, or work example; then state valid evidence.","Apply C7.6 in a changed scenario without notes and distinguish the correct reasoning from one plausible shortcut.","Current reviewed question mapped to CAREER:C7.6; in-lesson knowledge check; Week 15 mastery/teach-back.","Correct retrieval, changed-context transfer, explanation of the tempting error, and later cumulative/retention evidence; safety-critical work also requires the stated perfect check.","LAB-015: Requirements, state diagram/table, source, timing tests, bit-operation checks, injected fault, and commit. Physical proficiency is credited only on the physical route.","LAB-015"
"CETa","15.8","Define a ‘peripheral’ and list various types","15","Computer Electronics","16","MCU architecture, memory map, GPIO, and debug concepts","W16-CETA-DEPTH · Competency clinic","Alfred-authored explanation with mechanism, distinction, example, misconception, and evidence rule","Underline the action verb; explain 15.8 in plain language; give a circuit, instrument, component, code, procedure, or work example; then state valid evidence.","Apply 15.8 in a changed scenario without notes and distinguish the correct reasoning from one plausible shortcut.","Current reviewed question mapped to CETA:15.8; in-lesson knowledge check; Week 16 mastery/teach-back.","Correct retrieval, changed-context transfer, explanation of the tempting error, and later cumulative/retention evidence; safety-critical work also requires the stated perfect check.","LAB-016: Configuration screenshots/files, version/tool record, power/current check, SWD evidence, pin measurement, known-good commit, fault/fix log. Physical proficiency is credited only on the physical route.","LAB-016"
"Career","C8.1","Create an STM32 project with correct MCU/board selection, clock configuration, pin mapping, and generated initialization code.","C8","STM32 Bring-Up & Debugging","16","Create, flash, verify, and document a minimum STM32 bring-up","W16-CAREER-DEPTH · Competency clinic","Alfred-authored explanation with mechanism, distinction, example, misconception, and evidence rule","Underline the action verb; explain C8.1 in plain language; give a circuit, instrument, component, code, procedure, or work example; then state valid evidence.","Apply C8.1 in a changed scenario without notes and distinguish the correct reasoning from one plausible shortcut.","Current reviewed question mapped to CAREER:C8.1; in-lesson knowledge check; Week 16 mastery/teach-back.","Correct retrieval, changed-context transfer, explanation of the tempting error, and later cumulative/retention evidence; safety-critical work also requires the stated perfect check.","LAB-016: Configuration screenshots/files, version/tool record, power/current check, SWD evidence, pin measurement, known-good commit, fault/fix log. Physical proficiency is credited only on the physical route.","LAB-016"
"Career","C8.2","Bring up a GPIO input/output and verify both firmware state and physical pin behavior.","C8","STM32 Bring-Up & Debugging","16","Create, flash, verify, and document a minimum STM32 bring-up","W16-CAREER-DEPTH · Competency clinic","Alfred-authored explanation with mechanism, distinction, example, misconception, and evidence rule","Underline the action verb; explain C8.2 in plain language; give a circuit, instrument, component, code, procedure, or work example; then state valid evidence.","Apply C8.2 in a changed scenario without notes and distinguish the correct reasoning from one plausible shortcut.","Current reviewed question mapped to CAREER:C8.2; in-lesson knowledge check; Week 16 mastery/teach-back.","Correct retrieval, changed-context transfer, explanation of the tempting error, and later cumulative/retention evidence; safety-critical work also requires the stated perfect check.","LAB-016: Configuration screenshots/files, version/tool record, power/current check, SWD evidence, pin measurement, known-good commit, fault/fix log. Physical proficiency is credited only on the physical route.","LAB-016"
"Career","C8.3","Use SWD debugging to halt, step, inspect variables/registers, set breakpoints, and distinguish code-flow problems from hardware problems.","C8","STM32 Bring-Up & Debugging","16","Create, flash, verify, and document a minimum STM32 bring-up","W16-CAREER-DEPTH · Competency clinic","Alfred-authored explanation with mechanism, distinction, example, misconception, and evidence rule","Underline the action verb; explain C8.3 in plain language; give a circuit, instrument, component, code, procedure, or work example; then state valid evidence.","Apply C8.3 in a changed scenario without notes and distinguish the correct reasoning from one plausible shortcut.","Current reviewed question mapped to CAREER:C8.3; in-lesson knowledge check; Week 16 mastery/teach-back.","Correct retrieval, changed-context transfer, explanation of the tempting error, and later cumulative/retention evidence; safety-critical work also requires the stated perfect check.","LAB-016: Configuration screenshots/files, version/tool record, power/current check, SWD evidence, pin measurement, known-good commit, fault/fix log. Physical proficiency is credited only on the physical route.","LAB-016"
"Career","C8.5","Use current draw, reset behavior, clock configuration, boot configuration, and debug connectivity as early board bring-up checks.","C8","STM32 Bring-Up & Debugging","16","Create, flash, verify, and document a minimum STM32 bring-up","W16-CAREER-DEPTH · Competency clinic","Alfred-authored explanation with mechanism, distinction, example, misconception, and evidence rule","Underline the action verb; explain C8.5 in plain language; give a circuit, instrument, component, code, procedure, or work example; then state valid evidence.","Apply C8.5 in a changed scenario without notes and distinguish the correct reasoning from one plausible shortcut.","Current reviewed question mapped to CAREER:C8.5; in-lesson knowledge check; Week 16 mastery/teach-back.","Correct retrieval, changed-context transfer, explanation of the tempting error, and later cumulative/retention evidence; safety-critical work also requires the stated perfect check.","LAB-016: Configuration screenshots/files, version/tool record, power/current check, SWD evidence, pin measurement, known-good commit, fault/fix log. Physical proficiency is credited only on the physical route.","LAB-016"
"Career","C8.6","Capture a reproducible STM32 fault with firmware revision, configuration, measurements, and a verified fix.","C8","STM32 Bring-Up & Debugging","16","Create, flash, verify, and document a minimum STM32 bring-up","W16-CAREER-DEPTH · Competency clinic","Alfred-authored explanation with mechanism, distinction, example, misconception, and evidence rule","Underline the action verb; explain C8.6 in plain language; give a circuit, instrument, component, code, procedure, or work example; then state valid evidence.","Apply C8.6 in a changed scenario without notes and distinguish the correct reasoning from one plausible shortcut.","Current reviewed question mapped to CAREER:C8.6; in-lesson knowledge check; Week 16 mastery/teach-back.","Correct retrieval, changed-context transfer, explanation of the tempting error, and later cumulative/retention evidence; safety-critical work also requires the stated perfect check.","LAB-016: Configuration screenshots/files, version/tool record, power/current check, SWD evidence, pin measurement, known-good commit, fault/fix log. Physical proficiency is credited only on the physical route.","LAB-016"
"CETa","16.1","Explain knowledge of basic computer operation","16","Computer Applications and Software","17","UART frames, parameters, levels, and error causes","W17-CETA-DEPTH · Competency clinic","Alfred-authored explanation with mechanism, distinction, example, misconception, and evidence rule","Underline the action verb; explain 16.1 in plain language; give a circuit, instrument, component, code, procedure, or work example; then state valid evidence.","Apply 16.1 in a changed scenario without notes and distinguish the correct reasoning from one plausible shortcut.","Current reviewed question mapped to CETA:16.1; in-lesson knowledge check; Week 17 mastery/teach-back.","Correct retrieval, changed-context transfer, explanation of the tempting error, and later cumulative/retention evidence; safety-critical work also requires the stated perfect check.","LAB-017: Interface table, waveform/decode capture, firmware/host code, transcript, structured log, error-case results, and commit. Physical proficiency is credited only on the physical route.","LAB-017"
"CETa","16.2","Explain steps in installation/set up of a computer","16","Computer Applications and Software","17","UART frames, parameters, levels, and error causes","W17-CETA-DEPTH · Competency clinic","Alfred-authored explanation with mechanism, distinction, example, misconception, and evidence rule","Underline the action verb; explain 16.2 in plain language; give a circuit, instrument, component, code, procedure, or work example; then state valid evidence.","Apply 16.2 in a changed scenario without notes and distinguish the correct reasoning from one plausible shortcut.","Current reviewed question mapped to CETA:16.2; in-lesson knowledge check; Week 17 mastery/teach-back.","Correct retrieval, changed-context transfer, explanation of the tempting error, and later cumulative/retention evidence; safety-critical work also requires the stated perfect check.","LAB-017: Interface table, waveform/decode capture, firmware/host code, transcript, structured log, error-case results, and commit. Physical proficiency is credited only on the physical route.","LAB-017"
"CETa","16.3","Explain the reasons and choices used in configuring a computer","16","Computer Applications and Software","17","UART frames, parameters, levels, and error causes","W17-CETA-DEPTH · Competency clinic","Alfred-authored explanation with mechanism, distinction, example, misconception, and evidence rule","Underline the action verb; explain 16.3 in plain language; give a circuit, instrument, component, code, procedure, or work example; then state valid evidence.","Apply 16.3 in a changed scenario without notes and distinguish the correct reasoning from one plausible shortcut.","Current reviewed question mapped to CETA:16.3; in-lesson knowledge check; Week 17 mastery/teach-back.","Correct retrieval, changed-context transfer, explanation of the tempting error, and later cumulative/retention evidence; safety-critical work also requires the stated perfect check.","LAB-017: Interface table, waveform/decode capture, firmware/host code, transcript, structured log, error-case results, and commit. Physical proficiency is credited only on the physical route.","LAB-017"
"CETa","16.4","Describe proper loading and storage of common programs and applications","16","Computer Applications and Software","17","UART frames, parameters, levels, and error causes","W17-CETA-DEPTH · Competency clinic","Alfred-authored explanation with mechanism, distinction, example, misconception, and evidence rule","Underline the action verb; explain 16.4 in plain language; give a circuit, instrument, component, code, procedure, or work example; then state valid evidence.","Apply 16.4 in a changed scenario without notes and distinguish the correct reasoning from one plausible shortcut.","Current reviewed question mapped to CETA:16.4; in-lesson knowledge check; Week 17 mastery/teach-back.","Correct retrieval, changed-context transfer, explanation of the tempting error, and later cumulative/retention evidence; safety-critical work also requires the stated perfect check.","LAB-017: Interface table, waveform/decode capture, firmware/host code, transcript, structured log, error-case results, and commit. Physical proficiency is credited only on the physical route.","LAB-017"
"CETa","16.5","Explain basic common utilities software and list reasons for their use","16","Computer Applications and Software","17","UART frames, parameters, levels, and error causes","W17-CETA-DEPTH · Competency clinic","Alfred-authored explanation with mechanism, distinction, example, misconception, and evidence rule","Underline the action verb; explain 16.5 in plain language; give a circuit, instrument, component, code, procedure, or work example; then state valid evidence.","Apply 16.5 in a changed scenario without notes and distinguish the correct reasoning from one plausible shortcut.","Current reviewed question mapped to CETA:16.5; in-lesson knowledge check; Week 17 mastery/teach-back.","Correct retrieval, changed-context transfer, explanation of the tempting error, and later cumulative/retention evidence; safety-critical work also requires the stated perfect check.","LAB-017: Interface table, waveform/decode capture, firmware/host code, transcript, structured log, error-case results, and commit. Physical proficiency is credited only on the physical route.","LAB-017"
"CETa","16.6","List ways to backup data and the vital importance of doing so","16","Computer Applications and Software","17","UART frames, parameters, levels, and error causes","W17-CETA-DEPTH · Competency clinic","Alfred-authored explanation with mechanism, distinction, example, misconception, and evidence rule","Underline the action verb; explain 16.6 in plain language; give a circuit, instrument, component, code, procedure, or work example; then state valid evidence.","Apply 16.6 in a changed scenario without notes and distinguish the correct reasoning from one plausible shortcut.","Current reviewed question mapped to CETA:16.6; in-lesson knowledge check; Week 17 mastery/teach-back.","Correct retrieval, changed-context transfer, explanation of the tempting error, and later cumulative/retention evidence; safety-critical work also requires the stated perfect check.","LAB-017: Interface table, waveform/decode capture, firmware/host code, transcript, structured log, error-case results, and commit. Physical proficiency is credited only on the physical route.","LAB-017"
"CETa","16.7","Explain the causes of line surges and viruses and protection procedures against each","16","Computer Applications and Software","17","UART frames, parameters, levels, and error causes","W17-CETA-DEPTH · Competency clinic","Alfred-authored explanation with mechanism, distinction, example, misconception, and evidence rule","Underline the action verb; explain 16.7 in plain language; give a circuit, instrument, component, code, procedure, or work example; then state valid evidence.","Apply 16.7 in a changed scenario without notes and distinguish the correct reasoning from one plausible shortcut.","Current reviewed question mapped to CETA:16.7; in-lesson knowledge check; Week 17 mastery/teach-back.","Correct retrieval, changed-context transfer, explanation of the tempting error, and later cumulative/retention evidence; safety-critical work also requires the stated perfect check.","LAB-017: Interface table, waveform/decode capture, firmware/host code, transcript, structured log, error-case results, and commit. Physical proficiency is credited only on the physical route.","LAB-017"
"CETa","16.8","Explain how to access the Internet, cybersecurity best practices and common applications","16","Computer Applications and Software","17","UART frames, parameters, levels, and error causes","W17-CETA-DEPTH · Competency clinic","Alfred-authored explanation with mechanism, distinction, example, misconception, and evidence rule","Underline the action verb; explain 16.8 in plain language; give a circuit, instrument, component, code, procedure, or work example; then state valid evidence.","Apply 16.8 in a changed scenario without notes and distinguish the correct reasoning from one plausible shortcut.","Current reviewed question mapped to CETA:16.8; in-lesson knowledge check; Week 17 mastery/teach-back.","Correct retrieval, changed-context transfer, explanation of the tempting error, and later cumulative/retention evidence; safety-critical work also requires the stated perfect check.","LAB-017: Interface table, waveform/decode capture, firmware/host code, transcript, structured log, error-case results, and commit. Physical proficiency is credited only on the physical route.","LAB-017"
"CETa","16.9","Describe how to download a service or application, data or software","16","Computer Applications and Software","17","UART frames, parameters, levels, and error causes","W17-CETA-DEPTH · Competency clinic","Alfred-authored explanation with mechanism, distinction, example, misconception, and evidence rule","Underline the action verb; explain 16.9 in plain language; give a circuit, instrument, component, code, procedure, or work example; then state valid evidence.","Apply 16.9 in a changed scenario without notes and distinguish the correct reasoning from one plausible shortcut.","Current reviewed question mapped to CETA:16.9; in-lesson knowledge check; Week 17 mastery/teach-back.","Correct retrieval, changed-context transfer, explanation of the tempting error, and later cumulative/retention evidence; safety-critical work also requires the stated perfect check.","LAB-017: Interface table, waveform/decode capture, firmware/host code, transcript, structured log, error-case results, and commit. Physical proficiency is credited only on the physical route.","LAB-017"
"Career","C9.1","Configure UART parameters and diagnose mismatched baud rate, data bits, parity, stop bits, logic level, or crossed TX/RX connections.","C9","UART, I²C & SPI Interfaces","17","Build a robust Python serial client and evidence log","W17-CAREER-DEPTH · Competency clinic","Alfred-authored explanation with mechanism, distinction, example, misconception, and evidence rule","Underline the action verb; explain C9.1 in plain language; give a circuit, instrument, component, code, procedure, or work example; then state valid evidence.","Apply C9.1 in a changed scenario without notes and distinguish the correct reasoning from one plausible shortcut.","Current reviewed question mapped to CAREER:C9.1; in-lesson knowledge check; Week 17 mastery/teach-back.","Correct retrieval, changed-context transfer, explanation of the tempting error, and later cumulative/retention evidence; safety-critical work also requires the stated perfect check.","LAB-017: Interface table, waveform/decode capture, firmware/host code, transcript, structured log, error-case results, and commit. Physical proficiency is credited only on the physical route.","LAB-017"
"CETa","12.1","List input circuit signal levels which may be expected for various common electronics products or test equipment","12","Interfacing of Electronics Products","18","Interface roles, signaling, and conversion","W18-CETA-DEPTH · Competency clinic","Alfred-authored explanation with mechanism, distinction, example, misconception, and evidence rule","Underline the action verb; explain 12.1 in plain language; give a circuit, instrument, component, code, procedure, or work example; then state valid evidence.","Apply 12.1 in a changed scenario without notes and distinguish the correct reasoning from one plausible shortcut.","Current reviewed question mapped to CETA:12.1; in-lesson knowledge check; Week 18 mastery/teach-back.","Correct retrieval, changed-context transfer, explanation of the tempting error, and later cumulative/retention evidence; safety-critical work also requires the stated perfect check.","LAB-018: Datasheet interface table, wiring, driver code, ID/measurement transcript, analyzer capture, conversion calculation, fault matrix, and verified fix. Physical proficiency is credited only on the physical route.","LAB-018"
"CETa","12.2","Explain the purposes of plugs and connectors and why it is necessary to use the proper ones per application","12","Interfacing of Electronics Products","18","Interface roles, signaling, and conversion","W18-CETA-DEPTH · Competency clinic","Alfred-authored explanation with mechanism, distinction, example, misconception, and evidence rule","Underline the action verb; explain 12.2 in plain language; give a circuit, instrument, component, code, procedure, or work example; then state valid evidence.","Apply 12.2 in a changed scenario without notes and distinguish the correct reasoning from one plausible shortcut.","Current reviewed question mapped to CETA:12.2; in-lesson knowledge check; Week 18 mastery/teach-back.","Correct retrieval, changed-context transfer, explanation of the tempting error, and later cumulative/retention evidence; safety-critical work also requires the stated perfect check.","LAB-018: Datasheet interface table, wiring, driver code, ID/measurement transcript, analyzer capture, conversion calculation, fault matrix, and verified fix. Physical proficiency is credited only on the physical route.","LAB-018"
"CETa","12.3","Explain grounding, proper and improper methods, and the results of power source mismatch","12","Interfacing of Electronics Products","18","Interface roles, signaling, and conversion","W18-CETA-DEPTH · Competency clinic","Alfred-authored explanation with mechanism, distinction, example, misconception, and evidence rule","Underline the action verb; explain 12.3 in plain language; give a circuit, instrument, component, code, procedure, or work example; then state valid evidence.","Apply 12.3 in a changed scenario without notes and distinguish the correct reasoning from one plausible shortcut.","Current reviewed question mapped to CETA:12.3; in-lesson knowledge check; Week 18 mastery/teach-back.","Correct retrieval, changed-context transfer, explanation of the tempting error, and later cumulative/retention evidence; safety-critical work also requires the stated perfect check.","LAB-018: Datasheet interface table, wiring, driver code, ID/measurement transcript, analyzer capture, conversion calculation, fault matrix, and verified fix. Physical proficiency is credited only on the physical route.","LAB-018"
"CETa","12.4","List potential signal conflict symptoms","12","Interfacing of Electronics Products","18","Interface roles, signaling, and conversion","W18-CETA-DEPTH · Competency clinic","Alfred-authored explanation with mechanism, distinction, example, misconception, and evidence rule","Underline the action verb; explain 12.4 in plain language; give a circuit, instrument, component, code, procedure, or work example; then state valid evidence.","Apply 12.4 in a changed scenario without notes and distinguish the correct reasoning from one plausible shortcut.","Current reviewed question mapped to CETA:12.4; in-lesson knowledge check; Week 18 mastery/teach-back.","Correct retrieval, changed-context transfer, explanation of the tempting error, and later cumulative/retention evidence; safety-critical work also requires the stated perfect check.","LAB-018: Datasheet interface table, wiring, driver code, ID/measurement transcript, analyzer capture, conversion calculation, fault matrix, and verified fix. Physical proficiency is credited only on the physical route.","LAB-018"
"CETa","12.5","Describe other electronic interfacing such as USB, Zigbee, I2C (inter-integrated circuit)","12","Interfacing of Electronics Products","18","Interface roles, signaling, and conversion","W18-CETA-DEPTH · Competency clinic","Alfred-authored explanation with mechanism, distinction, example, misconception, and evidence rule","Underline the action verb; explain 12.5 in plain language; give a circuit, instrument, component, code, procedure, or work example; then state valid evidence.","Apply 12.5 in a changed scenario without notes and distinguish the correct reasoning from one plausible shortcut.","Current reviewed question mapped to CETA:12.5; in-lesson knowledge check; Week 18 mastery/teach-back.","Correct retrieval, changed-context transfer, explanation of the tempting error, and later cumulative/retention evidence; safety-critical work also requires the stated perfect check.","LAB-018: Datasheet interface table, wiring, driver code, ID/measurement transcript, analyzer capture, conversion calculation, fault matrix, and verified fix. Physical proficiency is credited only on the physical route.","LAB-018"
"Career","C8.4","Configure and validate a timer, ADC, or interrupt source while checking assumptions about clocks and units.","C8","STM32 Bring-Up & Debugging","18","Datasheet-to-wire integration and bus fault isolation","W18-CAREER-DEPTH · Competency clinic","Alfred-authored explanation with mechanism, distinction, example, misconception, and evidence rule","Underline the action verb; explain C8.4 in plain language; give a circuit, instrument, component, code, procedure, or work example; then state valid evidence.","Apply C8.4 in a changed scenario without notes and distinguish the correct reasoning from one plausible shortcut.","Current reviewed question mapped to CAREER:C8.4; in-lesson knowledge check; Week 18 mastery/teach-back.","Correct retrieval, changed-context transfer, explanation of the tempting error, and later cumulative/retention evidence; safety-critical work also requires the stated perfect check.","LAB-018: Datasheet interface table, wiring, driver code, ID/measurement transcript, analyzer capture, conversion calculation, fault matrix, and verified fix. Physical proficiency is credited only on the physical route.","LAB-018"
"Career","C9.2","Explain I²C addressing, open-drain signaling, pull-up resistors, START/STOP conditions, ACK/NACK, and common stuck-bus faults.","C9","UART, I²C & SPI Interfaces","18","Datasheet-to-wire integration and bus fault isolation","W18-CAREER-DEPTH · Competency clinic","Alfred-authored explanation with mechanism, distinction, example, misconception, and evidence rule","Underline the action verb; explain C9.2 in plain language; give a circuit, instrument, component, code, procedure, or work example; then state valid evidence.","Apply C9.2 in a changed scenario without notes and distinguish the correct reasoning from one plausible shortcut.","Current reviewed question mapped to CAREER:C9.2; in-lesson knowledge check; Week 18 mastery/teach-back.","Correct retrieval, changed-context transfer, explanation of the tempting error, and later cumulative/retention evidence; safety-critical work also requires the stated perfect check.","LAB-018: Datasheet interface table, wiring, driver code, ID/measurement transcript, analyzer capture, conversion calculation, fault matrix, and verified fix. Physical proficiency is credited only on the physical route.","LAB-018"
"Career","C9.3","Explain SPI clock, MOSI/MISO, chip select, mode/polarity/phase, word length, and common configuration mismatches.","C9","UART, I²C & SPI Interfaces","18","Datasheet-to-wire integration and bus fault isolation","W18-CAREER-DEPTH · Competency clinic","Alfred-authored explanation with mechanism, distinction, example, misconception, and evidence rule","Underline the action verb; explain C9.3 in plain language; give a circuit, instrument, component, code, procedure, or work example; then state valid evidence.","Apply C9.3 in a changed scenario without notes and distinguish the correct reasoning from one plausible shortcut.","Current reviewed question mapped to CAREER:C9.3; in-lesson knowledge check; Week 18 mastery/teach-back.","Correct retrieval, changed-context transfer, explanation of the tempting error, and later cumulative/retention evidence; safety-critical work also requires the stated perfect check.","LAB-018: Datasheet interface table, wiring, driver code, ID/measurement transcript, analyzer capture, conversion calculation, fault matrix, and verified fix. Physical proficiency is credited only on the physical route.","LAB-018"
"Career","C9.4","Use a logic analyzer capture to correlate firmware actions with actual UART, I²C, or SPI bus transactions.","C9","UART, I²C & SPI Interfaces","18","Datasheet-to-wire integration and bus fault isolation","W18-CAREER-DEPTH · Competency clinic","Alfred-authored explanation with mechanism, distinction, example, misconception, and evidence rule","Underline the action verb; explain C9.4 in plain language; give a circuit, instrument, component, code, procedure, or work example; then state valid evidence.","Apply C9.4 in a changed scenario without notes and distinguish the correct reasoning from one plausible shortcut.","Current reviewed question mapped to CAREER:C9.4; in-lesson knowledge check; Week 18 mastery/teach-back.","Correct retrieval, changed-context transfer, explanation of the tempting error, and later cumulative/retention evidence; safety-critical work also requires the stated perfect check.","LAB-018: Datasheet interface table, wiring, driver code, ID/measurement transcript, analyzer capture, conversion calculation, fault matrix, and verified fix. Physical proficiency is credited only on the physical route.","LAB-018"
"Career","C9.5","Read a sensor/interface datasheet to determine register address, transaction sequence, timing, and expected response.","C9","UART, I²C & SPI Interfaces","18","Datasheet-to-wire integration and bus fault isolation","W18-CAREER-DEPTH · Competency clinic","Alfred-authored explanation with mechanism, distinction, example, misconception, and evidence rule","Underline the action verb; explain C9.5 in plain language; give a circuit, instrument, component, code, procedure, or work example; then state valid evidence.","Apply C9.5 in a changed scenario without notes and distinguish the correct reasoning from one plausible shortcut.","Current reviewed question mapped to CAREER:C9.5; in-lesson knowledge check; Week 18 mastery/teach-back.","Correct retrieval, changed-context transfer, explanation of the tempting error, and later cumulative/retention evidence; safety-critical work also requires the stated perfect check.","LAB-018: Datasheet interface table, wiring, driver code, ID/measurement transcript, analyzer capture, conversion calculation, fault matrix, and verified fix. Physical proficiency is credited only on the physical route.","LAB-018"
"Career","C9.6","Diagnose whether an interface failure is most likely firmware configuration, electrical connection, signal integrity, device addressing, or protocol sequencing.","C9","UART, I²C & SPI Interfaces","18","Datasheet-to-wire integration and bus fault isolation","W18-CAREER-DEPTH · Competency clinic","Alfred-authored explanation with mechanism, distinction, example, misconception, and evidence rule","Underline the action verb; explain C9.6 in plain language; give a circuit, instrument, component, code, procedure, or work example; then state valid evidence.","Apply C9.6 in a changed scenario without notes and distinguish the correct reasoning from one plausible shortcut.","Current reviewed question mapped to CAREER:C9.6; in-lesson knowledge check; Week 18 mastery/teach-back.","Correct retrieval, changed-context transfer, explanation of the tempting error, and later cumulative/retention evidence; safety-critical work also requires the stated perfect check.","LAB-018: Datasheet interface table, wiring, driver code, ID/measurement transcript, analyzer capture, conversion calculation, fault matrix, and verified fix. Physical proficiency is credited only on the physical route.","LAB-018"
"CETa","1.9","List optical fibers hazards to skin and eyes","1","Safety Precautions","19","Media, connectors, signal paths, and optical fundamentals","W19-CETA-DEPTH · Competency clinic","Alfred-authored explanation with mechanism, distinction, example, misconception, and evidence rule","Underline the action verb; explain 1.9 in plain language; give a circuit, instrument, component, code, procedure, or work example; then state valid evidence.","Apply 1.9 in a changed scenario without notes and distinguish the correct reasoning from one plausible shortcut.","Current reviewed question mapped to CETA:1.9; in-lesson knowledge check; Week 19 mastery/teach-back.","Correct retrieval, changed-context transfer, explanation of the tempting error, and later cumulative/retention evidence; safety-critical work also requires the stated perfect check.","LAB-019: Identification table, pin/path map, inspection, measurements or virtual evidence, fault isolation, safety statement, and scope-limited conclusion. Physical proficiency is credited only on the physical route.","LAB-019"
"CETa","7.1","List wire types and construction","7","Cabling","19","Media, connectors, signal paths, and optical fundamentals","W19-CETA-DEPTH · Competency clinic","Alfred-authored explanation with mechanism, distinction, example, misconception, and evidence rule","Underline the action verb; explain 7.1 in plain language; give a circuit, instrument, component, code, procedure, or work example; then state valid evidence.","Apply 7.1 in a changed scenario without notes and distinguish the correct reasoning from one plausible shortcut.","Current reviewed question mapped to CETA:7.1; in-lesson knowledge check; Week 19 mastery/teach-back.","Correct retrieval, changed-context transfer, explanation of the tempting error, and later cumulative/retention evidence; safety-critical work also requires the stated perfect check.","LAB-019: Identification table, pin/path map, inspection, measurements or virtual evidence, fault isolation, safety statement, and scope-limited conclusion. Physical proficiency is credited only on the physical route.","LAB-019"
"CETa","7.2","List wire gauges used for various purposes","7","Cabling","19","Media, connectors, signal paths, and optical fundamentals","W19-CETA-DEPTH · Competency clinic","Alfred-authored explanation with mechanism, distinction, example, misconception, and evidence rule","Underline the action verb; explain 7.2 in plain language; give a circuit, instrument, component, code, procedure, or work example; then state valid evidence.","Apply 7.2 in a changed scenario without notes and distinguish the correct reasoning from one plausible shortcut.","Current reviewed question mapped to CETA:7.2; in-lesson knowledge check; Week 19 mastery/teach-back.","Correct retrieval, changed-context transfer, explanation of the tempting error, and later cumulative/retention evidence; safety-critical work also requires the stated perfect check.","LAB-019: Identification table, pin/path map, inspection, measurements or virtual evidence, fault isolation, safety statement, and scope-limited conclusion. Physical proficiency is credited only on the physical route.","LAB-019"
"CETa","7.3","Explain construction of coaxial cable and the impedance characteristics","7","Cabling","19","Media, connectors, signal paths, and optical fundamentals","W19-CETA-DEPTH · Competency clinic","Alfred-authored explanation with mechanism, distinction, example, misconception, and evidence rule","Underline the action verb; explain 7.3 in plain language; give a circuit, instrument, component, code, procedure, or work example; then state valid evidence.","Apply 7.3 in a changed scenario without notes and distinguish the correct reasoning from one plausible shortcut.","Current reviewed question mapped to CETA:7.3; in-lesson knowledge check; Week 19 mastery/teach-back.","Correct retrieval, changed-context transfer, explanation of the tempting error, and later cumulative/retention evidence; safety-critical work also requires the stated perfect check.","LAB-019: Identification table, pin/path map, inspection, measurements or virtual evidence, fault isolation, safety statement, and scope-limited conclusion. Physical proficiency is credited only on the physical route.","LAB-019"
"CETa","7.4","List common identifications for copper cables in standards, such as #18 and #24 diameter in the American Wire Gauge (AWG) and UTP cable in ANSI/TIA 568","7","Cabling","19","Media, connectors, signal paths, and optical fundamentals","W19-CETA-DEPTH · Competency clinic","Alfred-authored explanation with mechanism, distinction, example, misconception, and evidence rule","Underline the action verb; explain 7.4 in plain language; give a circuit, instrument, component, code, procedure, or work example; then state valid evidence.","Apply 7.4 in a changed scenario without notes and distinguish the correct reasoning from one plausible shortcut.","Current reviewed question mapped to CETA:7.4; in-lesson knowledge check; Week 19 mastery/teach-back.","Correct retrieval, changed-context transfer, explanation of the tempting error, and later cumulative/retention evidence; safety-critical work also requires the stated perfect check.","LAB-019: Identification table, pin/path map, inspection, measurements or virtual evidence, fault isolation, safety statement, and scope-limited conclusion. Physical proficiency is credited only on the physical route.","LAB-019"
"CETa","7.5","Explain major differences between copper, coaxial and fiber optic cables","7","Cabling","19","Media, connectors, signal paths, and optical fundamentals","W19-CETA-DEPTH · Competency clinic","Alfred-authored explanation with mechanism, distinction, example, misconception, and evidence rule","Underline the action verb; explain 7.5 in plain language; give a circuit, instrument, component, code, procedure, or work example; then state valid evidence.","Apply 7.5 in a changed scenario without notes and distinguish the correct reasoning from one plausible shortcut.","Current reviewed question mapped to CETA:7.5; in-lesson knowledge check; Week 19 mastery/teach-back.","Correct retrieval, changed-context transfer, explanation of the tempting error, and later cumulative/retention evidence; safety-critical work also requires the stated perfect check.","LAB-019: Identification table, pin/path map, inspection, measurements or virtual evidence, fault isolation, safety statement, and scope-limited conclusion. Physical proficiency is credited only on the physical route.","LAB-019"
"CETa","7.6","Describe impedance and its causes:","7","Cabling","19","Media, connectors, signal paths, and optical fundamentals","W19-CETA-DEPTH · Competency clinic","Alfred-authored explanation with mechanism, distinction, example, misconception, and evidence rule","Underline the action verb; explain 7.6 in plain language; give a circuit, instrument, component, code, procedure, or work example; then state valid evidence.","Apply 7.6 in a changed scenario without notes and distinguish the correct reasoning from one plausible shortcut.","Current reviewed question mapped to CETA:7.6; in-lesson knowledge check; Week 19 mastery/teach-back.","Correct retrieval, changed-context transfer, explanation of the tempting error, and later cumulative/retention evidence; safety-critical work also requires the stated perfect check.","LAB-019: Identification table, pin/path map, inspection, measurements or virtual evidence, fault isolation, safety statement, and scope-limited conclusion. Physical proficiency is credited only on the physical route.","LAB-019"
"CETa","7.6.1","Explain reasons for maintaining a cable’s characteristics","7","Cabling","19","Media, connectors, signal paths, and optical fundamentals","W19-CETA-DEPTH · Competency clinic","Alfred-authored explanation with mechanism, distinction, example, misconception, and evidence rule","Underline the action verb; explain 7.6.1 in plain language; give a circuit, instrument, component, code, procedure, or work example; then state valid evidence.","Apply 7.6.1 in a changed scenario without notes and distinguish the correct reasoning from one plausible shortcut.","Current reviewed question mapped to CETA:7.6.1; in-lesson knowledge check; Week 19 mastery/teach-back.","Correct retrieval, changed-context transfer, explanation of the tempting error, and later cumulative/retention evidence; safety-critical work also requires the stated perfect check.","LAB-019: Identification table, pin/path map, inspection, measurements or virtual evidence, fault isolation, safety statement, and scope-limited conclusion. Physical proficiency is credited only on the physical route.","LAB-019"
"CETa","7.7","Explain the effects of proper and improper termination","7","Cabling","19","Media, connectors, signal paths, and optical fundamentals","W19-CETA-DEPTH · Competency clinic","Alfred-authored explanation with mechanism, distinction, example, misconception, and evidence rule","Underline the action verb; explain 7.7 in plain language; give a circuit, instrument, component, code, procedure, or work example; then state valid evidence.","Apply 7.7 in a changed scenario without notes and distinguish the correct reasoning from one plausible shortcut.","Current reviewed question mapped to CETA:7.7; in-lesson knowledge check; Week 19 mastery/teach-back.","Correct retrieval, changed-context transfer, explanation of the tempting error, and later cumulative/retention evidence; safety-critical work also requires the stated perfect check.","LAB-019: Identification table, pin/path map, inspection, measurements or virtual evidence, fault isolation, safety statement, and scope-limited conclusion. Physical proficiency is credited only on the physical route.","LAB-019"
"CETa","7.8","Explain the purposes and types of cabling grounding (bonding) and common conventions used in electrical / electronic work","7","Cabling","19","Media, connectors, signal paths, and optical fundamentals","W19-CETA-DEPTH · Competency clinic","Alfred-authored explanation with mechanism, distinction, example, misconception, and evidence rule","Underline the action verb; explain 7.8 in plain language; give a circuit, instrument, component, code, procedure, or work example; then state valid evidence.","Apply 7.8 in a changed scenario without notes and distinguish the correct reasoning from one plausible shortcut.","Current reviewed question mapped to CETA:7.8; in-lesson knowledge check; Week 19 mastery/teach-back.","Correct retrieval, changed-context transfer, explanation of the tempting error, and later cumulative/retention evidence; safety-critical work also requires the stated perfect check.","LAB-019: Identification table, pin/path map, inspection, measurements or virtual evidence, fault isolation, safety statement, and scope-limited conclusion. Physical proficiency is credited only on the physical route.","LAB-019"
"CETa","7.9","Describe splicing knowledge and ability of coaxial and copper cable","7","Cabling","19","Media, connectors, signal paths, and optical fundamentals","W19-CETA-DEPTH · Competency clinic","Alfred-authored explanation with mechanism, distinction, example, misconception, and evidence rule","Underline the action verb; explain 7.9 in plain language; give a circuit, instrument, component, code, procedure, or work example; then state valid evidence.","Apply 7.9 in a changed scenario without notes and distinguish the correct reasoning from one plausible shortcut.","Current reviewed question mapped to CETA:7.9; in-lesson knowledge check; Week 19 mastery/teach-back.","Correct retrieval, changed-context transfer, explanation of the tempting error, and later cumulative/retention evidence; safety-critical work also requires the stated perfect check.","LAB-019: Identification table, pin/path map, inspection, measurements or virtual evidence, fault isolation, safety statement, and scope-limited conclusion. Physical proficiency is credited only on the physical route.","LAB-019"
"CETa","7.9.1","Explain types of fiber splices","7","Cabling","19","Media, connectors, signal paths, and optical fundamentals","W19-CETA-DEPTH · Competency clinic","Alfred-authored explanation with mechanism, distinction, example, misconception, and evidence rule","Underline the action verb; explain 7.9.1 in plain language; give a circuit, instrument, component, code, procedure, or work example; then state valid evidence.","Apply 7.9.1 in a changed scenario without notes and distinguish the correct reasoning from one plausible shortcut.","Current reviewed question mapped to CETA:7.9.1; in-lesson knowledge check; Week 19 mastery/teach-back.","Correct retrieval, changed-context transfer, explanation of the tempting error, and later cumulative/retention evidence; safety-critical work also requires the stated perfect check.","LAB-019: Identification table, pin/path map, inspection, measurements or virtual evidence, fault isolation, safety statement, and scope-limited conclusion. Physical proficiency is credited only on the physical route.","LAB-019"
"CETa","7.10","Briefly explain testing methods for all three types of cables and compare decibel (dB) loss measurements and techniques","7","Cabling","19","Media, connectors, signal paths, and optical fundamentals","W19-CETA-DEPTH · Competency clinic","Alfred-authored explanation with mechanism, distinction, example, misconception, and evidence rule","Underline the action verb; explain 7.10 in plain language; give a circuit, instrument, component, code, procedure, or work example; then state valid evidence.","Apply 7.10 in a changed scenario without notes and distinguish the correct reasoning from one plausible shortcut.","Current reviewed question mapped to CETA:7.10; in-lesson knowledge check; Week 19 mastery/teach-back.","Correct retrieval, changed-context transfer, explanation of the tempting error, and later cumulative/retention evidence; safety-critical work also requires the stated perfect check.","LAB-019: Identification table, pin/path map, inspection, measurements or virtual evidence, fault isolation, safety statement, and scope-limited conclusion. Physical proficiency is credited only on the physical route.","LAB-019"
"CETa","7.11","Compare the fittings and connectors used in cabling and list potential defects a technician may encounter","7","Cabling","19","Media, connectors, signal paths, and optical fundamentals","W19-CETA-DEPTH · Competency clinic","Alfred-authored explanation with mechanism, distinction, example, misconception, and evidence rule","Underline the action verb; explain 7.11 in plain language; give a circuit, instrument, component, code, procedure, or work example; then state valid evidence.","Apply 7.11 in a changed scenario without notes and distinguish the correct reasoning from one plausible shortcut.","Current reviewed question mapped to CETA:7.11; in-lesson knowledge check; Week 19 mastery/teach-back.","Correct retrieval, changed-context transfer, explanation of the tempting error, and later cumulative/retention evidence; safety-critical work also requires the stated perfect check.","LAB-019: Identification table, pin/path map, inspection, measurements or virtual evidence, fault isolation, safety statement, and scope-limited conclusion. Physical proficiency is credited only on the physical route.","LAB-019"
"CETa","7.12","Describe proper crimping of communications wiring connectors","7","Cabling","19","Media, connectors, signal paths, and optical fundamentals","W19-CETA-DEPTH · Competency clinic","Alfred-authored explanation with mechanism, distinction, example, misconception, and evidence rule","Underline the action verb; explain 7.12 in plain language; give a circuit, instrument, component, code, procedure, or work example; then state valid evidence.","Apply 7.12 in a changed scenario without notes and distinguish the correct reasoning from one plausible shortcut.","Current reviewed question mapped to CETA:7.12; in-lesson knowledge check; Week 19 mastery/teach-back.","Correct retrieval, changed-context transfer, explanation of the tempting error, and later cumulative/retention evidence; safety-critical work also requires the stated perfect check.","LAB-019: Identification table, pin/path map, inspection, measurements or virtual evidence, fault isolation, safety statement, and scope-limited conclusion. Physical proficiency is credited only on the physical route.","LAB-019"
"CETa","7.13","Explain how cable prep tools are used and demonstrate proper and improper crimp applications","7","Cabling","19","Media, connectors, signal paths, and optical fundamentals","W19-CETA-DEPTH · Competency clinic","Alfred-authored explanation with mechanism, distinction, example, misconception, and evidence rule","Underline the action verb; explain 7.13 in plain language; give a circuit, instrument, component, code, procedure, or work example; then state valid evidence.","Apply 7.13 in a changed scenario without notes and distinguish the correct reasoning from one plausible shortcut.","Current reviewed question mapped to CETA:7.13; in-lesson knowledge check; Week 19 mastery/teach-back.","Correct retrieval, changed-context transfer, explanation of the tempting error, and later cumulative/retention evidence; safety-critical work also requires the stated perfect check.","LAB-019: Identification table, pin/path map, inspection, measurements or virtual evidence, fault isolation, safety statement, and scope-limited conclusion. Physical proficiency is credited only on the physical route.","LAB-019"
"CETa","17.1","Explain major components of the most common home entertainment products","17","Audio and Video Systems","19","Media, connectors, signal paths, and optical fundamentals","W19-CETA-DEPTH · Competency clinic","Alfred-authored explanation with mechanism, distinction, example, misconception, and evidence rule","Underline the action verb; explain 17.1 in plain language; give a circuit, instrument, component, code, procedure, or work example; then state valid evidence.","Apply 17.1 in a changed scenario without notes and distinguish the correct reasoning from one plausible shortcut.","Current reviewed question mapped to CETA:17.1; in-lesson knowledge check; Week 19 mastery/teach-back.","Correct retrieval, changed-context transfer, explanation of the tempting error, and later cumulative/retention evidence; safety-critical work also requires the stated perfect check.","LAB-019: Identification table, pin/path map, inspection, measurements or virtual evidence, fault isolation, safety statement, and scope-limited conclusion. Physical proficiency is credited only on the physical route.","LAB-019"
"CETa","17.2","Describe microphone technology usage","17","Audio and Video Systems","19","Media, connectors, signal paths, and optical fundamentals","W19-CETA-DEPTH · Competency clinic","Alfred-authored explanation with mechanism, distinction, example, misconception, and evidence rule","Underline the action verb; explain 17.2 in plain language; give a circuit, instrument, component, code, procedure, or work example; then state valid evidence.","Apply 17.2 in a changed scenario without notes and distinguish the correct reasoning from one plausible shortcut.","Current reviewed question mapped to CETA:17.2; in-lesson knowledge check; Week 19 mastery/teach-back.","Correct retrieval, changed-context transfer, explanation of the tempting error, and later cumulative/retention evidence; safety-critical work also requires the stated perfect check.","LAB-019: Identification table, pin/path map, inspection, measurements or virtual evidence, fault isolation, safety statement, and scope-limited conclusion. Physical proficiency is credited only on the physical route.","LAB-019"
"CETa","17.3","Explain speaker construction and precautions","17","Audio and Video Systems","19","Media, connectors, signal paths, and optical fundamentals","W19-CETA-DEPTH · Competency clinic","Alfred-authored explanation with mechanism, distinction, example, misconception, and evidence rule","Underline the action verb; explain 17.3 in plain language; give a circuit, instrument, component, code, procedure, or work example; then state valid evidence.","Apply 17.3 in a changed scenario without notes and distinguish the correct reasoning from one plausible shortcut.","Current reviewed question mapped to CETA:17.3; in-lesson knowledge check; Week 19 mastery/teach-back.","Correct retrieval, changed-context transfer, explanation of the tempting error, and later cumulative/retention evidence; safety-critical work also requires the stated perfect check.","LAB-019: Identification table, pin/path map, inspection, measurements or virtual evidence, fault isolation, safety statement, and scope-limited conclusion. Physical proficiency is credited only on the physical route.","LAB-019"
"CETa","17.4","Explain basic recording and playback technology","17","Audio and Video Systems","19","Media, connectors, signal paths, and optical fundamentals","W19-CETA-DEPTH · Competency clinic","Alfred-authored explanation with mechanism, distinction, example, misconception, and evidence rule","Underline the action verb; explain 17.4 in plain language; give a circuit, instrument, component, code, procedure, or work example; then state valid evidence.","Apply 17.4 in a changed scenario without notes and distinguish the correct reasoning from one plausible shortcut.","Current reviewed question mapped to CETA:17.4; in-lesson knowledge check; Week 19 mastery/teach-back.","Correct retrieval, changed-context transfer, explanation of the tempting error, and later cumulative/retention evidence; safety-critical work also requires the stated perfect check.","LAB-019: Identification table, pin/path map, inspection, measurements or virtual evidence, fault isolation, safety statement, and scope-limited conclusion. Physical proficiency is credited only on the physical route.","LAB-019"
"CETa","17.5","Explain how alarm-security systems may be interfaced with entertainment/information products","17","Audio and Video Systems","19","Media, connectors, signal paths, and optical fundamentals","W19-CETA-DEPTH · Competency clinic","Alfred-authored explanation with mechanism, distinction, example, misconception, and evidence rule","Underline the action verb; explain 17.5 in plain language; give a circuit, instrument, component, code, procedure, or work example; then state valid evidence.","Apply 17.5 in a changed scenario without notes and distinguish the correct reasoning from one plausible shortcut.","Current reviewed question mapped to CETA:17.5; in-lesson knowledge check; Week 19 mastery/teach-back.","Correct retrieval, changed-context transfer, explanation of the tempting error, and later cumulative/retention evidence; safety-critical work also requires the stated perfect check.","LAB-019: Identification table, pin/path map, inspection, measurements or virtual evidence, fault isolation, safety statement, and scope-limited conclusion. Physical proficiency is credited only on the physical route.","LAB-019"
"CETa","17.6","Differentiate between good quality sound output and distorted sound, then the electronic/acoustical reasons for each","17","Audio and Video Systems","19","Media, connectors, signal paths, and optical fundamentals","W19-CETA-DEPTH · Competency clinic","Alfred-authored explanation with mechanism, distinction, example, misconception, and evidence rule","Underline the action verb; explain 17.6 in plain language; give a circuit, instrument, component, code, procedure, or work example; then state valid evidence.","Apply 17.6 in a changed scenario without notes and distinguish the correct reasoning from one plausible shortcut.","Current reviewed question mapped to CETA:17.6; in-lesson knowledge check; Week 19 mastery/teach-back.","Correct retrieval, changed-context transfer, explanation of the tempting error, and later cumulative/retention evidence; safety-critical work also requires the stated perfect check.","LAB-019: Identification table, pin/path map, inspection, measurements or virtual evidence, fault isolation, safety statement, and scope-limited conclusion. Physical proficiency is credited only on the physical route.","LAB-019"
"CETa","17.7","Explain how signals may conflict and the symptoms that conflict may produce","17","Audio and Video Systems","19","Media, connectors, signal paths, and optical fundamentals","W19-CETA-DEPTH · Competency clinic","Alfred-authored explanation with mechanism, distinction, example, misconception, and evidence rule","Underline the action verb; explain 17.7 in plain language; give a circuit, instrument, component, code, procedure, or work example; then state valid evidence.","Apply 17.7 in a changed scenario without notes and distinguish the correct reasoning from one plausible shortcut.","Current reviewed question mapped to CETA:17.7; in-lesson knowledge check; Week 19 mastery/teach-back.","Correct retrieval, changed-context transfer, explanation of the tempting error, and later cumulative/retention evidence; safety-critical work also requires the stated perfect check.","LAB-019: Identification table, pin/path map, inspection, measurements or virtual evidence, fault isolation, safety statement, and scope-limited conclusion. Physical proficiency is credited only on the physical route.","LAB-019"
"CETa","17.8","Explain how to isolate faults/glitches between discrete equipment units","17","Audio and Video Systems","19","Media, connectors, signal paths, and optical fundamentals","W19-CETA-DEPTH · Competency clinic","Alfred-authored explanation with mechanism, distinction, example, misconception, and evidence rule","Underline the action verb; explain 17.8 in plain language; give a circuit, instrument, component, code, procedure, or work example; then state valid evidence.","Apply 17.8 in a changed scenario without notes and distinguish the correct reasoning from one plausible shortcut.","Current reviewed question mapped to CETA:17.8; in-lesson knowledge check; Week 19 mastery/teach-back.","Correct retrieval, changed-context transfer, explanation of the tempting error, and later cumulative/retention evidence; safety-critical work also requires the stated perfect check.","LAB-019: Identification table, pin/path map, inspection, measurements or virtual evidence, fault isolation, safety statement, and scope-limited conclusion. Physical proficiency is credited only on the physical route.","LAB-019"
"CETa","17.9","List anticipated signal or voltage levels for output circuits in audio and video equipment","17","Audio and Video Systems","19","Media, connectors, signal paths, and optical fundamentals","W19-CETA-DEPTH · Competency clinic","Alfred-authored explanation with mechanism, distinction, example, misconception, and evidence rule","Underline the action verb; explain 17.9 in plain language; give a circuit, instrument, component, code, procedure, or work example; then state valid evidence.","Apply 17.9 in a changed scenario without notes and distinguish the correct reasoning from one plausible shortcut.","Current reviewed question mapped to CETA:17.9; in-lesson knowledge check; Week 19 mastery/teach-back.","Correct retrieval, changed-context transfer, explanation of the tempting error, and later cumulative/retention evidence; safety-critical work also requires the stated perfect check.","LAB-019: Identification table, pin/path map, inspection, measurements or virtual evidence, fault isolation, safety statement, and scope-limited conclusion. Physical proficiency is credited only on the physical route.","LAB-019"
"CETa","18.1","List common electronics display devices","18","Optical Electronics","19","Media, connectors, signal paths, and optical fundamentals","W19-CETA-DEPTH · Competency clinic","Alfred-authored explanation with mechanism, distinction, example, misconception, and evidence rule","Underline the action verb; explain 18.1 in plain language; give a circuit, instrument, component, code, procedure, or work example; then state valid evidence.","Apply 18.1 in a changed scenario without notes and distinguish the correct reasoning from one plausible shortcut.","Current reviewed question mapped to CETA:18.1; in-lesson knowledge check; Week 19 mastery/teach-back.","Correct retrieval, changed-context transfer, explanation of the tempting error, and later cumulative/retention evidence; safety-critical work also requires the stated perfect check.","LAB-019: Identification table, pin/path map, inspection, measurements or virtual evidence, fault isolation, safety statement, and scope-limited conclusion. Physical proficiency is credited only on the physical route.","LAB-019"
"CETa","18.1.1","Explain how displays operate, their advantages and disadvantages","18","Optical Electronics","19","Media, connectors, signal paths, and optical fundamentals","W19-CETA-DEPTH · Competency clinic","Alfred-authored explanation with mechanism, distinction, example, misconception, and evidence rule","Underline the action verb; explain 18.1.1 in plain language; give a circuit, instrument, component, code, procedure, or work example; then state valid evidence.","Apply 18.1.1 in a changed scenario without notes and distinguish the correct reasoning from one plausible shortcut.","Current reviewed question mapped to CETA:18.1.1; in-lesson knowledge check; Week 19 mastery/teach-back.","Correct retrieval, changed-context transfer, explanation of the tempting error, and later cumulative/retention evidence; safety-critical work also requires the stated perfect check.","LAB-019: Identification table, pin/path map, inspection, measurements or virtual evidence, fault isolation, safety statement, and scope-limited conclusion. Physical proficiency is credited only on the physical route.","LAB-019"
"CETa","18.2","List common optical devices as to type and applications:","18","Optical Electronics","19","Media, connectors, signal paths, and optical fundamentals","W19-CETA-DEPTH · Competency clinic","Alfred-authored explanation with mechanism, distinction, example, misconception, and evidence rule","Underline the action verb; explain 18.2 in plain language; give a circuit, instrument, component, code, procedure, or work example; then state valid evidence.","Apply 18.2 in a changed scenario without notes and distinguish the correct reasoning from one plausible shortcut.","Current reviewed question mapped to CETA:18.2; in-lesson knowledge check; Week 19 mastery/teach-back.","Correct retrieval, changed-context transfer, explanation of the tempting error, and later cumulative/retention evidence; safety-critical work also requires the stated perfect check.","LAB-019: Identification table, pin/path map, inspection, measurements or virtual evidence, fault isolation, safety statement, and scope-limited conclusion. Physical proficiency is credited only on the physical route.","LAB-019"
"CETa","18.2.1","Describe operation and application of component LEDs and Seven-Segment displays","18","Optical Electronics","19","Media, connectors, signal paths, and optical fundamentals","W19-CETA-DEPTH · Competency clinic","Alfred-authored explanation with mechanism, distinction, example, misconception, and evidence rule","Underline the action verb; explain 18.2.1 in plain language; give a circuit, instrument, component, code, procedure, or work example; then state valid evidence.","Apply 18.2.1 in a changed scenario without notes and distinguish the correct reasoning from one plausible shortcut.","Current reviewed question mapped to CETA:18.2.1; in-lesson knowledge check; Week 19 mastery/teach-back.","Correct retrieval, changed-context transfer, explanation of the tempting error, and later cumulative/retention evidence; safety-critical work also requires the stated perfect check.","LAB-019: Identification table, pin/path map, inspection, measurements or virtual evidence, fault isolation, safety statement, and scope-limited conclusion. Physical proficiency is credited only on the physical route.","LAB-019"
"CETa","18.2.2","Describe operation and application of LCDs and OLEDs, other display types","18","Optical Electronics","19","Media, connectors, signal paths, and optical fundamentals","W19-CETA-DEPTH · Competency clinic","Alfred-authored explanation with mechanism, distinction, example, misconception, and evidence rule","Underline the action verb; explain 18.2.2 in plain language; give a circuit, instrument, component, code, procedure, or work example; then state valid evidence.","Apply 18.2.2 in a changed scenario without notes and distinguish the correct reasoning from one plausible shortcut.","Current reviewed question mapped to CETA:18.2.2; in-lesson knowledge check; Week 19 mastery/teach-back.","Correct retrieval, changed-context transfer, explanation of the tempting error, and later cumulative/retention evidence; safety-critical work also requires the stated perfect check.","LAB-019: Identification table, pin/path map, inspection, measurements or virtual evidence, fault isolation, safety statement, and scope-limited conclusion. Physical proficiency is credited only on the physical route.","LAB-019"
"CETa","18.3","Describe how photo-electronic components operate:","18","Optical Electronics","19","Media, connectors, signal paths, and optical fundamentals","W19-CETA-DEPTH · Competency clinic","Alfred-authored explanation with mechanism, distinction, example, misconception, and evidence rule","Underline the action verb; explain 18.3 in plain language; give a circuit, instrument, component, code, procedure, or work example; then state valid evidence.","Apply 18.3 in a changed scenario without notes and distinguish the correct reasoning from one plausible shortcut.","Current reviewed question mapped to CETA:18.3; in-lesson knowledge check; Week 19 mastery/teach-back.","Correct retrieval, changed-context transfer, explanation of the tempting error, and later cumulative/retention evidence; safety-critical work also requires the stated perfect check.","LAB-019: Identification table, pin/path map, inspection, measurements or virtual evidence, fault isolation, safety statement, and scope-limited conclusion. Physical proficiency is credited only on the physical route.","LAB-019"
"CETa","18.3.1","Explain how photovoltaic cells are activated","18","Optical Electronics","19","Media, connectors, signal paths, and optical fundamentals","W19-CETA-DEPTH · Competency clinic","Alfred-authored explanation with mechanism, distinction, example, misconception, and evidence rule","Underline the action verb; explain 18.3.1 in plain language; give a circuit, instrument, component, code, procedure, or work example; then state valid evidence.","Apply 18.3.1 in a changed scenario without notes and distinguish the correct reasoning from one plausible shortcut.","Current reviewed question mapped to CETA:18.3.1; in-lesson knowledge check; Week 19 mastery/teach-back.","Correct retrieval, changed-context transfer, explanation of the tempting error, and later cumulative/retention evidence; safety-critical work also requires the stated perfect check.","LAB-019: Identification table, pin/path map, inspection, measurements or virtual evidence, fault isolation, safety statement, and scope-limited conclusion. Physical proficiency is credited only on the physical route.","LAB-019"
"CETa","18.3.2","Identify materials from which these devices are made","18","Optical Electronics","19","Media, connectors, signal paths, and optical fundamentals","W19-CETA-DEPTH · Competency clinic","Alfred-authored explanation with mechanism, distinction, example, misconception, and evidence rule","Underline the action verb; explain 18.3.2 in plain language; give a circuit, instrument, component, code, procedure, or work example; then state valid evidence.","Apply 18.3.2 in a changed scenario without notes and distinguish the correct reasoning from one plausible shortcut.","Current reviewed question mapped to CETA:18.3.2; in-lesson knowledge check; Week 19 mastery/teach-back.","Correct retrieval, changed-context transfer, explanation of the tempting error, and later cumulative/retention evidence; safety-critical work also requires the stated perfect check.","LAB-019: Identification table, pin/path map, inspection, measurements or virtual evidence, fault isolation, safety statement, and scope-limited conclusion. Physical proficiency is credited only on the physical route.","LAB-019"
"CETa","18.4","Explain the basics of electronic cameras and sensors","18","Optical Electronics","19","Media, connectors, signal paths, and optical fundamentals","W19-CETA-DEPTH · Competency clinic","Alfred-authored explanation with mechanism, distinction, example, misconception, and evidence rule","Underline the action verb; explain 18.4 in plain language; give a circuit, instrument, component, code, procedure, or work example; then state valid evidence.","Apply 18.4 in a changed scenario without notes and distinguish the correct reasoning from one plausible shortcut.","Current reviewed question mapped to CETA:18.4; in-lesson knowledge check; Week 19 mastery/teach-back.","Correct retrieval, changed-context transfer, explanation of the tempting error, and later cumulative/retention evidence; safety-critical work also requires the stated perfect check.","LAB-019: Identification table, pin/path map, inspection, measurements or virtual evidence, fault isolation, safety statement, and scope-limited conclusion. Physical proficiency is credited only on the physical route.","LAB-019"
"CETa","18.5","Explain why opto-isolators are used","18","Optical Electronics","19","Media, connectors, signal paths, and optical fundamentals","W19-CETA-DEPTH · Competency clinic","Alfred-authored explanation with mechanism, distinction, example, misconception, and evidence rule","Underline the action verb; explain 18.5 in plain language; give a circuit, instrument, component, code, procedure, or work example; then state valid evidence.","Apply 18.5 in a changed scenario without notes and distinguish the correct reasoning from one plausible shortcut.","Current reviewed question mapped to CETA:18.5; in-lesson knowledge check; Week 19 mastery/teach-back.","Correct retrieval, changed-context transfer, explanation of the tempting error, and later cumulative/retention evidence; safety-critical work also requires the stated perfect check.","LAB-019: Identification table, pin/path map, inspection, measurements or virtual evidence, fault isolation, safety statement, and scope-limited conclusion. Physical proficiency is credited only on the physical route.","LAB-019"
"CETa","18.5.1","List some locations or circuits in which opto-isolators are used","18","Optical Electronics","19","Media, connectors, signal paths, and optical fundamentals","W19-CETA-DEPTH · Competency clinic","Alfred-authored explanation with mechanism, distinction, example, misconception, and evidence rule","Underline the action verb; explain 18.5.1 in plain language; give a circuit, instrument, component, code, procedure, or work example; then state valid evidence.","Apply 18.5.1 in a changed scenario without notes and distinguish the correct reasoning from one plausible shortcut.","Current reviewed question mapped to CETA:18.5.1; in-lesson knowledge check; Week 19 mastery/teach-back.","Correct retrieval, changed-context transfer, explanation of the tempting error, and later cumulative/retention evidence; safety-critical work also requires the stated perfect check.","LAB-019: Identification table, pin/path map, inspection, measurements or virtual evidence, fault isolation, safety statement, and scope-limited conclusion. Physical proficiency is credited only on the physical route.","LAB-019"
"CETa","18.6","List uses for light activated controls and how photo devices are incorporated","18","Optical Electronics","19","Media, connectors, signal paths, and optical fundamentals","W19-CETA-DEPTH · Competency clinic","Alfred-authored explanation with mechanism, distinction, example, misconception, and evidence rule","Underline the action verb; explain 18.6 in plain language; give a circuit, instrument, component, code, procedure, or work example; then state valid evidence.","Apply 18.6 in a changed scenario without notes and distinguish the correct reasoning from one plausible shortcut.","Current reviewed question mapped to CETA:18.6; in-lesson knowledge check; Week 19 mastery/teach-back.","Correct retrieval, changed-context transfer, explanation of the tempting error, and later cumulative/retention evidence; safety-critical work also requires the stated perfect check.","LAB-019: Identification table, pin/path map, inspection, measurements or virtual evidence, fault isolation, safety statement, and scope-limited conclusion. Physical proficiency is credited only on the physical route.","LAB-019"
"CETa","18.6.1","Identify symbols for photo-resistors, photodiodes and photo-transistors","18","Optical Electronics","19","Media, connectors, signal paths, and optical fundamentals","W19-CETA-DEPTH · Competency clinic","Alfred-authored explanation with mechanism, distinction, example, misconception, and evidence rule","Underline the action verb; explain 18.6.1 in plain language; give a circuit, instrument, component, code, procedure, or work example; then state valid evidence.","Apply 18.6.1 in a changed scenario without notes and distinguish the correct reasoning from one plausible shortcut.","Current reviewed question mapped to CETA:18.6.1; in-lesson knowledge check; Week 19 mastery/teach-back.","Correct retrieval, changed-context transfer, explanation of the tempting error, and later cumulative/retention evidence; safety-critical work also requires the stated perfect check.","LAB-019: Identification table, pin/path map, inspection, measurements or virtual evidence, fault isolation, safety statement, and scope-limited conclusion. Physical proficiency is credited only on the physical route.","LAB-019"
"CETa","18.7","Describe how broadband signal RF and optical links are used","18","Optical Electronics","19","Media, connectors, signal paths, and optical fundamentals","W19-CETA-DEPTH · Competency clinic","Alfred-authored explanation with mechanism, distinction, example, misconception, and evidence rule","Underline the action verb; explain 18.7 in plain language; give a circuit, instrument, component, code, procedure, or work example; then state valid evidence.","Apply 18.7 in a changed scenario without notes and distinguish the correct reasoning from one plausible shortcut.","Current reviewed question mapped to CETA:18.7; in-lesson knowledge check; Week 19 mastery/teach-back.","Correct retrieval, changed-context transfer, explanation of the tempting error, and later cumulative/retention evidence; safety-critical work also requires the stated perfect check.","LAB-019: Identification table, pin/path map, inspection, measurements or virtual evidence, fault isolation, safety statement, and scope-limited conclusion. Physical proficiency is credited only on the physical route.","LAB-019"
"Career","C4.3","Prepare, strip, crimp, strain-relieve, and inspect a low-voltage wire or harness connection using workmanship criteria.","C4","Assembly, Soldering, Rework & Harnesses","19","Terminate, inspect, continuity-test, and isolate a connection fault","W19-CAREER-DEPTH · Competency clinic","Alfred-authored explanation with mechanism, distinction, example, misconception, and evidence rule","Underline the action verb; explain C4.3 in plain language; give a circuit, instrument, component, code, procedure, or work example; then state valid evidence.","Apply C4.3 in a changed scenario without notes and distinguish the correct reasoning from one plausible shortcut.","Current reviewed question mapped to CAREER:C4.3; in-lesson knowledge check; Week 19 mastery/teach-back.","Correct retrieval, changed-context transfer, explanation of the tempting error, and later cumulative/retention evidence; safety-critical work also requires the stated perfect check.","LAB-019: Identification table, pin/path map, inspection, measurements or virtual evidence, fault isolation, safety statement, and scope-limited conclusion. Physical proficiency is credited only on the physical route.","LAB-019"
"CETa","1.8","Explain RF transmitter and transmission hazards and precautions including MPE (maximum permissible exposure)","1","Safety Precautions","20","RF, modulation, antennas, transmission, and telecom blocks","W20-CETA-DEPTH · Competency clinic","Alfred-authored explanation with mechanism, distinction, example, misconception, and evidence rule","Underline the action verb; explain 1.8 in plain language; give a circuit, instrument, component, code, procedure, or work example; then state valid evidence.","Apply 1.8 in a changed scenario without notes and distinguish the correct reasoning from one plausible shortcut.","Current reviewed question mapped to CETA:1.8; in-lesson knowledge check; Week 20 mastery/teach-back.","Correct retrieval, changed-context transfer, explanation of the tempting error, and later cumulative/retention evidence; safety-critical work also requires the stated perfect check.","LAB-020: Block diagram, wavelength or dB calculation, annotated trace/capture, complete settings, procedure, limited conclusion, and fault/escalation note. Physical proficiency is credited only on the physical route.","LAB-020"
"CETa","1.10.2","Describe MPE in RF Safety (OSHA and ANSI)","1","Safety Precautions","20","RF, modulation, antennas, transmission, and telecom blocks","W20-CETA-DEPTH · Competency clinic","Alfred-authored explanation with mechanism, distinction, example, misconception, and evidence rule","Underline the action verb; explain 1.10.2 in plain language; give a circuit, instrument, component, code, procedure, or work example; then state valid evidence.","Apply 1.10.2 in a changed scenario without notes and distinguish the correct reasoning from one plausible shortcut.","Current reviewed question mapped to CETA:1.10.2; in-lesson knowledge check; Week 20 mastery/teach-back.","Correct retrieval, changed-context transfer, explanation of the tempting error, and later cumulative/retention evidence; safety-critical work also requires the stated perfect check.","LAB-020: Block diagram, wavelength or dB calculation, annotated trace/capture, complete settings, procedure, limited conclusion, and fault/escalation note. Physical proficiency is credited only on the physical route.","LAB-020"
"CETa","8.9","Explain ESR (Equivalent Series Resistance) capacitance measurement equipment","8","Test Equipment and Measurements","20","RF, modulation, antennas, transmission, and telecom blocks","W20-CETA-DEPTH · Competency clinic","Alfred-authored explanation with mechanism, distinction, example, misconception, and evidence rule","Underline the action verb; explain 8.9 in plain language; give a circuit, instrument, component, code, procedure, or work example; then state valid evidence.","Apply 8.9 in a changed scenario without notes and distinguish the correct reasoning from one plausible shortcut.","Current reviewed question mapped to CETA:8.9; in-lesson knowledge check; Week 20 mastery/teach-back.","Correct retrieval, changed-context transfer, explanation of the tempting error, and later cumulative/retention evidence; safety-critical work also requires the stated perfect check.","LAB-020: Block diagram, wavelength or dB calculation, annotated trace/capture, complete settings, procedure, limited conclusion, and fault/escalation note. Physical proficiency is credited only on the physical route.","LAB-020"
"CETa","9.7","Explain how graphs are used to demonstrate electronics functions","9","Mathematics and Formulas","20","RF, modulation, antennas, transmission, and telecom blocks","W20-CETA-DEPTH · Competency clinic","Alfred-authored explanation with mechanism, distinction, example, misconception, and evidence rule","Underline the action verb; explain 9.7 in plain language; give a circuit, instrument, component, code, procedure, or work example; then state valid evidence.","Apply 9.7 in a changed scenario without notes and distinguish the correct reasoning from one plausible shortcut.","Current reviewed question mapped to CETA:9.7; in-lesson knowledge check; Week 20 mastery/teach-back.","Correct retrieval, changed-context transfer, explanation of the tempting error, and later cumulative/retention evidence; safety-critical work also requires the stated perfect check.","LAB-020: Block diagram, wavelength or dB calculation, annotated trace/capture, complete settings, procedure, limited conclusion, and fault/escalation note. Physical proficiency is credited only on the physical route.","LAB-020"
"CETa","19.1","Explain basic wave propagation and its importance to wireless communications","19","Radio (RF) Communications Technology","20","RF, modulation, antennas, transmission, and telecom blocks","W20-CETA-DEPTH · Competency clinic","Alfred-authored explanation with mechanism, distinction, example, misconception, and evidence rule","Underline the action verb; explain 19.1 in plain language; give a circuit, instrument, component, code, procedure, or work example; then state valid evidence.","Apply 19.1 in a changed scenario without notes and distinguish the correct reasoning from one plausible shortcut.","Current reviewed question mapped to CETA:19.1; in-lesson knowledge check; Week 20 mastery/teach-back.","Correct retrieval, changed-context transfer, explanation of the tempting error, and later cumulative/retention evidence; safety-critical work also requires the stated perfect check.","LAB-020: Block diagram, wavelength or dB calculation, annotated trace/capture, complete settings, procedure, limited conclusion, and fault/escalation note. Physical proficiency is credited only on the physical route.","LAB-020"
"CETa","19.2","Describe the basic theory of how antennas work","19","Radio (RF) Communications Technology","20","RF, modulation, antennas, transmission, and telecom blocks","W20-CETA-DEPTH · Competency clinic","Alfred-authored explanation with mechanism, distinction, example, misconception, and evidence rule","Underline the action verb; explain 19.2 in plain language; give a circuit, instrument, component, code, procedure, or work example; then state valid evidence.","Apply 19.2 in a changed scenario without notes and distinguish the correct reasoning from one plausible shortcut.","Current reviewed question mapped to CETA:19.2; in-lesson knowledge check; Week 20 mastery/teach-back.","Correct retrieval, changed-context transfer, explanation of the tempting error, and later cumulative/retention evidence; safety-critical work also requires the stated perfect check.","LAB-020: Block diagram, wavelength or dB calculation, annotated trace/capture, complete settings, procedure, limited conclusion, and fault/escalation note. Physical proficiency is credited only on the physical route.","LAB-020"
"CETa","19.2.1","List the types of transmission lines (feedline) used between antennas and RF equipment","19","Radio (RF) Communications Technology","20","RF, modulation, antennas, transmission, and telecom blocks","W20-CETA-DEPTH · Competency clinic","Alfred-authored explanation with mechanism, distinction, example, misconception, and evidence rule","Underline the action verb; explain 19.2.1 in plain language; give a circuit, instrument, component, code, procedure, or work example; then state valid evidence.","Apply 19.2.1 in a changed scenario without notes and distinguish the correct reasoning from one plausible shortcut.","Current reviewed question mapped to CETA:19.2.1; in-lesson knowledge check; Week 20 mastery/teach-back.","Correct retrieval, changed-context transfer, explanation of the tempting error, and later cumulative/retention evidence; safety-critical work also requires the stated perfect check.","LAB-020: Block diagram, wavelength or dB calculation, annotated trace/capture, complete settings, procedure, limited conclusion, and fault/escalation note. Physical proficiency is credited only on the physical route.","LAB-020"
"CETa","19.3","Define polarization, electromagnetic and electro-static fields and their relationships to each other","19","Radio (RF) Communications Technology","20","RF, modulation, antennas, transmission, and telecom blocks","W20-CETA-DEPTH · Competency clinic","Alfred-authored explanation with mechanism, distinction, example, misconception, and evidence rule","Underline the action verb; explain 19.3 in plain language; give a circuit, instrument, component, code, procedure, or work example; then state valid evidence.","Apply 19.3 in a changed scenario without notes and distinguish the correct reasoning from one plausible shortcut.","Current reviewed question mapped to CETA:19.3; in-lesson knowledge check; Week 20 mastery/teach-back.","Correct retrieval, changed-context transfer, explanation of the tempting error, and later cumulative/retention evidence; safety-critical work also requires the stated perfect check.","LAB-020: Block diagram, wavelength or dB calculation, annotated trace/capture, complete settings, procedure, limited conclusion, and fault/escalation note. Physical proficiency is credited only on the physical route.","LAB-020"
"CETa","19.4","Differentiate between the signals/signaling of AM, FM radio/TV, LMR including CDMA, GSM, LTE, 5G (i.e., modulation)","19","Radio (RF) Communications Technology","20","RF, modulation, antennas, transmission, and telecom blocks","W20-CETA-DEPTH · Competency clinic","Alfred-authored explanation with mechanism, distinction, example, misconception, and evidence rule","Underline the action verb; explain 19.4 in plain language; give a circuit, instrument, component, code, procedure, or work example; then state valid evidence.","Apply 19.4 in a changed scenario without notes and distinguish the correct reasoning from one plausible shortcut.","Current reviewed question mapped to CETA:19.4; in-lesson knowledge check; Week 20 mastery/teach-back.","Correct retrieval, changed-context transfer, explanation of the tempting error, and later cumulative/retention evidence; safety-critical work also requires the stated perfect check.","LAB-020: Block diagram, wavelength or dB calculation, annotated trace/capture, complete settings, procedure, limited conclusion, and fault/escalation note. Physical proficiency is credited only on the physical route.","LAB-020"
"CETa","19.5","Differentiate usage of communications radios and commercial broadcast receivers","19","Radio (RF) Communications Technology","20","RF, modulation, antennas, transmission, and telecom blocks","W20-CETA-DEPTH · Competency clinic","Alfred-authored explanation with mechanism, distinction, example, misconception, and evidence rule","Underline the action verb; explain 19.5 in plain language; give a circuit, instrument, component, code, procedure, or work example; then state valid evidence.","Apply 19.5 in a changed scenario without notes and distinguish the correct reasoning from one plausible shortcut.","Current reviewed question mapped to CETA:19.5; in-lesson knowledge check; Week 20 mastery/teach-back.","Correct retrieval, changed-context transfer, explanation of the tempting error, and later cumulative/retention evidence; safety-critical work also requires the stated perfect check.","LAB-020: Block diagram, wavelength or dB calculation, annotated trace/capture, complete settings, procedure, limited conclusion, and fault/escalation note. Physical proficiency is credited only on the physical route.","LAB-020"
"CETa","19.6","Describe the major radio receiver circuitry sections","19","Radio (RF) Communications Technology","20","RF, modulation, antennas, transmission, and telecom blocks","W20-CETA-DEPTH · Competency clinic","Alfred-authored explanation with mechanism, distinction, example, misconception, and evidence rule","Underline the action verb; explain 19.6 in plain language; give a circuit, instrument, component, code, procedure, or work example; then state valid evidence.","Apply 19.6 in a changed scenario without notes and distinguish the correct reasoning from one plausible shortcut.","Current reviewed question mapped to CETA:19.6; in-lesson knowledge check; Week 20 mastery/teach-back.","Correct retrieval, changed-context transfer, explanation of the tempting error, and later cumulative/retention evidence; safety-critical work also requires the stated perfect check.","LAB-020: Block diagram, wavelength or dB calculation, annotated trace/capture, complete settings, procedure, limited conclusion, and fault/escalation note. Physical proficiency is credited only on the physical route.","LAB-020"
"CETa","19.7","List common frequency bands (spectrum)","19","Radio (RF) Communications Technology","20","RF, modulation, antennas, transmission, and telecom blocks","W20-CETA-DEPTH · Competency clinic","Alfred-authored explanation with mechanism, distinction, example, misconception, and evidence rule","Underline the action verb; explain 19.7 in plain language; give a circuit, instrument, component, code, procedure, or work example; then state valid evidence.","Apply 19.7 in a changed scenario without notes and distinguish the correct reasoning from one plausible shortcut.","Current reviewed question mapped to CETA:19.7; in-lesson knowledge check; Week 20 mastery/teach-back.","Correct retrieval, changed-context transfer, explanation of the tempting error, and later cumulative/retention evidence; safety-critical work also requires the stated perfect check.","LAB-020: Block diagram, wavelength or dB calculation, annotated trace/capture, complete settings, procedure, limited conclusion, and fault/escalation note. Physical proficiency is credited only on the physical route.","LAB-020"
"CETa","19.8","Explain radio circuit tuning and adjustments","19","Radio (RF) Communications Technology","20","RF, modulation, antennas, transmission, and telecom blocks","W20-CETA-DEPTH · Competency clinic","Alfred-authored explanation with mechanism, distinction, example, misconception, and evidence rule","Underline the action verb; explain 19.8 in plain language; give a circuit, instrument, component, code, procedure, or work example; then state valid evidence.","Apply 19.8 in a changed scenario without notes and distinguish the correct reasoning from one plausible shortcut.","Current reviewed question mapped to CETA:19.8; in-lesson knowledge check; Week 20 mastery/teach-back.","Correct retrieval, changed-context transfer, explanation of the tempting error, and later cumulative/retention evidence; safety-critical work also requires the stated perfect check.","LAB-020: Block diagram, wavelength or dB calculation, annotated trace/capture, complete settings, procedure, limited conclusion, and fault/escalation note. Physical proficiency is credited only on the physical route.","LAB-020"
"CETa","19.9","Explain Standing Wave Ratios (SWR) and measuring voltage standing wave ratios (VSWR)","19","Radio (RF) Communications Technology","20","RF, modulation, antennas, transmission, and telecom blocks","W20-CETA-DEPTH · Competency clinic","Alfred-authored explanation with mechanism, distinction, example, misconception, and evidence rule","Underline the action verb; explain 19.9 in plain language; give a circuit, instrument, component, code, procedure, or work example; then state valid evidence.","Apply 19.9 in a changed scenario without notes and distinguish the correct reasoning from one plausible shortcut.","Current reviewed question mapped to CETA:19.9; in-lesson knowledge check; Week 20 mastery/teach-back.","Correct retrieval, changed-context transfer, explanation of the tempting error, and later cumulative/retention evidence; safety-critical work also requires the stated perfect check.","LAB-020: Block diagram, wavelength or dB calculation, annotated trace/capture, complete settings, procedure, limited conclusion, and fault/escalation note. Physical proficiency is credited only on the physical route.","LAB-020"
"CETa","19.10","Explain the relationships between frequency and wavelength","19","Radio (RF) Communications Technology","20","RF, modulation, antennas, transmission, and telecom blocks","W20-CETA-DEPTH · Competency clinic","Alfred-authored explanation with mechanism, distinction, example, misconception, and evidence rule","Underline the action verb; explain 19.10 in plain language; give a circuit, instrument, component, code, procedure, or work example; then state valid evidence.","Apply 19.10 in a changed scenario without notes and distinguish the correct reasoning from one plausible shortcut.","Current reviewed question mapped to CETA:19.10; in-lesson knowledge check; Week 20 mastery/teach-back.","Correct retrieval, changed-context transfer, explanation of the tempting error, and later cumulative/retention evidence; safety-critical work also requires the stated perfect check.","LAB-020: Block diagram, wavelength or dB calculation, annotated trace/capture, complete settings, procedure, limited conclusion, and fault/escalation note. Physical proficiency is credited only on the physical route.","LAB-020"
"CETa","19.11","Explain the importance of impedance matching; list causes of mismatches","19","Radio (RF) Communications Technology","20","RF, modulation, antennas, transmission, and telecom blocks","W20-CETA-DEPTH · Competency clinic","Alfred-authored explanation with mechanism, distinction, example, misconception, and evidence rule","Underline the action verb; explain 19.11 in plain language; give a circuit, instrument, component, code, procedure, or work example; then state valid evidence.","Apply 19.11 in a changed scenario without notes and distinguish the correct reasoning from one plausible shortcut.","Current reviewed question mapped to CETA:19.11; in-lesson knowledge check; Week 20 mastery/teach-back.","Correct retrieval, changed-context transfer, explanation of the tempting error, and later cumulative/retention evidence; safety-critical work also requires the stated perfect check.","LAB-020: Block diagram, wavelength or dB calculation, annotated trace/capture, complete settings, procedure, limited conclusion, and fault/escalation note. Physical proficiency is credited only on the physical route.","LAB-020"
"CETa","20.1","Describe major types of two-way radio communications (avionics, land mobile, maritime, etc.)","20","Telecommunications Basics","20","RF, modulation, antennas, transmission, and telecom blocks","W20-CETA-DEPTH · Competency clinic","Alfred-authored explanation with mechanism, distinction, example, misconception, and evidence rule","Underline the action verb; explain 20.1 in plain language; give a circuit, instrument, component, code, procedure, or work example; then state valid evidence.","Apply 20.1 in a changed scenario without notes and distinguish the correct reasoning from one plausible shortcut.","Current reviewed question mapped to CETA:20.1; in-lesson knowledge check; Week 20 mastery/teach-back.","Correct retrieval, changed-context transfer, explanation of the tempting error, and later cumulative/retention evidence; safety-critical work also requires the stated perfect check.","LAB-020: Block diagram, wavelength or dB calculation, annotated trace/capture, complete settings, procedure, limited conclusion, and fault/escalation note. Physical proficiency is credited only on the physical route.","LAB-020"
"CETa","20.2","Describe wireless telephone/video/data technology basics, list applicable ANSI/TIA standard","20","Telecommunications Basics","20","RF, modulation, antennas, transmission, and telecom blocks","W20-CETA-DEPTH · Competency clinic","Alfred-authored explanation with mechanism, distinction, example, misconception, and evidence rule","Underline the action verb; explain 20.2 in plain language; give a circuit, instrument, component, code, procedure, or work example; then state valid evidence.","Apply 20.2 in a changed scenario without notes and distinguish the correct reasoning from one plausible shortcut.","Current reviewed question mapped to CETA:20.2; in-lesson knowledge check; Week 20 mastery/teach-back.","Correct retrieval, changed-context transfer, explanation of the tempting error, and later cumulative/retention evidence; safety-critical work also requires the stated perfect check.","LAB-020: Block diagram, wavelength or dB calculation, annotated trace/capture, complete settings, procedure, limited conclusion, and fault/escalation note. Physical proficiency is credited only on the physical route.","LAB-020"
"CETa","20.3","Describe satellite communications principles","20","Telecommunications Basics","20","RF, modulation, antennas, transmission, and telecom blocks","W20-CETA-DEPTH · Competency clinic","Alfred-authored explanation with mechanism, distinction, example, misconception, and evidence rule","Underline the action verb; explain 20.3 in plain language; give a circuit, instrument, component, code, procedure, or work example; then state valid evidence.","Apply 20.3 in a changed scenario without notes and distinguish the correct reasoning from one plausible shortcut.","Current reviewed question mapped to CETA:20.3; in-lesson knowledge check; Week 20 mastery/teach-back.","Correct retrieval, changed-context transfer, explanation of the tempting error, and later cumulative/retention evidence; safety-critical work also requires the stated perfect check.","LAB-020: Block diagram, wavelength or dB calculation, annotated trace/capture, complete settings, procedure, limited conclusion, and fault/escalation note. Physical proficiency is credited only on the physical route.","LAB-020"
"CETa","20.4","Describe wired data and voice communications network technology","20","Telecommunications Basics","20","RF, modulation, antennas, transmission, and telecom blocks","W20-CETA-DEPTH · Competency clinic","Alfred-authored explanation with mechanism, distinction, example, misconception, and evidence rule","Underline the action verb; explain 20.4 in plain language; give a circuit, instrument, component, code, procedure, or work example; then state valid evidence.","Apply 20.4 in a changed scenario without notes and distinguish the correct reasoning from one plausible shortcut.","Current reviewed question mapped to CETA:20.4; in-lesson knowledge check; Week 20 mastery/teach-back.","Correct retrieval, changed-context transfer, explanation of the tempting error, and later cumulative/retention evidence; safety-critical work also requires the stated perfect check.","LAB-020: Block diagram, wavelength or dB calculation, annotated trace/capture, complete settings, procedure, limited conclusion, and fault/escalation note. Physical proficiency is credited only on the physical route.","LAB-020"
"CETa","20.5","Describe a basic telephone (POTS) circuit with the common wiring and splicing conventions","20","Telecommunications Basics","20","RF, modulation, antennas, transmission, and telecom blocks","W20-CETA-DEPTH · Competency clinic","Alfred-authored explanation with mechanism, distinction, example, misconception, and evidence rule","Underline the action verb; explain 20.5 in plain language; give a circuit, instrument, component, code, procedure, or work example; then state valid evidence.","Apply 20.5 in a changed scenario without notes and distinguish the correct reasoning from one plausible shortcut.","Current reviewed question mapped to CETA:20.5; in-lesson knowledge check; Week 20 mastery/teach-back.","Correct retrieval, changed-context transfer, explanation of the tempting error, and later cumulative/retention evidence; safety-critical work also requires the stated perfect check.","LAB-020: Block diagram, wavelength or dB calculation, annotated trace/capture, complete settings, procedure, limited conclusion, and fault/escalation note. Physical proficiency is credited only on the physical route.","LAB-020"
"Career","C12.4","Create a concise test report with purpose, setup, method, results, plots/tables, conclusions, and unresolved risks.","C12","Engineering Workflow & Documentation","20","Measurement procedure, spectrum interpretation, and technical handoff","W20-CAREER-DEPTH · Competency clinic","Alfred-authored explanation with mechanism, distinction, example, misconception, and evidence rule","Underline the action verb; explain C12.4 in plain language; give a circuit, instrument, component, code, procedure, or work example; then state valid evidence.","Apply C12.4 in a changed scenario without notes and distinguish the correct reasoning from one plausible shortcut.","Current reviewed question mapped to CAREER:C12.4; in-lesson knowledge check; Week 20 mastery/teach-back.","Correct retrieval, changed-context transfer, explanation of the tempting error, and later cumulative/retention evidence; safety-critical work also requires the stated perfect check.","LAB-020: Block diagram, wavelength or dB calculation, annotated trace/capture, complete settings, procedure, limited conclusion, and fault/escalation note. Physical proficiency is credited only on the physical route.","LAB-020"
"Career","C12.5","Communicate a technical problem to an engineer using observed facts, measurements, attempted checks, and a clear question.","C12","Engineering Workflow & Documentation","20","Measurement procedure, spectrum interpretation, and technical handoff","W20-CAREER-DEPTH · Competency clinic","Alfred-authored explanation with mechanism, distinction, example, misconception, and evidence rule","Underline the action verb; explain C12.5 in plain language; give a circuit, instrument, component, code, procedure, or work example; then state valid evidence.","Apply C12.5 in a changed scenario without notes and distinguish the correct reasoning from one plausible shortcut.","Current reviewed question mapped to CAREER:C12.5; in-lesson knowledge check; Week 20 mastery/teach-back.","Correct retrieval, changed-context transfer, explanation of the tempting error, and later cumulative/retention evidence; safety-critical work also requires the stated perfect check.","LAB-020: Block diagram, wavelength or dB calculation, annotated trace/capture, complete settings, procedure, limited conclusion, and fault/escalation note. Physical proficiency is credited only on the physical route.","LAB-020"
"Career","C11.1","Translate a requirement into a measurable verification step with setup, stimulus, expected result, tolerance, and evidence.","C11","Hardware Test, Validation & Quality","22","Write requirements and verification before building","W22-CAREER-DEPTH · Competency clinic","Alfred-authored explanation with mechanism, distinction, example, misconception, and evidence rule","Underline the action verb; explain C11.1 in plain language; give a circuit, instrument, component, code, procedure, or work example; then state valid evidence.","Apply C11.1 in a changed scenario without notes and distinguish the correct reasoning from one plausible shortcut.","Current reviewed question mapped to CAREER:C11.1; in-lesson knowledge check; Week 22 mastery/teach-back.","Correct retrieval, changed-context transfer, explanation of the tempting error, and later cumulative/retention evidence; safety-critical work also requires the stated perfect check.","LAB-022: Readiness repair record, fresh results, requirements, architecture, interface/BOM, test trace, risks, and design-review decisions. Physical proficiency is credited only on the physical route.","LAB-022"
"Career","C11.3","Design a repeatable test procedure that controls variables and records enough context for another technician to reproduce it.","C11","Hardware Test, Validation & Quality","22","Write requirements and verification before building","W22-CAREER-DEPTH · Competency clinic","Alfred-authored explanation with mechanism, distinction, example, misconception, and evidence rule","Underline the action verb; explain C11.3 in plain language; give a circuit, instrument, component, code, procedure, or work example; then state valid evidence.","Apply C11.3 in a changed scenario without notes and distinguish the correct reasoning from one plausible shortcut.","Current reviewed question mapped to CAREER:C11.3; in-lesson knowledge check; Week 22 mastery/teach-back.","Correct retrieval, changed-context transfer, explanation of the tempting error, and later cumulative/retention evidence; safety-critical work also requires the stated perfect check.","LAB-022: Readiness repair record, fresh results, requirements, architecture, interface/BOM, test trace, risks, and design-review decisions. Physical proficiency is credited only on the physical route.","LAB-022"
"Career","C12.3","Write lab notes with date, objective, configuration, observations, measurements, anomalies, and next actions.","C12","Engineering Workflow & Documentation","22","Write requirements and verification before building","W22-CAREER-DEPTH · Competency clinic","Alfred-authored explanation with mechanism, distinction, example, misconception, and evidence rule","Underline the action verb; explain C12.3 in plain language; give a circuit, instrument, component, code, procedure, or work example; then state valid evidence.","Apply C12.3 in a changed scenario without notes and distinguish the correct reasoning from one plausible shortcut.","Current reviewed question mapped to CAREER:C12.3; in-lesson knowledge check; Week 22 mastery/teach-back.","Correct retrieval, changed-context transfer, explanation of the tempting error, and later cumulative/retention evidence; safety-critical work also requires the stated perfect check.","LAB-022: Readiness repair record, fresh results, requirements, architecture, interface/BOM, test trace, risks, and design-review decisions. Physical proficiency is credited only on the physical route.","LAB-022"
"CETa","16.10","Explain the differences between an individual stand-alone computer and basic networking","16","Computer Applications and Software","27","Retention: computer applications, data, ports, and calculation integrity","W27-CETA-DEPTH · Competency clinic","Alfred-authored explanation with mechanism, distinction, example, misconception, and evidence rule","Underline the action verb; explain 16.10 in plain language; give a circuit, instrument, component, code, procedure, or work example; then state valid evidence.","Apply 16.10 in a changed scenario without notes and distinguish the correct reasoning from one plausible shortcut.","Current reviewed question mapped to CETA:16.10; in-lesson knowledge check; Week 27 mastery/teach-back.","Correct retrieval, changed-context transfer, explanation of the tempting error, and later cumulative/retention evidence; safety-critical work also requires the stated perfect check.","LAB-023: Test procedure, source, requirements trace, raw and parsed log, PASS/FAIL/ERROR cases, plot/table with units/limits, and reproducibility notes. Physical proficiency is credited only on the physical route.","LAB-023"
"Career","C10.1","Use Python to open, configure, read from, and write to a serial device with explicit timeouts and error handling.","C10","Python Test Automation & Data","27","Design a maintainable automated hardware test","W27-CAREER-DEPTH · Competency clinic","Alfred-authored explanation with mechanism, distinction, example, misconception, and evidence rule","Underline the action verb; explain C10.1 in plain language; give a circuit, instrument, component, code, procedure, or work example; then state valid evidence.","Apply C10.1 in a changed scenario without notes and distinguish the correct reasoning from one plausible shortcut.","Current reviewed question mapped to CAREER:C10.1; in-lesson knowledge check; Week 27 mastery/teach-back.","Correct retrieval, changed-context transfer, explanation of the tempting error, and later cumulative/retention evidence; safety-critical work also requires the stated perfect check.","LAB-023: Test procedure, source, requirements trace, raw and parsed log, PASS/FAIL/ERROR cases, plot/table with units/limits, and reproducibility notes. Physical proficiency is credited only on the physical route.","LAB-023"
"Career","C10.2","Parse incoming measurements into structured values and reject malformed or out-of-range data safely.","C10","Python Test Automation & Data","27","Design a maintainable automated hardware test","W27-CAREER-DEPTH · Competency clinic","Alfred-authored explanation with mechanism, distinction, example, misconception, and evidence rule","Underline the action verb; explain C10.2 in plain language; give a circuit, instrument, component, code, procedure, or work example; then state valid evidence.","Apply C10.2 in a changed scenario without notes and distinguish the correct reasoning from one plausible shortcut.","Current reviewed question mapped to CAREER:C10.2; in-lesson knowledge check; Week 27 mastery/teach-back.","Correct retrieval, changed-context transfer, explanation of the tempting error, and later cumulative/retention evidence; safety-critical work also requires the stated perfect check.","LAB-023: Test procedure, source, requirements trace, raw and parsed log, PASS/FAIL/ERROR cases, plot/table with units/limits, and reproducibility notes. Physical proficiency is credited only on the physical route.","LAB-023"
"Career","C10.3","Log timestamped test data in a reproducible format that preserves units, device identity, and test conditions.","C10","Python Test Automation & Data","27","Design a maintainable automated hardware test","W27-CAREER-DEPTH · Competency clinic","Alfred-authored explanation with mechanism, distinction, example, misconception, and evidence rule","Underline the action verb; explain C10.3 in plain language; give a circuit, instrument, component, code, procedure, or work example; then state valid evidence.","Apply C10.3 in a changed scenario without notes and distinguish the correct reasoning from one plausible shortcut.","Current reviewed question mapped to CAREER:C10.3; in-lesson knowledge check; Week 27 mastery/teach-back.","Correct retrieval, changed-context transfer, explanation of the tempting error, and later cumulative/retention evidence; safety-critical work also requires the stated perfect check.","LAB-023: Test procedure, source, requirements trace, raw and parsed log, PASS/FAIL/ERROR cases, plot/table with units/limits, and reproducibility notes. Physical proficiency is credited only on the physical route.","LAB-023"
"Career","C10.4","Write an automated PASS/FAIL check against explicit limits and report why a failure occurred.","C10","Python Test Automation & Data","27","Design a maintainable automated hardware test","W27-CAREER-DEPTH · Competency clinic","Alfred-authored explanation with mechanism, distinction, example, misconception, and evidence rule","Underline the action verb; explain C10.4 in plain language; give a circuit, instrument, component, code, procedure, or work example; then state valid evidence.","Apply C10.4 in a changed scenario without notes and distinguish the correct reasoning from one plausible shortcut.","Current reviewed question mapped to CAREER:C10.4; in-lesson knowledge check; Week 27 mastery/teach-back.","Correct retrieval, changed-context transfer, explanation of the tempting error, and later cumulative/retention evidence; safety-critical work also requires the stated perfect check.","LAB-023: Test procedure, source, requirements trace, raw and parsed log, PASS/FAIL/ERROR cases, plot/table with units/limits, and reproducibility notes. Physical proficiency is credited only on the physical route.","LAB-023"
"Career","C10.5","Plot or summarize test data to reveal trends, drift, noise, or outliers relevant to a hardware decision.","C10","Python Test Automation & Data","27","Design a maintainable automated hardware test","W27-CAREER-DEPTH · Competency clinic","Alfred-authored explanation with mechanism, distinction, example, misconception, and evidence rule","Underline the action verb; explain C10.5 in plain language; give a circuit, instrument, component, code, procedure, or work example; then state valid evidence.","Apply C10.5 in a changed scenario without notes and distinguish the correct reasoning from one plausible shortcut.","Current reviewed question mapped to CAREER:C10.5; in-lesson knowledge check; Week 27 mastery/teach-back.","Correct retrieval, changed-context transfer, explanation of the tempting error, and later cumulative/retention evidence; safety-critical work also requires the stated perfect check.","LAB-023: Test procedure, source, requirements trace, raw and parsed log, PASS/FAIL/ERROR cases, plot/table with units/limits, and reproducibility notes. Physical proficiency is credited only on the physical route.","LAB-023"
"Career","C10.6","Structure a small hardware-test script so setup, stimulus, measurement, evaluation, cleanup, and reporting are separate steps.","C10","Python Test Automation & Data","27","Design a maintainable automated hardware test","W27-CAREER-DEPTH · Competency clinic","Alfred-authored explanation with mechanism, distinction, example, misconception, and evidence rule","Underline the action verb; explain C10.6 in plain language; give a circuit, instrument, component, code, procedure, or work example; then state valid evidence.","Apply C10.6 in a changed scenario without notes and distinguish the correct reasoning from one plausible shortcut.","Current reviewed question mapped to CAREER:C10.6; in-lesson knowledge check; Week 27 mastery/teach-back.","Correct retrieval, changed-context transfer, explanation of the tempting error, and later cumulative/retention evidence; safety-critical work also requires the stated perfect check.","LAB-023: Test procedure, source, requirements trace, raw and parsed log, PASS/FAIL/ERROR cases, plot/table with units/limits, and reproducibility notes. Physical proficiency is credited only on the physical route.","LAB-023"
"CETa","21.1","Explain major invoice and billing concepts for service businesses","21","Technician Work Procedures","28","Retention: diagrams, test equipment, records, and procedure","W28-CETA-DEPTH · Competency clinic","Alfred-authored explanation with mechanism, distinction, example, misconception, and evidence rule","Underline the action verb; explain 21.1 in plain language; give a circuit, instrument, component, code, procedure, or work example; then state valid evidence.","Apply 21.1 in a changed scenario without notes and distinguish the correct reasoning from one plausible shortcut.","Current reviewed question mapped to CETA:21.1; in-lesson knowledge check; Week 28 mastery/teach-back.","Correct retrieval, changed-context transfer, explanation of the tempting error, and later cumulative/retention evidence; safety-critical work also requires the stated perfect check.","Week 28 project/application evidence: Fault matrix, safety review, raw captures/logs, root-cause chains, corrective-action diff, retest results, limitations, and final report.",""
"CETa","21.2","Describe ways to procure service literature","21","Technician Work Procedures","28","Retention: diagrams, test equipment, records, and procedure","W28-CETA-DEPTH · Competency clinic","Alfred-authored explanation with mechanism, distinction, example, misconception, and evidence rule","Underline the action verb; explain 21.2 in plain language; give a circuit, instrument, component, code, procedure, or work example; then state valid evidence.","Apply 21.2 in a changed scenario without notes and distinguish the correct reasoning from one plausible shortcut.","Current reviewed question mapped to CETA:21.2; in-lesson knowledge check; Week 28 mastery/teach-back.","Correct retrieval, changed-context transfer, explanation of the tempting error, and later cumulative/retention evidence; safety-critical work also requires the stated perfect check.","Week 28 project/application evidence: Fault matrix, safety review, raw captures/logs, root-cause chains, corrective-action diff, retest results, limitations, and final report.",""
"CETa","21.3","Describe locations/cross referencing of parts and products","21","Technician Work Procedures","28","Retention: diagrams, test equipment, records, and procedure","W28-CETA-DEPTH · Competency clinic","Alfred-authored explanation with mechanism, distinction, example, misconception, and evidence rule","Underline the action verb; explain 21.3 in plain language; give a circuit, instrument, component, code, procedure, or work example; then state valid evidence.","Apply 21.3 in a changed scenario without notes and distinguish the correct reasoning from one plausible shortcut.","Current reviewed question mapped to CETA:21.3; in-lesson knowledge check; Week 28 mastery/teach-back.","Correct retrieval, changed-context transfer, explanation of the tempting error, and later cumulative/retention evidence; safety-critical work also requires the stated perfect check.","Week 28 project/application evidence: Fault matrix, safety review, raw captures/logs, root-cause chains, corrective-action diff, retest results, limitations, and final report.",""
"CETa","21.4","Explain the purposes and requirements for proper record keeping, report generation","21","Technician Work Procedures","28","Retention: diagrams, test equipment, records, and procedure","W28-CETA-DEPTH · Competency clinic","Alfred-authored explanation with mechanism, distinction, example, misconception, and evidence rule","Underline the action verb; explain 21.4 in plain language; give a circuit, instrument, component, code, procedure, or work example; then state valid evidence.","Apply 21.4 in a changed scenario without notes and distinguish the correct reasoning from one plausible shortcut.","Current reviewed question mapped to CETA:21.4; in-lesson knowledge check; Week 28 mastery/teach-back.","Correct retrieval, changed-context transfer, explanation of the tempting error, and later cumulative/retention evidence; safety-critical work also requires the stated perfect check.","Week 28 project/application evidence: Fault matrix, safety review, raw captures/logs, root-cause chains, corrective-action diff, retest results, limitations, and final report.",""
"CETa","21.5","Explain how to calculate individual and department productivity for a specific period","21","Technician Work Procedures","28","Retention: diagrams, test equipment, records, and procedure","W28-CETA-DEPTH · Competency clinic","Alfred-authored explanation with mechanism, distinction, example, misconception, and evidence rule","Underline the action verb; explain 21.5 in plain language; give a circuit, instrument, component, code, procedure, or work example; then state valid evidence.","Apply 21.5 in a changed scenario without notes and distinguish the correct reasoning from one plausible shortcut.","Current reviewed question mapped to CETA:21.5; in-lesson knowledge check; Week 28 mastery/teach-back.","Correct retrieval, changed-context transfer, explanation of the tempting error, and later cumulative/retention evidence; safety-critical work also requires the stated perfect check.","Week 28 project/application evidence: Fault matrix, safety review, raw captures/logs, root-cause chains, corrective-action diff, retest results, limitations, and final report.",""
"CETa","21.6","Describe contacting product maker help desks and service departments","21","Technician Work Procedures","28","Retention: diagrams, test equipment, records, and procedure","W28-CETA-DEPTH · Competency clinic","Alfred-authored explanation with mechanism, distinction, example, misconception, and evidence rule","Underline the action verb; explain 21.6 in plain language; give a circuit, instrument, component, code, procedure, or work example; then state valid evidence.","Apply 21.6 in a changed scenario without notes and distinguish the correct reasoning from one plausible shortcut.","Current reviewed question mapped to CETA:21.6; in-lesson knowledge check; Week 28 mastery/teach-back.","Correct retrieval, changed-context transfer, explanation of the tempting error, and later cumulative/retention evidence; safety-critical work also requires the stated perfect check.","Week 28 project/application evidence: Fault matrix, safety review, raw captures/logs, root-cause chains, corrective-action diff, retest results, limitations, and final report.",""
"CETa","21.7","Explain estimate concepts for service work including test planning","21","Technician Work Procedures","28","Retention: diagrams, test equipment, records, and procedure","W28-CETA-DEPTH · Competency clinic","Alfred-authored explanation with mechanism, distinction, example, misconception, and evidence rule","Underline the action verb; explain 21.7 in plain language; give a circuit, instrument, component, code, procedure, or work example; then state valid evidence.","Apply 21.7 in a changed scenario without notes and distinguish the correct reasoning from one plausible shortcut.","Current reviewed question mapped to CETA:21.7; in-lesson knowledge check; Week 28 mastery/teach-back.","Correct retrieval, changed-context transfer, explanation of the tempting error, and later cumulative/retention evidence; safety-critical work also requires the stated perfect check.","Week 28 project/application evidence: Fault matrix, safety review, raw captures/logs, root-cause chains, corrective-action diff, retest results, limitations, and final report.",""
"CETa","21.8","Describe field technician work procedures that may differ from in-shop routines","21","Technician Work Procedures","28","Retention: diagrams, test equipment, records, and procedure","W28-CETA-DEPTH · Competency clinic","Alfred-authored explanation with mechanism, distinction, example, misconception, and evidence rule","Underline the action verb; explain 21.8 in plain language; give a circuit, instrument, component, code, procedure, or work example; then state valid evidence.","Apply 21.8 in a changed scenario without notes and distinguish the correct reasoning from one plausible shortcut.","Current reviewed question mapped to CETA:21.8; in-lesson knowledge check; Week 28 mastery/teach-back.","Correct retrieval, changed-context transfer, explanation of the tempting error, and later cumulative/retention evidence; safety-critical work also requires the stated perfect check.","Week 28 project/application evidence: Fault matrix, safety review, raw captures/logs, root-cause chains, corrective-action diff, retest results, limitations, and final report.",""
"CETa","21.9","Explain project management and list steps to follow to achieve maximum results","21","Technician Work Procedures","28","Retention: diagrams, test equipment, records, and procedure","W28-CETA-DEPTH · Competency clinic","Alfred-authored explanation with mechanism, distinction, example, misconception, and evidence rule","Underline the action verb; explain 21.9 in plain language; give a circuit, instrument, component, code, procedure, or work example; then state valid evidence.","Apply 21.9 in a changed scenario without notes and distinguish the correct reasoning from one plausible shortcut.","Current reviewed question mapped to CETA:21.9; in-lesson knowledge check; Week 28 mastery/teach-back.","Correct retrieval, changed-context transfer, explanation of the tempting error, and later cumulative/retention evidence; safety-critical work also requires the stated perfect check.","Week 28 project/application evidence: Fault matrix, safety review, raw captures/logs, root-cause chains, corrective-action diff, retest results, limitations, and final report.",""
"Career","C5.5","Use fault injection or controlled perturbation to demonstrate that a diagnostic method can detect an expected failure mode.","C5","Troubleshooting & Root Cause","28","Design controlled faults and write a defensible report","W28-CAREER-DEPTH · Competency clinic","Alfred-authored explanation with mechanism, distinction, example, misconception, and evidence rule","Underline the action verb; explain C5.5 in plain language; give a circuit, instrument, component, code, procedure, or work example; then state valid evidence.","Apply C5.5 in a changed scenario without notes and distinguish the correct reasoning from one plausible shortcut.","Current reviewed question mapped to CAREER:C5.5; in-lesson knowledge check; Week 28 mastery/teach-back.","Correct retrieval, changed-context transfer, explanation of the tempting error, and later cumulative/retention evidence; safety-critical work also requires the stated perfect check.","Week 28 project/application evidence: Fault matrix, safety review, raw captures/logs, root-cause chains, corrective-action diff, retest results, limitations, and final report.",""
"Career","C11.2","Distinguish verification, validation, characterization, troubleshooting, and production test.","C11","Hardware Test, Validation & Quality","28","Design controlled faults and write a defensible report","W28-CAREER-DEPTH · Competency clinic","Alfred-authored explanation with mechanism, distinction, example, misconception, and evidence rule","Underline the action verb; explain C11.2 in plain language; give a circuit, instrument, component, code, procedure, or work example; then state valid evidence.","Apply C11.2 in a changed scenario without notes and distinguish the correct reasoning from one plausible shortcut.","Current reviewed question mapped to CAREER:C11.2; in-lesson knowledge check; Week 28 mastery/teach-back.","Correct retrieval, changed-context transfer, explanation of the tempting error, and later cumulative/retention evidence; safety-critical work also requires the stated perfect check.","Week 28 project/application evidence: Fault matrix, safety review, raw captures/logs, root-cause chains, corrective-action diff, retest results, limitations, and final report.",""
"Career","C11.4","Use boundary, nominal, and fault conditions to expose weaknesses that a single happy-path test would miss.","C11","Hardware Test, Validation & Quality","28","Design controlled faults and write a defensible report","W28-CAREER-DEPTH · Competency clinic","Alfred-authored explanation with mechanism, distinction, example, misconception, and evidence rule","Underline the action verb; explain C11.4 in plain language; give a circuit, instrument, component, code, procedure, or work example; then state valid evidence.","Apply C11.4 in a changed scenario without notes and distinguish the correct reasoning from one plausible shortcut.","Current reviewed question mapped to CAREER:C11.4; in-lesson knowledge check; Week 28 mastery/teach-back.","Correct retrieval, changed-context transfer, explanation of the tempting error, and later cumulative/retention evidence; safety-critical work also requires the stated perfect check.","Week 28 project/application evidence: Fault matrix, safety review, raw captures/logs, root-cause chains, corrective-action diff, retest results, limitations, and final report.",""
"Career","C11.5","Interpret test results against requirements and identify whether the result is pass, fail, inconclusive, or requires additional data.","C11","Hardware Test, Validation & Quality","28","Design controlled faults and write a defensible report","W28-CAREER-DEPTH · Competency clinic","Alfred-authored explanation with mechanism, distinction, example, misconception, and evidence rule","Underline the action verb; explain C11.5 in plain language; give a circuit, instrument, component, code, procedure, or work example; then state valid evidence.","Apply C11.5 in a changed scenario without notes and distinguish the correct reasoning from one plausible shortcut.","Current reviewed question mapped to CAREER:C11.5; in-lesson knowledge check; Week 28 mastery/teach-back.","Correct retrieval, changed-context transfer, explanation of the tempting error, and later cumulative/retention evidence; safety-critical work also requires the stated perfect check.","Week 28 project/application evidence: Fault matrix, safety review, raw captures/logs, root-cause chains, corrective-action diff, retest results, limitations, and final report.",""
"Career","C11.6","Maintain traceability between requirement, test case, result, anomaly, corrective action, and retest evidence.","C11","Hardware Test, Validation & Quality","28","Design controlled faults and write a defensible report","W28-CAREER-DEPTH · Competency clinic","Alfred-authored explanation with mechanism, distinction, example, misconception, and evidence rule","Underline the action verb; explain C11.6 in plain language; give a circuit, instrument, component, code, procedure, or work example; then state valid evidence.","Apply C11.6 in a changed scenario without notes and distinguish the correct reasoning from one plausible shortcut.","Current reviewed question mapped to CAREER:C11.6; in-lesson knowledge check; Week 28 mastery/teach-back.","Correct retrieval, changed-context transfer, explanation of the tempting error, and later cumulative/retention evidence; safety-critical work also requires the stated perfect check.","Week 28 project/application evidence: Fault matrix, safety review, raw captures/logs, root-cause chains, corrective-action diff, retest results, limitations, and final report.",""
"Career","C13.1","Present a project with problem, requirements, architecture, implementation, test evidence, failure/recovery story, and final result.","C13","Portfolio, Interview & Career Transition","30","Build an evidence-first application and interview package","W30-CAREER-DEPTH · Competency clinic","Alfred-authored explanation with mechanism, distinction, example, misconception, and evidence rule","Underline the action verb; explain C13.1 in plain language; give a circuit, instrument, component, code, procedure, or work example; then state valid evidence.","Apply C13.1 in a changed scenario without notes and distinguish the correct reasoning from one plausible shortcut.","Current reviewed question mapped to CAREER:C13.1; in-lesson knowledge check; Week 30 mastery/teach-back.","Correct retrieval, changed-context transfer, explanation of the tempting error, and later cumulative/retention evidence; safety-critical work also requires the stated perfect check.","LAB-024: Retention result, claim audit, resume bullets, portfolio landing/readme, 90-second story, technical-defense rubric, job-fit map, and repair list. Physical proficiency is credited only on the physical route.","LAB-024"
"Career","C13.2","Explain personal contribution precisely without overstating ownership, certification, job title, or engineering authority.","C13","Portfolio, Interview & Career Transition","30","Build an evidence-first application and interview package","W30-CAREER-DEPTH · Competency clinic","Alfred-authored explanation with mechanism, distinction, example, misconception, and evidence rule","Underline the action verb; explain C13.2 in plain language; give a circuit, instrument, component, code, procedure, or work example; then state valid evidence.","Apply C13.2 in a changed scenario without notes and distinguish the correct reasoning from one plausible shortcut.","Current reviewed question mapped to CAREER:C13.2; in-lesson knowledge check; Week 30 mastery/teach-back.","Correct retrieval, changed-context transfer, explanation of the tempting error, and later cumulative/retention evidence; safety-critical work also requires the stated perfect check.","LAB-024: Retention result, claim audit, resume bullets, portfolio landing/readme, 90-second story, technical-defense rubric, job-fit map, and repair list. Physical proficiency is credited only on the physical route.","LAB-024"
"Career","C13.3","Answer a hardware troubleshooting interview question using a hypothesis-and-measurement process rather than guessing components.","C13","Portfolio, Interview & Career Transition","30","Build an evidence-first application and interview package","W30-CAREER-DEPTH · Competency clinic","Alfred-authored explanation with mechanism, distinction, example, misconception, and evidence rule","Underline the action verb; explain C13.3 in plain language; give a circuit, instrument, component, code, procedure, or work example; then state valid evidence.","Apply C13.3 in a changed scenario without notes and distinguish the correct reasoning from one plausible shortcut.","Current reviewed question mapped to CAREER:C13.3; in-lesson knowledge check; Week 30 mastery/teach-back.","Correct retrieval, changed-context transfer, explanation of the tempting error, and later cumulative/retention evidence; safety-critical work also requires the stated perfect check.","LAB-024: Retention result, claim audit, resume bullets, portfolio landing/readme, 90-second story, technical-defense rubric, job-fit map, and repair list. Physical proficiency is credited only on the physical route.","LAB-024"
"Career","C13.4","Tailor a resume bullet to an electronics/test/embedded role using concrete tools, actions, results, and evidence.","C13","Portfolio, Interview & Career Transition","30","Build an evidence-first application and interview package","W30-CAREER-DEPTH · Competency clinic","Alfred-authored explanation with mechanism, distinction, example, misconception, and evidence rule","Underline the action verb; explain C13.4 in plain language; give a circuit, instrument, component, code, procedure, or work example; then state valid evidence.","Apply C13.4 in a changed scenario without notes and distinguish the correct reasoning from one plausible shortcut.","Current reviewed question mapped to CAREER:C13.4; in-lesson knowledge check; Week 30 mastery/teach-back.","Correct retrieval, changed-context transfer, explanation of the tempting error, and later cumulative/retention evidence; safety-critical work also requires the stated perfect check.","LAB-024: Retention result, claim audit, resume bullets, portfolio landing/readme, 90-second story, technical-defense rubric, job-fit map, and repair list. Physical proficiency is credited only on the physical route.","LAB-024"
"Career","C13.5","Evaluate a job description for must-have versus learnable skills and identify a credible bridge-role application strategy.","C13","Portfolio, Interview & Career Transition","30","Build an evidence-first application and interview package","W30-CAREER-DEPTH · Competency clinic","Alfred-authored explanation with mechanism, distinction, example, misconception, and evidence rule","Underline the action verb; explain C13.5 in plain language; give a circuit, instrument, component, code, procedure, or work example; then state valid evidence.","Apply C13.5 in a changed scenario without notes and distinguish the correct reasoning from one plausible shortcut.","Current reviewed question mapped to CAREER:C13.5; in-lesson knowledge check; Week 30 mastery/teach-back.","Correct retrieval, changed-context transfer, explanation of the tempting error, and later cumulative/retention evidence; safety-critical work also requires the stated perfect check.","LAB-024: Retention result, claim audit, resume bullets, portfolio landing/readme, 90-second story, technical-defense rubric, job-fit map, and repair list. Physical proficiency is credited only on the physical route.","LAB-024"
"Career","C13.6","Use interview/application feedback to choose the next technical repair, portfolio improvement, or job-search adjustment.","C13","Portfolio, Interview & Career Transition","31","Run applications as an evidence-and-feedback loop","W31-CAREER-DEPTH · Competency clinic","Alfred-authored explanation with mechanism, distinction, example, misconception, and evidence rule","Underline the action verb; explain C13.6 in plain language; give a circuit, instrument, component, code, procedure, or work example; then state valid evidence.","Apply C13.6 in a changed scenario without notes and distinguish the correct reasoning from one plausible shortcut.","Current reviewed question mapped to CAREER:C13.6; in-lesson knowledge check; Week 31 mastery/teach-back.","Correct retrieval, changed-context transfer, explanation of the tempting error, and later cumulative/retention evidence; safety-critical work also requires the stated perfect check.","Week 31 project/application evidence: Retention plan/result, application tracker, role filters, tailored materials, feedback log, targeted repairs, re-entry dates, and 30-day plan.",""
