track,code,officialRequirement,category,categoryTitle,week,lesson,teachingSection,teachingLevel,guidedPractice,independentPractice,assessmentEvidence,masteryEvidence,laboratoryEvidence,labId,semanticVersion,semanticTeachingVerdict,semanticTeachingSection,semanticAssessmentTask,requiredSubjectKnowledge,visualEvidence,integratedLessonTrack
CETa,1.1,Describe the physiological reactions electrical shock causes,1,Safety Precautions,1,The four quantities and the circuit they describe,"W01-CETA-v16.3 · Shock physiology, emergency response, and First Aid boundaries","v16.3 integrated lesson: subject-specific technical instruction, instructional visual, worked examples, guided practice, changed independent scenario, knowledge checks, and required semantic evidence.","A 3.3 V source is applied to 1.5 kOhm. Calculate current, then state whether 1 mA or 10 mA is the more sensible mental estimate before calculating. | A resistor carries 20 mA with 5 V across it. Find resistance and power. Keep units through every step. | Sketch a source, resistor, return path, and reference node. Mark where a voltmeter connects and where an ammeter would have to be inserted.","A 9 V battery powers an LED branch modeled for this exercise as a 2.0 V LED drop plus a series resistor. Choose a resistor that produces approximately 10 mA, calculate resistor power, choose a sensible resistor power rating, and explain what changes if the resistor is accidentally one tenth the intended value.",Required semantic task SEM-1-01-001; required primary lesson gate; v16.3 integrated lesson checks; Week 1 mastery/teach-back.,Correct auto-graded lesson checks where applicable; topic-specific constructed-response/performance evidence; changed-context practice; weekly cumulative mastery; physical evidence when required.,"LAB-001: Calculation with units, pre-power checklist, circuit/simulation image, measured voltage and current, percent difference, and one troubleshooting observation. Physical proficiency is credited only on the physical route.",LAB-001,16.3,PASS,"Shock physiology, emergency response, and First Aid boundaries",SEM-1-01-001,"Recognize shock effects can include involuntary contraction, burns, respiratory or cardiac effects; Do not touch a person who may still be energized; Call emergency services and remove energy only by a safe trained method; Use CPR/AED/First Aid only within training and authorization; State that electrical injury may require medical evaluation even when external burns look limited",w01-dc-quantities,CETa
CETa,1.2,Explain the First Aid concepts and its particular importance to workers in electric and electronics fields explaining precautions for the untrained,1,Safety Precautions,1,The four quantities and the circuit they describe,"W01-CETA-v16.3 · Shock physiology, emergency response, and First Aid boundaries","v16.3 integrated lesson: subject-specific technical instruction, instructional visual, worked examples, guided practice, changed independent scenario, knowledge checks, and required semantic evidence.","A 3.3 V source is applied to 1.5 kOhm. Calculate current, then state whether 1 mA or 10 mA is the more sensible mental estimate before calculating. | A resistor carries 20 mA with 5 V across it. Find resistance and power. Keep units through every step. | Sketch a source, resistor, return path, and reference node. Mark where a voltmeter connects and where an ammeter would have to be inserted.","A 9 V battery powers an LED branch modeled for this exercise as a 2.0 V LED drop plus a series resistor. Choose a resistor that produces approximately 10 mA, calculate resistor power, choose a sensible resistor power rating, and explain what changes if the resistor is accidentally one tenth the intended value.",Required semantic task SEM-1-01-001; required primary lesson gate; v16.3 integrated lesson checks; Week 1 mastery/teach-back.,Correct auto-graded lesson checks where applicable; topic-specific constructed-response/performance evidence; changed-context practice; weekly cumulative mastery; physical evidence when required.,"LAB-001: Calculation with units, pre-power checklist, circuit/simulation image, measured voltage and current, percent difference, and one troubleshooting observation. Physical proficiency is credited only on the physical route.",LAB-001,16.3,PASS,"Shock physiology, emergency response, and First Aid boundaries",SEM-1-01-001,"Recognize shock effects can include involuntary contraction, burns, respiratory or cardiac effects; Do not touch a person who may still be energized; Call emergency services and remove energy only by a safe trained method; Use CPR/AED/First Aid only within training and authorization; State that electrical injury may require medical evaluation even when external burns look limited",w01-dc-quantities,CETa
CETa,1.3,"Explain the National Fire Protection Association (NFPA®) 70 rules described as the National Electrical Code® - NEC®, explaining how technicians comply with safety and installations",1,Safety Precautions,1,The four quantities and the circuit they describe,"W01-CETA-v16.3 · NEC awareness, overcurrent protection, and lockout/tagout","v16.3 integrated lesson: subject-specific technical instruction, instructional visual, worked examples, guided practice, changed independent scenario, knowledge checks, and required semantic evidence.","A 3.3 V source is applied to 1.5 kOhm. Calculate current, then state whether 1 mA or 10 mA is the more sensible mental estimate before calculating. | A resistor carries 20 mA with 5 V across it. Find resistance and power. Keep units through every step. | Sketch a source, resistor, return path, and reference node. Mark where a voltmeter connects and where an ammeter would have to be inserted.","A 9 V battery powers an LED branch modeled for this exercise as a 2.0 V LED drop plus a series resistor. Choose a resistor that produces approximately 10 mA, calculate resistor power, choose a sensible resistor power rating, and explain what changes if the resistor is accidentally one tenth the intended value.",Required semantic task SEM-1-01-002; required primary lesson gate; v16.3 integrated lesson checks; Week 1 mastery/teach-back.,Correct auto-graded lesson checks where applicable; topic-specific constructed-response/performance evidence; changed-context practice; weekly cumulative mastery; physical evidence when required.,"LAB-001: Calculation with units, pre-power checklist, circuit/simulation image, measured voltage and current, percent difference, and one troubleshooting observation. Physical proficiency is credited only on the physical route.",LAB-001,16.3,PASS,"NEC awareness, overcurrent protection, and lockout/tagout",SEM-1-01-002,"Match fuse/breaker type, voltage, current and interrupting rating; Explain time-delay versus fast-acting behavior; Do not bypass or up-rate protection to cure a fault; Describe identify-shutdown-isolate-lock/tag-control stored energy-verify sequence; Distinguish a control command from physical energy isolation",w01-dc-quantities,CETa
CETa,1.4,Describe fusing and circuit breaker rules and reasons for different type of fuses,1,Safety Precautions,1,The four quantities and the circuit they describe,"W01-CETA-v16.3 · NEC awareness, overcurrent protection, and lockout/tagout","v16.3 integrated lesson: subject-specific technical instruction, instructional visual, worked examples, guided practice, changed independent scenario, knowledge checks, and required semantic evidence.","A 3.3 V source is applied to 1.5 kOhm. Calculate current, then state whether 1 mA or 10 mA is the more sensible mental estimate before calculating. | A resistor carries 20 mA with 5 V across it. Find resistance and power. Keep units through every step. | Sketch a source, resistor, return path, and reference node. Mark where a voltmeter connects and where an ammeter would have to be inserted.","A 9 V battery powers an LED branch modeled for this exercise as a 2.0 V LED drop plus a series resistor. Choose a resistor that produces approximately 10 mA, calculate resistor power, choose a sensible resistor power rating, and explain what changes if the resistor is accidentally one tenth the intended value.",Required semantic task SEM-1-01-002; required primary lesson gate; v16.3 integrated lesson checks; Week 1 mastery/teach-back.,Correct auto-graded lesson checks where applicable; topic-specific constructed-response/performance evidence; changed-context practice; weekly cumulative mastery; physical evidence when required.,"LAB-001: Calculation with units, pre-power checklist, circuit/simulation image, measured voltage and current, percent difference, and one troubleshooting observation. Physical proficiency is credited only on the physical route.",LAB-001,16.3,PASS,"NEC awareness, overcurrent protection, and lockout/tagout",SEM-1-01-002,"Match fuse/breaker type, voltage, current and interrupting rating; Explain time-delay versus fast-acting behavior; Do not bypass or up-rate protection to cure a fault; Describe identify-shutdown-isolate-lock/tag-control stored energy-verify sequence; Distinguish a control command from physical energy isolation",w01-dc-quantities,CETa
CETa,1.5,"Explain static causes, electrostatic discharge and CMOS damage prevention straps, mats and grounding",1,Safety Precautions,1,The four quantities and the circuit they describe,"W01-CETA-v16.3 · ESD, technician tool hazards, and PPE","v16.3 integrated lesson: subject-specific technical instruction, instructional visual, worked examples, guided practice, changed independent scenario, knowledge checks, and required semantic evidence.","A 3.3 V source is applied to 1.5 kOhm. Calculate current, then state whether 1 mA or 10 mA is the more sensible mental estimate before calculating. | A resistor carries 20 mA with 5 V across it. Find resistance and power. Keep units through every step. | Sketch a source, resistor, return path, and reference node. Mark where a voltmeter connects and where an ammeter would have to be inserted.","A 9 V battery powers an LED branch modeled for this exercise as a 2.0 V LED drop plus a series resistor. Choose a resistor that produces approximately 10 mA, calculate resistor power, choose a sensible resistor power rating, and explain what changes if the resistor is accidentally one tenth the intended value.",Required semantic task SEM-1-01-003; required primary lesson gate; v16.3 integrated lesson checks; Week 1 mastery/teach-back.,Correct auto-graded lesson checks where applicable; topic-specific constructed-response/performance evidence; changed-context practice; weekly cumulative mastery; physical evidence when required.,"LAB-001: Calculation with units, pre-power checklist, circuit/simulation image, measured voltage and current, percent difference, and one troubleshooting observation. Physical proficiency is credited only on the physical route.",LAB-001,16.3,PASS,"ESD, technician tool hazards, and PPE",SEM-1-01-003,Explain why imperceptible ESD can damage CMOS; Name mat/strap/packaging/handling controls; State that ESD straps are governed by energized-work safety rules; Identify at least three non-ESD technician hazards; Explain that PPE follows hazard assessment and does not replace isolation or correct tools,w01-dc-quantities,CETa
CETa,1.7,Describe lockout/tag out rules for potentially unsafe electrical or mechanical hazards,1,Safety Precautions,1,The four quantities and the circuit they describe,"W01-CETA-v16.3 · NEC awareness, overcurrent protection, and lockout/tagout","v16.3 integrated lesson: subject-specific technical instruction, instructional visual, worked examples, guided practice, changed independent scenario, knowledge checks, and required semantic evidence.","A 3.3 V source is applied to 1.5 kOhm. Calculate current, then state whether 1 mA or 10 mA is the more sensible mental estimate before calculating. | A resistor carries 20 mA with 5 V across it. Find resistance and power. Keep units through every step. | Sketch a source, resistor, return path, and reference node. Mark where a voltmeter connects and where an ammeter would have to be inserted.","A 9 V battery powers an LED branch modeled for this exercise as a 2.0 V LED drop plus a series resistor. Choose a resistor that produces approximately 10 mA, calculate resistor power, choose a sensible resistor power rating, and explain what changes if the resistor is accidentally one tenth the intended value.",Required semantic task SEM-1-01-002; required primary lesson gate; v16.3 integrated lesson checks; Week 1 mastery/teach-back.,Correct auto-graded lesson checks where applicable; topic-specific constructed-response/performance evidence; changed-context practice; weekly cumulative mastery; physical evidence when required.,"LAB-001: Calculation with units, pre-power checklist, circuit/simulation image, measured voltage and current, percent difference, and one troubleshooting observation. Physical proficiency is credited only on the physical route.",LAB-001,16.3,PASS,"NEC awareness, overcurrent protection, and lockout/tagout",SEM-1-01-002,"Match fuse/breaker type, voltage, current and interrupting rating; Explain time-delay versus fast-acting behavior; Do not bypass or up-rate protection to cure a fault; Describe identify-shutdown-isolate-lock/tag-control stored energy-verify sequence; Distinguish a control command from physical energy isolation",w01-dc-quantities,CETa
CETa,1.10.1,"Describe PPE (personal protection equipment) needs, i.e. NFPA Table 130.5(c)",1,Safety Precautions,1,The four quantities and the circuit they describe,"W01-CETA-v16.3 · ESD, technician tool hazards, and PPE","v16.3 integrated lesson: subject-specific technical instruction, instructional visual, worked examples, guided practice, changed independent scenario, knowledge checks, and required semantic evidence.","A 3.3 V source is applied to 1.5 kOhm. Calculate current, then state whether 1 mA or 10 mA is the more sensible mental estimate before calculating. | A resistor carries 20 mA with 5 V across it. Find resistance and power. Keep units through every step. | Sketch a source, resistor, return path, and reference node. Mark where a voltmeter connects and where an ammeter would have to be inserted.","A 9 V battery powers an LED branch modeled for this exercise as a 2.0 V LED drop plus a series resistor. Choose a resistor that produces approximately 10 mA, calculate resistor power, choose a sensible resistor power rating, and explain what changes if the resistor is accidentally one tenth the intended value.",Required semantic task SEM-1-01-003; required primary lesson gate; v16.3 integrated lesson checks; Week 1 mastery/teach-back.,Correct auto-graded lesson checks where applicable; topic-specific constructed-response/performance evidence; changed-context practice; weekly cumulative mastery; physical evidence when required.,"LAB-001: Calculation with units, pre-power checklist, circuit/simulation image, measured voltage and current, percent difference, and one troubleshooting observation. Physical proficiency is credited only on the physical route.",LAB-001,16.3,PASS,"ESD, technician tool hazards, and PPE",SEM-1-01-003,Explain why imperceptible ESD can damage CMOS; Name mat/strap/packaging/handling controls; State that ESD straps are governed by energized-work safety rules; Identify at least three non-ESD technician hazards; Explain that PPE follows hazard assessment and does not replace isolation or correct tools,w01-dc-quantities,CETa
CETa,1.10.3,Describe other OSHA safety rules,1,Safety Precautions,1,The four quantities and the circuit they describe,"W01-CETA-v16.3 · NEC awareness, overcurrent protection, and lockout/tagout","v16.3 integrated lesson: subject-specific technical instruction, instructional visual, worked examples, guided practice, changed independent scenario, knowledge checks, and required semantic evidence.","A 3.3 V source is applied to 1.5 kOhm. Calculate current, then state whether 1 mA or 10 mA is the more sensible mental estimate before calculating. | A resistor carries 20 mA with 5 V across it. Find resistance and power. Keep units through every step. | Sketch a source, resistor, return path, and reference node. Mark where a voltmeter connects and where an ammeter would have to be inserted.","A 9 V battery powers an LED branch modeled for this exercise as a 2.0 V LED drop plus a series resistor. Choose a resistor that produces approximately 10 mA, calculate resistor power, choose a sensible resistor power rating, and explain what changes if the resistor is accidentally one tenth the intended value.",Required semantic task SEM-1-01-002; required primary lesson gate; v16.3 integrated lesson checks; Week 1 mastery/teach-back.,Correct auto-graded lesson checks where applicable; topic-specific constructed-response/performance evidence; changed-context practice; weekly cumulative mastery; physical evidence when required.,"LAB-001: Calculation with units, pre-power checklist, circuit/simulation image, measured voltage and current, percent difference, and one troubleshooting observation. Physical proficiency is credited only on the physical route.",LAB-001,16.3,PASS,"NEC awareness, overcurrent protection, and lockout/tagout",SEM-1-01-002,"Match fuse/breaker type, voltage, current and interrupting rating; Explain time-delay versus fast-acting behavior; Do not bypass or up-rate protection to cure a fault; Describe identify-shutdown-isolate-lock/tag-control stored energy-verify sequence; Distinguish a control command from physical energy isolation",w01-dc-quantities,CETa
CETa,1.11,List ladder handling and usage (ANSI A14) and OSHA working at heights safety rules,1,Safety Precautions,1,The four quantities and the circuit they describe,"W01-CETA-v16.3 · Ladders, service vehicles, and fire classes","v16.3 integrated lesson: subject-specific technical instruction, instructional visual, worked examples, guided practice, changed independent scenario, knowledge checks, and required semantic evidence.","A 3.3 V source is applied to 1.5 kOhm. Calculate current, then state whether 1 mA or 10 mA is the more sensible mental estimate before calculating. | A resistor carries 20 mA with 5 V across it. Find resistance and power. Keep units through every step. | Sketch a source, resistor, return path, and reference node. Mark where a voltmeter connects and where an ammeter would have to be inserted.","A 9 V battery powers an LED branch modeled for this exercise as a 2.0 V LED drop plus a series resistor. Choose a resistor that produces approximately 10 mA, calculate resistor power, choose a sensible resistor power rating, and explain what changes if the resistor is accidentally one tenth the intended value.",Required semantic task SEM-1-01-005; required primary lesson gate; v16.3 integrated lesson checks; Week 1 mastery/teach-back.,Correct auto-graded lesson checks where applicable; topic-specific constructed-response/performance evidence; changed-context practice; weekly cumulative mastery; physical evidence when required.,"LAB-001: Calculation with units, pre-power checklist, circuit/simulation image, measured voltage and current, percent difference, and one troubleshooting observation. Physical proficiency is credited only on the physical route.",LAB-001,16.3,PASS,"Ladders, service vehicles, and fire classes",SEM-1-01-005,Inspect/select/secure ladder and avoid electrical-conductive hazards; Secure transported loads and preserve driver visibility; Correctly identify A/B/C/D/K fire classes; Match extinguisher to fuel/site plan; State trained-response and escape/escalation boundaries,w01-dc-quantities,CETa
CETa,1.12,"List service vehicle safety concerns such as ladder or transporting security and flying objects, driver screens inside the vehicle",1,Safety Precautions,1,The four quantities and the circuit they describe,"W01-CETA-v16.3 · Ladders, service vehicles, and fire classes","v16.3 integrated lesson: subject-specific technical instruction, instructional visual, worked examples, guided practice, changed independent scenario, knowledge checks, and required semantic evidence.","A 3.3 V source is applied to 1.5 kOhm. Calculate current, then state whether 1 mA or 10 mA is the more sensible mental estimate before calculating. | A resistor carries 20 mA with 5 V across it. Find resistance and power. Keep units through every step. | Sketch a source, resistor, return path, and reference node. Mark where a voltmeter connects and where an ammeter would have to be inserted.","A 9 V battery powers an LED branch modeled for this exercise as a 2.0 V LED drop plus a series resistor. Choose a resistor that produces approximately 10 mA, calculate resistor power, choose a sensible resistor power rating, and explain what changes if the resistor is accidentally one tenth the intended value.",Required semantic task SEM-1-01-005; required primary lesson gate; v16.3 integrated lesson checks; Week 1 mastery/teach-back.,Correct auto-graded lesson checks where applicable; topic-specific constructed-response/performance evidence; changed-context practice; weekly cumulative mastery; physical evidence when required.,"LAB-001: Calculation with units, pre-power checklist, circuit/simulation image, measured voltage and current, percent difference, and one troubleshooting observation. Physical proficiency is credited only on the physical route.",LAB-001,16.3,PASS,"Ladders, service vehicles, and fire classes",SEM-1-01-005,Inspect/select/secure ladder and avoid electrical-conductive hazards; Secure transported loads and preserve driver visibility; Correctly identify A/B/C/D/K fire classes; Match extinguisher to fuel/site plan; State trained-response and escape/escalation boundaries,w01-dc-quantities,CETa
CETa,1.13,"Differentiate the classes of fires (A, B, C, D & K) and the types of extinguishers used to fight them",1,Safety Precautions,1,The four quantities and the circuit they describe,"W01-CETA-v16.3 · Ladders, service vehicles, and fire classes","v16.3 integrated lesson: subject-specific technical instruction, instructional visual, worked examples, guided practice, changed independent scenario, knowledge checks, and required semantic evidence.","A 3.3 V source is applied to 1.5 kOhm. Calculate current, then state whether 1 mA or 10 mA is the more sensible mental estimate before calculating. | A resistor carries 20 mA with 5 V across it. Find resistance and power. Keep units through every step. | Sketch a source, resistor, return path, and reference node. Mark where a voltmeter connects and where an ammeter would have to be inserted.","A 9 V battery powers an LED branch modeled for this exercise as a 2.0 V LED drop plus a series resistor. Choose a resistor that produces approximately 10 mA, calculate resistor power, choose a sensible resistor power rating, and explain what changes if the resistor is accidentally one tenth the intended value.",Required semantic task SEM-1-01-005; required primary lesson gate; v16.3 integrated lesson checks; Week 1 mastery/teach-back.,Correct auto-graded lesson checks where applicable; topic-specific constructed-response/performance evidence; changed-context practice; weekly cumulative mastery; physical evidence when required.,"LAB-001: Calculation with units, pre-power checklist, circuit/simulation image, measured voltage and current, percent difference, and one troubleshooting observation. Physical proficiency is credited only on the physical route.",LAB-001,16.3,PASS,"Ladders, service vehicles, and fire classes",SEM-1-01-005,Inspect/select/secure ladder and avoid electrical-conductive hazards; Secure transported loads and preserve driver visibility; Correctly identify A/B/C/D/K fire classes; Match extinguisher to fuel/site plan; State trained-response and escape/escalation boundaries,w01-dc-quantities,CETa
CETa,1.14,Explain emergency responses/treatments for the above safety issues,1,Safety Precautions,1,The four quantities and the circuit they describe,"W01-CETA-v16.3 · Shock physiology, emergency response, and First Aid boundaries","v16.3 integrated lesson: subject-specific technical instruction, instructional visual, worked examples, guided practice, changed independent scenario, knowledge checks, and required semantic evidence.","A 3.3 V source is applied to 1.5 kOhm. Calculate current, then state whether 1 mA or 10 mA is the more sensible mental estimate before calculating. | A resistor carries 20 mA with 5 V across it. Find resistance and power. Keep units through every step. | Sketch a source, resistor, return path, and reference node. Mark where a voltmeter connects and where an ammeter would have to be inserted.","A 9 V battery powers an LED branch modeled for this exercise as a 2.0 V LED drop plus a series resistor. Choose a resistor that produces approximately 10 mA, calculate resistor power, choose a sensible resistor power rating, and explain what changes if the resistor is accidentally one tenth the intended value.",Required semantic task SEM-1-01-001; required primary lesson gate; v16.3 integrated lesson checks; Week 1 mastery/teach-back.,Correct auto-graded lesson checks where applicable; topic-specific constructed-response/performance evidence; changed-context practice; weekly cumulative mastery; physical evidence when required.,"LAB-001: Calculation with units, pre-power checklist, circuit/simulation image, measured voltage and current, percent difference, and one troubleshooting observation. Physical proficiency is credited only on the physical route.",LAB-001,16.3,PASS,"Shock physiology, emergency response, and First Aid boundaries",SEM-1-01-001,"Recognize shock effects can include involuntary contraction, burns, respiratory or cardiac effects; Do not touch a person who may still be energized; Call emergency services and remove energy only by a safe trained method; Use CPR/AED/First Aid only within training and authorization; State that electrical injury may require medical evaluation even when external burns look limited",w01-dc-quantities,CETa
CETa,2.1,"Describe atomic structure, the components of the atom, their charges and importance to electronics technology",2,Electrical Theory,2,"Series, parallel, KVL, KCL, and divider reasoning","W02-CETA-v16.3 · Atoms, charge, current, voltage, resistance, and uses of electricity","v16.3 integrated lesson: subject-specific technical instruction, instructional visual, worked examples, guided practice, changed independent scenario, knowledge checks, and required semantic evidence.","Draw a node-labeled circuit with a 10 V source and two 1 kOhm series resistors. Predict the midpoint voltage and verify KVL around the loop. | At a node, 5 mA enters while 1.5 mA and 2 mA leave through two branches. Use KCL to find the third branch current and state its direction. | A 5 V divider uses 10 kOhm over 10 kOhm. Recalculate the output if a 10 kOhm meter input is connected to the midpoint.","Analyze a bridge-shaped resistor network supplied by 9 V in which R1=1 kOhm from 9 V to node A, R2=2 kOhm from A to ground, R3=3 kOhm from 9 V to node B, and R4=3 kOhm from B to ground. First solve VA and VB as separate dividers. Then add a 10 kOhm resistor between A and B and explain why the simple-divider answers are no longer exact and what method you would use next.",Required semantic task SEM-2-02-006; required primary lesson gate; v16.3 integrated lesson checks; Week 2 mastery/teach-back.,Correct auto-graded lesson checks where applicable; topic-specific constructed-response/performance evidence; changed-context practice; weekly cumulative mastery; physical evidence when required.,"LAB-001: Calculation with units, pre-power checklist, circuit/simulation image, measured voltage and current, percent difference, and one troubleshooting observation. Physical proficiency is credited only on the physical route.",LAB-001,16.3,PASS,"Atoms, charge, current, voltage, resistance, and uses of electricity",SEM-2-02-006,"Define proton/electron charge roles at introductory level; State 1 A = 1 C/s; Distinguish voltage, current and resistance; Explain an open-circuit voltage example; Name several practical uses/conversions of electrical energy",w02-kcl-kvl-divider,CETa
CETa,2.4,Explain basic uses for electricity,2,Electrical Theory,2,"Series, parallel, KVL, KCL, and divider reasoning","W02-CETA-v16.3 · Atoms, charge, current, voltage, resistance, and uses of electricity","v16.3 integrated lesson: subject-specific technical instruction, instructional visual, worked examples, guided practice, changed independent scenario, knowledge checks, and required semantic evidence.","Draw a node-labeled circuit with a 10 V source and two 1 kOhm series resistors. Predict the midpoint voltage and verify KVL around the loop. | At a node, 5 mA enters while 1.5 mA and 2 mA leave through two branches. Use KCL to find the third branch current and state its direction. | A 5 V divider uses 10 kOhm over 10 kOhm. Recalculate the output if a 10 kOhm meter input is connected to the midpoint.","Analyze a bridge-shaped resistor network supplied by 9 V in which R1=1 kOhm from 9 V to node A, R2=2 kOhm from A to ground, R3=3 kOhm from 9 V to node B, and R4=3 kOhm from B to ground. First solve VA and VB as separate dividers. Then add a 10 kOhm resistor between A and B and explain why the simple-divider answers are no longer exact and what method you would use next.",Required semantic task SEM-2-02-006; required primary lesson gate; v16.3 integrated lesson checks; Week 2 mastery/teach-back.,Correct auto-graded lesson checks where applicable; topic-specific constructed-response/performance evidence; changed-context practice; weekly cumulative mastery; physical evidence when required.,"LAB-001: Calculation with units, pre-power checklist, circuit/simulation image, measured voltage and current, percent difference, and one troubleshooting observation. Physical proficiency is credited only on the physical route.",LAB-001,16.3,PASS,"Atoms, charge, current, voltage, resistance, and uses of electricity",SEM-2-02-006,"Define proton/electron charge roles at introductory level; State 1 A = 1 C/s; Distinguish voltage, current and resistance; Explain an open-circuit voltage example; Name several practical uses/conversions of electrical energy",w02-kcl-kvl-divider,CETa
CETa,2.13,"List Ohm’s law formulas for current, voltage, resistance and power",2,Electrical Theory,2,"Series, parallel, KVL, KCL, and divider reasoning","W02-CETA-v16.3 · Sources, AC measures, duty cycle, pulse width, Ohm’s law, and power","v16.3 integrated lesson: subject-specific technical instruction, instructional visual, worked examples, guided practice, changed independent scenario, knowledge checks, and required semantic evidence.","Draw a node-labeled circuit with a 10 V source and two 1 kOhm series resistors. Predict the midpoint voltage and verify KVL around the loop. | At a node, 5 mA enters while 1.5 mA and 2 mA leave through two branches. Use KCL to find the third branch current and state its direction. | A 5 V divider uses 10 kOhm over 10 kOhm. Recalculate the output if a 10 kOhm meter input is connected to the midpoint.","Analyze a bridge-shaped resistor network supplied by 9 V in which R1=1 kOhm from 9 V to node A, R2=2 kOhm from A to ground, R3=3 kOhm from 9 V to node B, and R4=3 kOhm from B to ground. First solve VA and VB as separate dividers. Then add a 10 kOhm resistor between A and B and explain why the simple-divider answers are no longer exact and what method you would use next.",Required semantic task SEM-2-02-010; required primary lesson gate; v16.3 integrated lesson checks; Week 2 mastery/teach-back.,Correct auto-graded lesson checks where applicable; topic-specific constructed-response/performance evidence; changed-context practice; weekly cumulative mastery; physical evidence when required.,"LAB-001: Calculation with units, pre-power checklist, circuit/simulation image, measured voltage and current, percent difference, and one troubleshooting observation. Physical proficiency is credited only on the physical route.",LAB-001,16.3,PASS,"Sources, AC measures, duty cycle, pulse width, Ohm’s law, and power",SEM-2-02-010,Calculate 1 ms period at 1 kHz; Calculate 20% duty cycle; Use I=V/R with correct units; Use P=VI or V²/R; Distinguish peak/peak-to-peak/RMS from pulse width/duty cycle,w02-kcl-kvl-divider,CETa
CETa,2.13.1,Explain how to calculate problems utilizing each formula,2,Electrical Theory,2,"Series, parallel, KVL, KCL, and divider reasoning","W02-CETA-v16.3 · Sources, AC measures, duty cycle, pulse width, Ohm’s law, and power","v16.3 integrated lesson: subject-specific technical instruction, instructional visual, worked examples, guided practice, changed independent scenario, knowledge checks, and required semantic evidence.","Draw a node-labeled circuit with a 10 V source and two 1 kOhm series resistors. Predict the midpoint voltage and verify KVL around the loop. | At a node, 5 mA enters while 1.5 mA and 2 mA leave through two branches. Use KCL to find the third branch current and state its direction. | A 5 V divider uses 10 kOhm over 10 kOhm. Recalculate the output if a 10 kOhm meter input is connected to the midpoint.","Analyze a bridge-shaped resistor network supplied by 9 V in which R1=1 kOhm from 9 V to node A, R2=2 kOhm from A to ground, R3=3 kOhm from 9 V to node B, and R4=3 kOhm from B to ground. First solve VA and VB as separate dividers. Then add a 10 kOhm resistor between A and B and explain why the simple-divider answers are no longer exact and what method you would use next.",Required semantic task SEM-2-02-010; required primary lesson gate; v16.3 integrated lesson checks; Week 2 mastery/teach-back.,Correct auto-graded lesson checks where applicable; topic-specific constructed-response/performance evidence; changed-context practice; weekly cumulative mastery; physical evidence when required.,"LAB-001: Calculation with units, pre-power checklist, circuit/simulation image, measured voltage and current, percent difference, and one troubleshooting observation. Physical proficiency is credited only on the physical route.",LAB-001,16.3,PASS,"Sources, AC measures, duty cycle, pulse width, Ohm’s law, and power",SEM-2-02-010,Calculate 1 ms period at 1 kHz; Calculate 20% duty cycle; Use I=V/R with correct units; Use P=VI or V²/R; Distinguish peak/peak-to-peak/RMS from pulse width/duty cycle,w02-kcl-kvl-divider,CETa
CETa,2.14,Explain how to calculate power consumption and requirements,2,Electrical Theory,2,"Series, parallel, KVL, KCL, and divider reasoning","W02-CETA-v16.3 · Sources, AC measures, duty cycle, pulse width, Ohm’s law, and power","v16.3 integrated lesson: subject-specific technical instruction, instructional visual, worked examples, guided practice, changed independent scenario, knowledge checks, and required semantic evidence.","Draw a node-labeled circuit with a 10 V source and two 1 kOhm series resistors. Predict the midpoint voltage and verify KVL around the loop. | At a node, 5 mA enters while 1.5 mA and 2 mA leave through two branches. Use KCL to find the third branch current and state its direction. | A 5 V divider uses 10 kOhm over 10 kOhm. Recalculate the output if a 10 kOhm meter input is connected to the midpoint.","Analyze a bridge-shaped resistor network supplied by 9 V in which R1=1 kOhm from 9 V to node A, R2=2 kOhm from A to ground, R3=3 kOhm from 9 V to node B, and R4=3 kOhm from B to ground. First solve VA and VB as separate dividers. Then add a 10 kOhm resistor between A and B and explain why the simple-divider answers are no longer exact and what method you would use next.",Required semantic task SEM-2-02-010; required primary lesson gate; v16.3 integrated lesson checks; Week 2 mastery/teach-back.,Correct auto-graded lesson checks where applicable; topic-specific constructed-response/performance evidence; changed-context practice; weekly cumulative mastery; physical evidence when required.,"LAB-001: Calculation with units, pre-power checklist, circuit/simulation image, measured voltage and current, percent difference, and one troubleshooting observation. Physical proficiency is credited only on the physical route.",LAB-001,16.3,PASS,"Sources, AC measures, duty cycle, pulse width, Ohm’s law, and power",SEM-2-02-010,Calculate 1 ms period at 1 kHz; Calculate 20% duty cycle; Use I=V/R with correct units; Use P=VI or V²/R; Distinguish peak/peak-to-peak/RMS from pulse width/duty cycle,w02-kcl-kvl-divider,CETa
CETa,9.2,List other common basic electronic formulas,9,Mathematics and Formulas,4,Waveform language and energy-storage behavior,"W04-CETA-v16.3 · Core formulas, SI prefixes, NIST spelling exceptions, and scientific notation","v16.3 integrated lesson: subject-specific technical instruction, instructional visual, worked examples, guided practice, changed independent scenario, knowledge checks, and required semantic evidence.","For R=1 kOhm and C=10 uF, calculate tau and the approximate time to settle near final value using 5 tau. | A 2 Vpp sine wave centered at 1 V is displayed. State Vpk, maximum voltage, minimum voltage, and what additional information is needed before claiming RMS. | Explain what happens to relay-coil voltage when current is interrupted with and without a flyback diode.",A reset circuit uses a 47 kOhm resistor and 10 uF capacitor. Estimate its time constant and discuss why using '5 tau' as an exact digital reset delay can be misleading. Then sketch the expected capacitor-voltage shape and identify how a leaky capacitor or low-impedance input would change it.,Required semantic task SEM-9-04-038; required primary lesson gate; v16.3 integrated lesson checks; Week 4 mastery/teach-back.,Correct auto-graded lesson checks where applicable; topic-specific constructed-response/performance evidence; changed-context practice; weekly cumulative mastery; physical evidence when required.,"LAB-001: Calculation with units, pre-power checklist, circuit/simulation image, measured voltage and current, percent difference, and one troubleshooting observation. Physical proficiency is credited only on the physical route.",LAB-001,16.3,PASS,"Core formulas, SI prefixes, NIST spelling exceptions, and scientific notation",SEM-9-04-038,Use and rearrange core electronic formulas; Convert common SI prefixes with case sensitivity; Use scientific notation/exponents; Compute frequency/period/wavelength where data permits; Recognize kilohm/megohm spelling guidance and kΩ/MΩ symbols,w04-rc-rl-response,CETa
CETa,9.8,Explain the International System of Units (SI) prefixes (metric) and conversions,9,Mathematics and Formulas,4,Waveform language and energy-storage behavior,"W04-CETA-v16.3 · Core formulas, SI prefixes, NIST spelling exceptions, and scientific notation","v16.3 integrated lesson: subject-specific technical instruction, instructional visual, worked examples, guided practice, changed independent scenario, knowledge checks, and required semantic evidence.","For R=1 kOhm and C=10 uF, calculate tau and the approximate time to settle near final value using 5 tau. | A 2 Vpp sine wave centered at 1 V is displayed. State Vpk, maximum voltage, minimum voltage, and what additional information is needed before claiming RMS. | Explain what happens to relay-coil voltage when current is interrupted with and without a flyback diode.",A reset circuit uses a 47 kOhm resistor and 10 uF capacitor. Estimate its time constant and discuss why using '5 tau' as an exact digital reset delay can be misleading. Then sketch the expected capacitor-voltage shape and identify how a leaky capacitor or low-impedance input would change it.,Required semantic task SEM-9-04-038; required primary lesson gate; v16.3 integrated lesson checks; Week 4 mastery/teach-back.,Correct auto-graded lesson checks where applicable; topic-specific constructed-response/performance evidence; changed-context practice; weekly cumulative mastery; physical evidence when required.,"LAB-001: Calculation with units, pre-power checklist, circuit/simulation image, measured voltage and current, percent difference, and one troubleshooting observation. Physical proficiency is credited only on the physical route.",LAB-001,16.3,PASS,"Core formulas, SI prefixes, NIST spelling exceptions, and scientific notation",SEM-9-04-038,Use and rearrange core electronic formulas; Convert common SI prefixes with case sensitivity; Use scientific notation/exponents; Compute frequency/period/wavelength where data permits; Recognize kilohm/megohm spelling guidance and kΩ/MΩ symbols,w04-rc-rl-response,CETa
CETa,9.9,Define exponents (powers of 10) and their calculations,9,Mathematics and Formulas,4,Waveform language and energy-storage behavior,"W04-CETA-v16.3 · Core formulas, SI prefixes, NIST spelling exceptions, and scientific notation","v16.3 integrated lesson: subject-specific technical instruction, instructional visual, worked examples, guided practice, changed independent scenario, knowledge checks, and required semantic evidence.","For R=1 kOhm and C=10 uF, calculate tau and the approximate time to settle near final value using 5 tau. | A 2 Vpp sine wave centered at 1 V is displayed. State Vpk, maximum voltage, minimum voltage, and what additional information is needed before claiming RMS. | Explain what happens to relay-coil voltage when current is interrupted with and without a flyback diode.",A reset circuit uses a 47 kOhm resistor and 10 uF capacitor. Estimate its time constant and discuss why using '5 tau' as an exact digital reset delay can be misleading. Then sketch the expected capacitor-voltage shape and identify how a leaky capacitor or low-impedance input would change it.,Required semantic task SEM-9-04-038; required primary lesson gate; v16.3 integrated lesson checks; Week 4 mastery/teach-back.,Correct auto-graded lesson checks where applicable; topic-specific constructed-response/performance evidence; changed-context practice; weekly cumulative mastery; physical evidence when required.,"LAB-001: Calculation with units, pre-power checklist, circuit/simulation image, measured voltage and current, percent difference, and one troubleshooting observation. Physical proficiency is credited only on the physical route.",LAB-001,16.3,PASS,"Core formulas, SI prefixes, NIST spelling exceptions, and scientific notation",SEM-9-04-038,Use and rearrange core electronic formulas; Convert common SI prefixes with case sensitivity; Use scientific notation/exponents; Compute frequency/period/wavelength where data permits; Recognize kilohm/megohm spelling guidance and kΩ/MΩ symbols,w04-rc-rl-response,CETa
Career,C1.1,"Prepare a low-voltage electronics bench using current limits, safe power-up sequencing, and an explicit stop condition.",C1,Bench Safety & ESD,1,"Safe bench setup, prediction, and measurement","W01-CAREER-v16.3 · Career integration: bench safety, ESD, pre-power control, and hazard logging","v16.3 integrated lesson: subject-specific technical instruction, instructional visual, worked examples, guided practice, changed independent scenario, knowledge checks, and required semantic evidence.","Write a pre-power checklist for a 3.3 V sensor breakout connected to a microcontroller board. Include voltage compatibility, polarity, ground reference, current limit, and expected idle current. | For a DMM with leads currently in COM and A jacks, describe exactly what must change before measuring 3.3 V across a rail. | A board draws 18 mA normally. The supply limit is 25 mA and the board enters CC mode after a new cable is connected. List two plausible setup causes and one safe test that distinguishes them.","You receive an unfamiliar low-voltage board and a 5 V bench supply. The board label says 3.3 V only and has no keyed power connector. Write the exact first-power procedure you would follow, including what documentation you would inspect, where you would establish ground, what current limit you would choose initially, what you would measure first, and your stop conditions.",Required semantic task SEM-C1-01-075; required primary lesson gate; v16.3 integrated lesson checks; Week 1 mastery/teach-back.,Correct auto-graded lesson checks where applicable; topic-specific constructed-response/performance evidence; changed-context practice; weekly cumulative mastery; physical evidence when required.,"LAB-001: Calculation with units, pre-power checklist, circuit/simulation image, measured voltage and current, percent difference, and one troubleshooting observation. Physical proficiency is credited only on the physical route.",LAB-001,16.3,PASS,"Career integration: bench safety, ESD, pre-power control, and hazard logging",SEM-C1-01-075,Current limit and pre-power inspection; ESD and task-appropriate PPE/ventilation; Low-voltage versus qualified-work boundary; Explicit stop condition; C1.6 hazard-condition/risk/corrective-action/verification record,w01-bench-sequence,Career
Career,C1.2,"Apply ESD controls appropriate to CMOS/semiconductor handling and explain when straps, mats, grounding, and antistatic storage matter.",C1,Bench Safety & ESD,1,"Safe bench setup, prediction, and measurement","W01-CAREER-v16.3 · Career integration: bench safety, ESD, pre-power control, and hazard logging","v16.3 integrated lesson: subject-specific technical instruction, instructional visual, worked examples, guided practice, changed independent scenario, knowledge checks, and required semantic evidence.","Write a pre-power checklist for a 3.3 V sensor breakout connected to a microcontroller board. Include voltage compatibility, polarity, ground reference, current limit, and expected idle current. | For a DMM with leads currently in COM and A jacks, describe exactly what must change before measuring 3.3 V across a rail. | A board draws 18 mA normally. The supply limit is 25 mA and the board enters CC mode after a new cable is connected. List two plausible setup causes and one safe test that distinguishes them.","You receive an unfamiliar low-voltage board and a 5 V bench supply. The board label says 3.3 V only and has no keyed power connector. Write the exact first-power procedure you would follow, including what documentation you would inspect, where you would establish ground, what current limit you would choose initially, what you would measure first, and your stop conditions.",Required semantic task SEM-C1-01-075; required primary lesson gate; v16.3 integrated lesson checks; Week 1 mastery/teach-back.,Correct auto-graded lesson checks where applicable; topic-specific constructed-response/performance evidence; changed-context practice; weekly cumulative mastery; physical evidence when required.,"LAB-001: Calculation with units, pre-power checklist, circuit/simulation image, measured voltage and current, percent difference, and one troubleshooting observation. Physical proficiency is credited only on the physical route.",LAB-001,16.3,PASS,"Career integration: bench safety, ESD, pre-power control, and hazard logging",SEM-C1-01-075,Current limit and pre-power inspection; ESD and task-appropriate PPE/ventilation; Low-voltage versus qualified-work boundary; Explicit stop condition; C1.6 hazard-condition/risk/corrective-action/verification record,w01-bench-sequence,Career
Career,C1.3,"Distinguish safe low-voltage troubleshooting from work that requires qualified supervision, isolation, or energized-work procedures.",C1,Bench Safety & ESD,1,"Safe bench setup, prediction, and measurement","W01-CAREER-v16.3 · Career integration: bench safety, ESD, pre-power control, and hazard logging","v16.3 integrated lesson: subject-specific technical instruction, instructional visual, worked examples, guided practice, changed independent scenario, knowledge checks, and required semantic evidence.","Write a pre-power checklist for a 3.3 V sensor breakout connected to a microcontroller board. Include voltage compatibility, polarity, ground reference, current limit, and expected idle current. | For a DMM with leads currently in COM and A jacks, describe exactly what must change before measuring 3.3 V across a rail. | A board draws 18 mA normally. The supply limit is 25 mA and the board enters CC mode after a new cable is connected. List two plausible setup causes and one safe test that distinguishes them.","You receive an unfamiliar low-voltage board and a 5 V bench supply. The board label says 3.3 V only and has no keyed power connector. Write the exact first-power procedure you would follow, including what documentation you would inspect, where you would establish ground, what current limit you would choose initially, what you would measure first, and your stop conditions.",Required semantic task SEM-C1-01-075; required primary lesson gate; v16.3 integrated lesson checks; Week 1 mastery/teach-back.,Correct auto-graded lesson checks where applicable; topic-specific constructed-response/performance evidence; changed-context practice; weekly cumulative mastery; physical evidence when required.,"LAB-001: Calculation with units, pre-power checklist, circuit/simulation image, measured voltage and current, percent difference, and one troubleshooting observation. Physical proficiency is credited only on the physical route.",LAB-001,16.3,PASS,"Career integration: bench safety, ESD, pre-power control, and hazard logging",SEM-C1-01-075,Current limit and pre-power inspection; ESD and task-appropriate PPE/ventilation; Low-voltage versus qualified-work boundary; Explicit stop condition; C1.6 hazard-condition/risk/corrective-action/verification record,w01-bench-sequence,Career
Career,C1.4,"Perform a pre-power inspection for polarity, shorts, connector orientation, exposed conductors, and current-limit settings.",C1,Bench Safety & ESD,1,"Safe bench setup, prediction, and measurement","W01-CAREER-v16.3 · Career integration: bench safety, ESD, pre-power control, and hazard logging","v16.3 integrated lesson: subject-specific technical instruction, instructional visual, worked examples, guided practice, changed independent scenario, knowledge checks, and required semantic evidence.","Write a pre-power checklist for a 3.3 V sensor breakout connected to a microcontroller board. Include voltage compatibility, polarity, ground reference, current limit, and expected idle current. | For a DMM with leads currently in COM and A jacks, describe exactly what must change before measuring 3.3 V across a rail. | A board draws 18 mA normally. The supply limit is 25 mA and the board enters CC mode after a new cable is connected. List two plausible setup causes and one safe test that distinguishes them.","You receive an unfamiliar low-voltage board and a 5 V bench supply. The board label says 3.3 V only and has no keyed power connector. Write the exact first-power procedure you would follow, including what documentation you would inspect, where you would establish ground, what current limit you would choose initially, what you would measure first, and your stop conditions.",Required semantic task SEM-C1-01-075; required primary lesson gate; v16.3 integrated lesson checks; Week 1 mastery/teach-back.,Correct auto-graded lesson checks where applicable; topic-specific constructed-response/performance evidence; changed-context practice; weekly cumulative mastery; physical evidence when required.,"LAB-001: Calculation with units, pre-power checklist, circuit/simulation image, measured voltage and current, percent difference, and one troubleshooting observation. Physical proficiency is credited only on the physical route.",LAB-001,16.3,PASS,"Career integration: bench safety, ESD, pre-power control, and hazard logging",SEM-C1-01-075,Current limit and pre-power inspection; ESD and task-appropriate PPE/ventilation; Low-voltage versus qualified-work boundary; Explicit stop condition; C1.6 hazard-condition/risk/corrective-action/verification record,w01-bench-sequence,Career
Career,C1.6,Document a safety or setup hazard and the corrective action before continuing a test.,C1,Bench Safety & ESD,1,"Safe bench setup, prediction, and measurement","W01-CAREER-v16.3 · Career integration: bench safety, ESD, pre-power control, and hazard logging","v16.3 integrated lesson: subject-specific technical instruction, instructional visual, worked examples, guided practice, changed independent scenario, knowledge checks, and required semantic evidence.","Write a pre-power checklist for a 3.3 V sensor breakout connected to a microcontroller board. Include voltage compatibility, polarity, ground reference, current limit, and expected idle current. | For a DMM with leads currently in COM and A jacks, describe exactly what must change before measuring 3.3 V across a rail. | A board draws 18 mA normally. The supply limit is 25 mA and the board enters CC mode after a new cable is connected. List two plausible setup causes and one safe test that distinguishes them.","You receive an unfamiliar low-voltage board and a 5 V bench supply. The board label says 3.3 V only and has no keyed power connector. Write the exact first-power procedure you would follow, including what documentation you would inspect, where you would establish ground, what current limit you would choose initially, what you would measure first, and your stop conditions.",Required semantic task SEM-C1-01-075; required primary lesson gate; v16.3 integrated lesson checks; Week 1 mastery/teach-back.,Correct auto-graded lesson checks where applicable; topic-specific constructed-response/performance evidence; changed-context practice; weekly cumulative mastery; physical evidence when required.,"LAB-001: Calculation with units, pre-power checklist, circuit/simulation image, measured voltage and current, percent difference, and one troubleshooting observation. Physical proficiency is credited only on the physical route.",LAB-001,16.3,PASS,"Career integration: bench safety, ESD, pre-power control, and hazard logging",SEM-C1-01-075,Current limit and pre-power inspection; ESD and task-appropriate PPE/ventilation; Low-voltage versus qualified-work boundary; Explicit stop condition; C1.6 hazard-condition/risk/corrective-action/verification record,w01-bench-sequence,Career
CETa,2.2.1,Explain the different types of magnetic fields,2,Electrical Theory,2,"Series, parallel, KVL, KCL, and divider reasoning",W02-CETA-v16.3 · Electromagnetism and induction,"v16.3 integrated lesson: subject-specific technical instruction, instructional visual, worked examples, guided practice, changed independent scenario, knowledge checks, and required semantic evidence.","Draw a node-labeled circuit with a 10 V source and two 1 kOhm series resistors. Predict the midpoint voltage and verify KVL around the loop. | At a node, 5 mA enters while 1.5 mA and 2 mA leave through two branches. Use KCL to find the third branch current and state its direction. | A 5 V divider uses 10 kOhm over 10 kOhm. Recalculate the output if a 10 kOhm meter input is connected to the midpoint.","Analyze a bridge-shaped resistor network supplied by 9 V in which R1=1 kOhm from 9 V to node A, R2=2 kOhm from A to ground, R3=3 kOhm from 9 V to node B, and R4=3 kOhm from B to ground. First solve VA and VB as separate dividers. Then add a 10 kOhm resistor between A and B and explain why the simple-divider answers are no longer exact and what method you would use next.",Required semantic task SEM-2-02-007; required primary lesson gate; v16.3 integrated lesson checks; Week 2 mastery/teach-back.,Correct auto-graded lesson checks where applicable; topic-specific constructed-response/performance evidence; changed-context practice; weekly cumulative mastery; physical evidence when required.,"LAB-002: Annotated schematic, calculations, loaded/unloaded results, fault log, root cause, repair, and verification. Physical proficiency is credited only on the physical route.",LAB-002,16.3,PASS,Electromagnetism and induction,SEM-2-02-007,Explain current-created magnetic field; Differentiate permanent and electromagnet fields; Explain changing flux induces voltage; Connect principle to relays/transformers/motors/generators; State that steady unchanging flux does not continuously induce a voltage in a stationary loop,w02-kcl-kvl-divider,CETa
CETa,2.2.2,Explain the direct relationship between electricity and magnetism,2,Electrical Theory,2,"Series, parallel, KVL, KCL, and divider reasoning",W02-CETA-v16.3 · Electromagnetism and induction,"v16.3 integrated lesson: subject-specific technical instruction, instructional visual, worked examples, guided practice, changed independent scenario, knowledge checks, and required semantic evidence.","Draw a node-labeled circuit with a 10 V source and two 1 kOhm series resistors. Predict the midpoint voltage and verify KVL around the loop. | At a node, 5 mA enters while 1.5 mA and 2 mA leave through two branches. Use KCL to find the third branch current and state its direction. | A 5 V divider uses 10 kOhm over 10 kOhm. Recalculate the output if a 10 kOhm meter input is connected to the midpoint.","Analyze a bridge-shaped resistor network supplied by 9 V in which R1=1 kOhm from 9 V to node A, R2=2 kOhm from A to ground, R3=3 kOhm from 9 V to node B, and R4=3 kOhm from B to ground. First solve VA and VB as separate dividers. Then add a 10 kOhm resistor between A and B and explain why the simple-divider answers are no longer exact and what method you would use next.",Required semantic task SEM-2-02-007; required primary lesson gate; v16.3 integrated lesson checks; Week 2 mastery/teach-back.,Correct auto-graded lesson checks where applicable; topic-specific constructed-response/performance evidence; changed-context practice; weekly cumulative mastery; physical evidence when required.,"LAB-002: Annotated schematic, calculations, loaded/unloaded results, fault log, root cause, repair, and verification. Physical proficiency is credited only on the physical route.",LAB-002,16.3,PASS,Electromagnetism and induction,SEM-2-02-007,Explain current-created magnetic field; Differentiate permanent and electromagnet fields; Explain changing flux induces voltage; Connect principle to relays/transformers/motors/generators; State that steady unchanging flux does not continuously induce a voltage in a stationary loop,w02-kcl-kvl-divider,CETa
CETa,2.5.1,Review EM5 competencies for more detail,2,Electrical Theory,2,"Series, parallel, KVL, KCL, and divider reasoning",W02-CETA-v16.3 · Motors and generators as reciprocal energy converters,"v16.3 integrated lesson: subject-specific technical instruction, instructional visual, worked examples, guided practice, changed independent scenario, knowledge checks, and required semantic evidence.","Draw a node-labeled circuit with a 10 V source and two 1 kOhm series resistors. Predict the midpoint voltage and verify KVL around the loop. | At a node, 5 mA enters while 1.5 mA and 2 mA leave through two branches. Use KCL to find the third branch current and state its direction. | A 5 V divider uses 10 kOhm over 10 kOhm. Recalculate the output if a 10 kOhm meter input is connected to the midpoint.","Analyze a bridge-shaped resistor network supplied by 9 V in which R1=1 kOhm from 9 V to node A, R2=2 kOhm from A to ground, R3=3 kOhm from 9 V to node B, and R4=3 kOhm from B to ground. First solve VA and VB as separate dividers. Then add a 10 kOhm resistor between A and B and explain why the simple-divider answers are no longer exact and what method you would use next.",Required semantic task SEM-2-02-008; required primary lesson gate; v16.3 integrated lesson checks; Week 2 mastery/teach-back.,Correct auto-graded lesson checks where applicable; topic-specific constructed-response/performance evidence; changed-context practice; weekly cumulative mastery; physical evidence when required.,"LAB-002: Annotated schematic, calculations, loaded/unloaded results, fault log, root cause, repair, and verification. Physical proficiency is credited only on the physical route.",LAB-002,16.3,PASS,Motors and generators as reciprocal energy converters,SEM-2-02-008,Trace motor electrical-to-mechanical conversion; Explain starting/stall current with back EMF; Identify commutation role at a basic level; Trace generator mechanical-to-electrical conversion; Recognize real-machine losses and limits,w02-kcl-kvl-divider,CETa
CETa,2.6,"Explain the differences between current, voltage and resistance",2,Electrical Theory,2,"Series, parallel, KVL, KCL, and divider reasoning","W02-CETA-v16.3 · Atoms, charge, current, voltage, resistance, and uses of electricity","v16.3 integrated lesson: subject-specific technical instruction, instructional visual, worked examples, guided practice, changed independent scenario, knowledge checks, and required semantic evidence.","Draw a node-labeled circuit with a 10 V source and two 1 kOhm series resistors. Predict the midpoint voltage and verify KVL around the loop. | At a node, 5 mA enters while 1.5 mA and 2 mA leave through two branches. Use KCL to find the third branch current and state its direction. | A 5 V divider uses 10 kOhm over 10 kOhm. Recalculate the output if a 10 kOhm meter input is connected to the midpoint.","Analyze a bridge-shaped resistor network supplied by 9 V in which R1=1 kOhm from 9 V to node A, R2=2 kOhm from A to ground, R3=3 kOhm from 9 V to node B, and R4=3 kOhm from B to ground. First solve VA and VB as separate dividers. Then add a 10 kOhm resistor between A and B and explain why the simple-divider answers are no longer exact and what method you would use next.",Required semantic task SEM-2-02-006; required primary lesson gate; v16.3 integrated lesson checks; Week 2 mastery/teach-back.,Correct auto-graded lesson checks where applicable; topic-specific constructed-response/performance evidence; changed-context practice; weekly cumulative mastery; physical evidence when required.,"LAB-002: Annotated schematic, calculations, loaded/unloaded results, fault log, root cause, repair, and verification. Physical proficiency is credited only on the physical route.",LAB-002,16.3,PASS,"Atoms, charge, current, voltage, resistance, and uses of electricity",SEM-2-02-006,"Define proton/electron charge roles at introductory level; State 1 A = 1 C/s; Distinguish voltage, current and resistance; Explain an open-circuit voltage example; Name several practical uses/conversions of electrical energy",w02-kcl-kvl-divider,CETa
CETa,2.7,Differentiate between the types of resistive materials and how resistors are used in electronics,2,Electrical Theory,2,"Series, parallel, KVL, KCL, and divider reasoning","W02-CETA-v16.3 · Resistive, capacitive, inductive and impedance behavior","v16.3 integrated lesson: subject-specific technical instruction, instructional visual, worked examples, guided practice, changed independent scenario, knowledge checks, and required semantic evidence.","Draw a node-labeled circuit with a 10 V source and two 1 kOhm series resistors. Predict the midpoint voltage and verify KVL around the loop. | At a node, 5 mA enters while 1.5 mA and 2 mA leave through two branches. Use KCL to find the third branch current and state its direction. | A 5 V divider uses 10 kOhm over 10 kOhm. Recalculate the output if a 10 kOhm meter input is connected to the midpoint.","Analyze a bridge-shaped resistor network supplied by 9 V in which R1=1 kOhm from 9 V to node A, R2=2 kOhm from A to ground, R3=3 kOhm from 9 V to node B, and R4=3 kOhm from B to ground. First solve VA and VB as separate dividers. Then add a 10 kOhm resistor between A and B and explain why the simple-divider answers are no longer exact and what method you would use next.",Required semantic task SEM-2-02-009; required primary lesson gate; v16.3 integrated lesson checks; Week 2 mastery/teach-back.,Correct auto-graded lesson checks where applicable; topic-specific constructed-response/performance evidence; changed-context practice; weekly cumulative mastery; physical evidence when required.,"LAB-002: Annotated schematic, calculations, loaded/unloaded results, fault log, root cause, repair, and verification. Physical proficiency is credited only on the physical route.",LAB-002,16.3,PASS,"Resistive, capacitive, inductive and impedance behavior",SEM-2-02-009,"Differentiate common R/C/L construction and purpose; State energy-storage roles of C and L; Use XC and XL relationships; Distinguish resistance, reactance and impedance; State basic R/L/C phase relationships",w02-kcl-kvl-divider,CETa
CETa,2.12.1,"Identify Peak, Peak-to-Peak, and RMS AC sources",2,Electrical Theory,2,"Series, parallel, KVL, KCL, and divider reasoning","W02-CETA-v16.3 · Sources, AC measures, duty cycle, pulse width, Ohm’s law, and power","v16.3 integrated lesson: subject-specific technical instruction, instructional visual, worked examples, guided practice, changed independent scenario, knowledge checks, and required semantic evidence.","Draw a node-labeled circuit with a 10 V source and two 1 kOhm series resistors. Predict the midpoint voltage and verify KVL around the loop. | At a node, 5 mA enters while 1.5 mA and 2 mA leave through two branches. Use KCL to find the third branch current and state its direction. | A 5 V divider uses 10 kOhm over 10 kOhm. Recalculate the output if a 10 kOhm meter input is connected to the midpoint.","Analyze a bridge-shaped resistor network supplied by 9 V in which R1=1 kOhm from 9 V to node A, R2=2 kOhm from A to ground, R3=3 kOhm from 9 V to node B, and R4=3 kOhm from B to ground. First solve VA and VB as separate dividers. Then add a 10 kOhm resistor between A and B and explain why the simple-divider answers are no longer exact and what method you would use next.",Required semantic task SEM-2-02-010; required primary lesson gate; v16.3 integrated lesson checks; Week 2 mastery/teach-back.,Correct auto-graded lesson checks where applicable; topic-specific constructed-response/performance evidence; changed-context practice; weekly cumulative mastery; physical evidence when required.,"LAB-002: Annotated schematic, calculations, loaded/unloaded results, fault log, root cause, repair, and verification. Physical proficiency is credited only on the physical route.",LAB-002,16.3,PASS,"Sources, AC measures, duty cycle, pulse width, Ohm’s law, and power",SEM-2-02-010,Calculate 1 ms period at 1 kHz; Calculate 20% duty cycle; Use I=V/R with correct units; Use P=VI or V²/R; Distinguish peak/peak-to-peak/RMS from pulse width/duty cycle,w02-kcl-kvl-divider,CETa
CETa,2.12.2,Identify Duty Cycle and Pulse Width DC sources,2,Electrical Theory,2,"Series, parallel, KVL, KCL, and divider reasoning","W02-CETA-v16.3 · Sources, AC measures, duty cycle, pulse width, Ohm’s law, and power","v16.3 integrated lesson: subject-specific technical instruction, instructional visual, worked examples, guided practice, changed independent scenario, knowledge checks, and required semantic evidence.","Draw a node-labeled circuit with a 10 V source and two 1 kOhm series resistors. Predict the midpoint voltage and verify KVL around the loop. | At a node, 5 mA enters while 1.5 mA and 2 mA leave through two branches. Use KCL to find the third branch current and state its direction. | A 5 V divider uses 10 kOhm over 10 kOhm. Recalculate the output if a 10 kOhm meter input is connected to the midpoint.","Analyze a bridge-shaped resistor network supplied by 9 V in which R1=1 kOhm from 9 V to node A, R2=2 kOhm from A to ground, R3=3 kOhm from 9 V to node B, and R4=3 kOhm from B to ground. First solve VA and VB as separate dividers. Then add a 10 kOhm resistor between A and B and explain why the simple-divider answers are no longer exact and what method you would use next.",Required semantic task SEM-2-02-010; required primary lesson gate; v16.3 integrated lesson checks; Week 2 mastery/teach-back.,Correct auto-graded lesson checks where applicable; topic-specific constructed-response/performance evidence; changed-context practice; weekly cumulative mastery; physical evidence when required.,"LAB-002: Annotated schematic, calculations, loaded/unloaded results, fault log, root cause, repair, and verification. Physical proficiency is credited only on the physical route.",LAB-002,16.3,PASS,"Sources, AC measures, duty cycle, pulse width, Ohm’s law, and power",SEM-2-02-010,Calculate 1 ms period at 1 kHz; Calculate 20% duty cycle; Use I=V/R with correct units; Use P=VI or V²/R; Distinguish peak/peak-to-peak/RMS from pulse width/duty cycle,w02-kcl-kvl-divider,CETa
CETa,4.1,Identify and describe the operation of common DC circuits,4,Electronic Circuits: Series and Parallel,2,"Series, parallel, KVL, KCL, and divider reasoning","W02-CETA-v16.3 · Series/parallel DC and AC networks, KCL/KVL, and resistive calculations","v16.3 integrated lesson: subject-specific technical instruction, instructional visual, worked examples, guided practice, changed independent scenario, knowledge checks, and required semantic evidence.","Draw a node-labeled circuit with a 10 V source and two 1 kOhm series resistors. Predict the midpoint voltage and verify KVL around the loop. | At a node, 5 mA enters while 1.5 mA and 2 mA leave through two branches. Use KCL to find the third branch current and state its direction. | A 5 V divider uses 10 kOhm over 10 kOhm. Recalculate the output if a 10 kOhm meter input is connected to the midpoint.","Analyze a bridge-shaped resistor network supplied by 9 V in which R1=1 kOhm from 9 V to node A, R2=2 kOhm from A to ground, R3=3 kOhm from 9 V to node B, and R4=3 kOhm from B to ground. First solve VA and VB as separate dividers. Then add a 10 kOhm resistor between A and B and explain why the simple-divider answers are no longer exact and what method you would use next.",Required semantic task SEM-4-02-017; required primary lesson gate; v16.3 integrated lesson checks; Week 2 mastery/teach-back.,Correct auto-graded lesson checks where applicable; topic-specific constructed-response/performance evidence; changed-context practice; weekly cumulative mastery; physical evidence when required.,"LAB-002: Annotated schematic, calculations, loaded/unloaded results, fault log, root cause, repair, and verification. Physical proficiency is credited only on the physical route.",LAB-002,16.3,PASS,"Series/parallel DC and AC networks, KCL/KVL, and resistive calculations",SEM-4-02-017,Identify true series and parallel topology; Calculate equivalent resistance/voltage drop/branch current; Apply KCL and KVL with signs; Explain same conservation laws apply in AC with impedance/phase; Use predictions as troubleshooting boundaries,w02-kcl-kvl-divider,CETa
CETa,4.2,Identify and describe the operation of common AC circuits,4,Electronic Circuits: Series and Parallel,2,"Series, parallel, KVL, KCL, and divider reasoning","W02-CETA-v16.3 · Series/parallel DC and AC networks, KCL/KVL, and resistive calculations","v16.3 integrated lesson: subject-specific technical instruction, instructional visual, worked examples, guided practice, changed independent scenario, knowledge checks, and required semantic evidence.","Draw a node-labeled circuit with a 10 V source and two 1 kOhm series resistors. Predict the midpoint voltage and verify KVL around the loop. | At a node, 5 mA enters while 1.5 mA and 2 mA leave through two branches. Use KCL to find the third branch current and state its direction. | A 5 V divider uses 10 kOhm over 10 kOhm. Recalculate the output if a 10 kOhm meter input is connected to the midpoint.","Analyze a bridge-shaped resistor network supplied by 9 V in which R1=1 kOhm from 9 V to node A, R2=2 kOhm from A to ground, R3=3 kOhm from 9 V to node B, and R4=3 kOhm from B to ground. First solve VA and VB as separate dividers. Then add a 10 kOhm resistor between A and B and explain why the simple-divider answers are no longer exact and what method you would use next.",Required semantic task SEM-4-02-017; required primary lesson gate; v16.3 integrated lesson checks; Week 2 mastery/teach-back.,Correct auto-graded lesson checks where applicable; topic-specific constructed-response/performance evidence; changed-context practice; weekly cumulative mastery; physical evidence when required.,"LAB-002: Annotated schematic, calculations, loaded/unloaded results, fault log, root cause, repair, and verification. Physical proficiency is credited only on the physical route.",LAB-002,16.3,PASS,"Series/parallel DC and AC networks, KCL/KVL, and resistive calculations",SEM-4-02-017,Identify true series and parallel topology; Calculate equivalent resistance/voltage drop/branch current; Apply KCL and KVL with signs; Explain same conservation laws apply in AC with impedance/phase; Use predictions as troubleshooting boundaries,w02-kcl-kvl-divider,CETa
CETa,4.3,"Explain how series circuits, R, L, C are used in electronics equipment",4,Electronic Circuits: Series and Parallel,2,"Series, parallel, KVL, KCL, and divider reasoning","W02-CETA-v16.3 · Series/parallel DC and AC networks, KCL/KVL, and resistive calculations","v16.3 integrated lesson: subject-specific technical instruction, instructional visual, worked examples, guided practice, changed independent scenario, knowledge checks, and required semantic evidence.","Draw a node-labeled circuit with a 10 V source and two 1 kOhm series resistors. Predict the midpoint voltage and verify KVL around the loop. | At a node, 5 mA enters while 1.5 mA and 2 mA leave through two branches. Use KCL to find the third branch current and state its direction. | A 5 V divider uses 10 kOhm over 10 kOhm. Recalculate the output if a 10 kOhm meter input is connected to the midpoint.","Analyze a bridge-shaped resistor network supplied by 9 V in which R1=1 kOhm from 9 V to node A, R2=2 kOhm from A to ground, R3=3 kOhm from 9 V to node B, and R4=3 kOhm from B to ground. First solve VA and VB as separate dividers. Then add a 10 kOhm resistor between A and B and explain why the simple-divider answers are no longer exact and what method you would use next.",Required semantic task SEM-4-02-017; required primary lesson gate; v16.3 integrated lesson checks; Week 2 mastery/teach-back.,Correct auto-graded lesson checks where applicable; topic-specific constructed-response/performance evidence; changed-context practice; weekly cumulative mastery; physical evidence when required.,"LAB-002: Annotated schematic, calculations, loaded/unloaded results, fault log, root cause, repair, and verification. Physical proficiency is credited only on the physical route.",LAB-002,16.3,PASS,"Series/parallel DC and AC networks, KCL/KVL, and resistive calculations",SEM-4-02-017,Identify true series and parallel topology; Calculate equivalent resistance/voltage drop/branch current; Apply KCL and KVL with signs; Explain same conservation laws apply in AC with impedance/phase; Use predictions as troubleshooting boundaries,w02-kcl-kvl-divider,CETa
CETa,4.4,"Explain how parallel circuits, R, L, C are used in electronics equipment, loads",4,Electronic Circuits: Series and Parallel,2,"Series, parallel, KVL, KCL, and divider reasoning","W02-CETA-v16.3 · Series/parallel DC and AC networks, KCL/KVL, and resistive calculations","v16.3 integrated lesson: subject-specific technical instruction, instructional visual, worked examples, guided practice, changed independent scenario, knowledge checks, and required semantic evidence.","Draw a node-labeled circuit with a 10 V source and two 1 kOhm series resistors. Predict the midpoint voltage and verify KVL around the loop. | At a node, 5 mA enters while 1.5 mA and 2 mA leave through two branches. Use KCL to find the third branch current and state its direction. | A 5 V divider uses 10 kOhm over 10 kOhm. Recalculate the output if a 10 kOhm meter input is connected to the midpoint.","Analyze a bridge-shaped resistor network supplied by 9 V in which R1=1 kOhm from 9 V to node A, R2=2 kOhm from A to ground, R3=3 kOhm from 9 V to node B, and R4=3 kOhm from B to ground. First solve VA and VB as separate dividers. Then add a 10 kOhm resistor between A and B and explain why the simple-divider answers are no longer exact and what method you would use next.",Required semantic task SEM-4-02-017; required primary lesson gate; v16.3 integrated lesson checks; Week 2 mastery/teach-back.,Correct auto-graded lesson checks where applicable; topic-specific constructed-response/performance evidence; changed-context practice; weekly cumulative mastery; physical evidence when required.,"LAB-002: Annotated schematic, calculations, loaded/unloaded results, fault log, root cause, repair, and verification. Physical proficiency is credited only on the physical route.",LAB-002,16.3,PASS,"Series/parallel DC and AC networks, KCL/KVL, and resistive calculations",SEM-4-02-017,Identify true series and parallel topology; Calculate equivalent resistance/voltage drop/branch current; Apply KCL and KVL with signs; Explain same conservation laws apply in AC with impedance/phase; Use predictions as troubleshooting boundaries,w02-kcl-kvl-divider,CETa
CETa,4.5,Explain the purpose of oscillators: crystal use,4,Electronic Circuits: Series and Parallel,2,"Series, parallel, KVL, KCL, and divider reasoning","W02-CETA-v16.3 · Oscillators, multivibrators, and phase-locked loops","v16.3 integrated lesson: subject-specific technical instruction, instructional visual, worked examples, guided practice, changed independent scenario, knowledge checks, and required semantic evidence.","Draw a node-labeled circuit with a 10 V source and two 1 kOhm series resistors. Predict the midpoint voltage and verify KVL around the loop. | At a node, 5 mA enters while 1.5 mA and 2 mA leave through two branches. Use KCL to find the third branch current and state its direction. | A 5 V divider uses 10 kOhm over 10 kOhm. Recalculate the output if a 10 kOhm meter input is connected to the midpoint.","Analyze a bridge-shaped resistor network supplied by 9 V in which R1=1 kOhm from 9 V to node A, R2=2 kOhm from A to ground, R3=3 kOhm from 9 V to node B, and R4=3 kOhm from B to ground. First solve VA and VB as separate dividers. Then add a 10 kOhm resistor between A and B and explain why the simple-divider answers are no longer exact and what method you would use next.",Required semantic task SEM-4-02-018; required primary lesson gate; v16.3 integrated lesson checks; Week 2 mastery/teach-back.,Correct auto-graded lesson checks where applicable; topic-specific constructed-response/performance evidence; changed-context practice; weekly cumulative mastery; physical evidence when required.,"LAB-002: Annotated schematic, calculations, loaded/unloaded results, fault log, root cause, repair, and verification. Physical proficiency is credited only on the physical route.",LAB-002,16.3,PASS,"Oscillators, multivibrators, and phase-locked loops",SEM-4-02-018,"Explain oscillator purpose and crystal stability role; Differentiate astable/monostable/bistable; Identify PLL detector, loop filter, controlled oscillator and divider; Explain negative-feedback locking process; Name PLL applications such as synthesis/clock recovery/tuning",w02-kcl-kvl-divider,CETa
CETa,4.6,Differentiate between oscillators and multivibrators,4,Electronic Circuits: Series and Parallel,2,"Series, parallel, KVL, KCL, and divider reasoning","W02-CETA-v16.3 · Oscillators, multivibrators, and phase-locked loops","v16.3 integrated lesson: subject-specific technical instruction, instructional visual, worked examples, guided practice, changed independent scenario, knowledge checks, and required semantic evidence.","Draw a node-labeled circuit with a 10 V source and two 1 kOhm series resistors. Predict the midpoint voltage and verify KVL around the loop. | At a node, 5 mA enters while 1.5 mA and 2 mA leave through two branches. Use KCL to find the third branch current and state its direction. | A 5 V divider uses 10 kOhm over 10 kOhm. Recalculate the output if a 10 kOhm meter input is connected to the midpoint.","Analyze a bridge-shaped resistor network supplied by 9 V in which R1=1 kOhm from 9 V to node A, R2=2 kOhm from A to ground, R3=3 kOhm from 9 V to node B, and R4=3 kOhm from B to ground. First solve VA and VB as separate dividers. Then add a 10 kOhm resistor between A and B and explain why the simple-divider answers are no longer exact and what method you would use next.",Required semantic task SEM-4-02-018; required primary lesson gate; v16.3 integrated lesson checks; Week 2 mastery/teach-back.,Correct auto-graded lesson checks where applicable; topic-specific constructed-response/performance evidence; changed-context practice; weekly cumulative mastery; physical evidence when required.,"LAB-002: Annotated schematic, calculations, loaded/unloaded results, fault log, root cause, repair, and verification. Physical proficiency is credited only on the physical route.",LAB-002,16.3,PASS,"Oscillators, multivibrators, and phase-locked loops",SEM-4-02-018,"Explain oscillator purpose and crystal stability role; Differentiate astable/monostable/bistable; Identify PLL detector, loop filter, controlled oscillator and divider; Explain negative-feedback locking process; Name PLL applications such as synthesis/clock recovery/tuning",w02-kcl-kvl-divider,CETa
CETa,4.8,Explain resonance and show how to calculate resonant frequency,4,Electronic Circuits: Series and Parallel,2,"Series, parallel, KVL, KCL, and divider reasoning","W02-CETA-v16.3 · Reactance class, resonance, rectangular/polar form, bandwidth and Q","v16.3 integrated lesson: subject-specific technical instruction, instructional visual, worked examples, guided practice, changed independent scenario, knowledge checks, and required semantic evidence.","Draw a node-labeled circuit with a 10 V source and two 1 kOhm series resistors. Predict the midpoint voltage and verify KVL around the loop. | At a node, 5 mA enters while 1.5 mA and 2 mA leave through two branches. Use KCL to find the third branch current and state its direction. | A 5 V divider uses 10 kOhm over 10 kOhm. Recalculate the output if a 10 kOhm meter input is connected to the midpoint.","Analyze a bridge-shaped resistor network supplied by 9 V in which R1=1 kOhm from 9 V to node A, R2=2 kOhm from A to ground, R3=3 kOhm from 9 V to node B, and R4=3 kOhm from B to ground. First solve VA and VB as separate dividers. Then add a 10 kOhm resistor between A and B and explain why the simple-divider answers are no longer exact and what method you would use next.",Required semantic task SEM-4-02-019; required primary lesson gate; v16.3 integrated lesson checks; Week 2 mastery/teach-back.,Correct auto-graded lesson checks where applicable; topic-specific constructed-response/performance evidence; changed-context practice; weekly cumulative mastery; physical evidence when required.,"LAB-002: Annotated schematic, calculations, loaded/unloaded results, fault log, root cause, repair, and verification. Physical proficiency is credited only on the physical route.",LAB-002,16.3,PASS,"Reactance class, resonance, rectangular/polar form, bandwidth and Q",SEM-4-02-019,Use f0=1/(2π√LC); Explain XL/XC cancellation at resonance; Use rectangular R+jX representation; Convert conceptually between rectangular and polar form; Relate higher Q to narrower bandwidth in the applicable resonant model,w02-kcl-kvl-divider,CETa
CETa,4.9,"Describe polar and rectangular presentations of L, R, C circuits",4,Electronic Circuits: Series and Parallel,2,"Series, parallel, KVL, KCL, and divider reasoning","W02-CETA-v16.3 · Reactance class, resonance, rectangular/polar form, bandwidth and Q","v16.3 integrated lesson: subject-specific technical instruction, instructional visual, worked examples, guided practice, changed independent scenario, knowledge checks, and required semantic evidence.","Draw a node-labeled circuit with a 10 V source and two 1 kOhm series resistors. Predict the midpoint voltage and verify KVL around the loop. | At a node, 5 mA enters while 1.5 mA and 2 mA leave through two branches. Use KCL to find the third branch current and state its direction. | A 5 V divider uses 10 kOhm over 10 kOhm. Recalculate the output if a 10 kOhm meter input is connected to the midpoint.","Analyze a bridge-shaped resistor network supplied by 9 V in which R1=1 kOhm from 9 V to node A, R2=2 kOhm from A to ground, R3=3 kOhm from 9 V to node B, and R4=3 kOhm from B to ground. First solve VA and VB as separate dividers. Then add a 10 kOhm resistor between A and B and explain why the simple-divider answers are no longer exact and what method you would use next.",Required semantic task SEM-4-02-019; required primary lesson gate; v16.3 integrated lesson checks; Week 2 mastery/teach-back.,Correct auto-graded lesson checks where applicable; topic-specific constructed-response/performance evidence; changed-context practice; weekly cumulative mastery; physical evidence when required.,"LAB-002: Annotated schematic, calculations, loaded/unloaded results, fault log, root cause, repair, and verification. Physical proficiency is credited only on the physical route.",LAB-002,16.3,PASS,"Reactance class, resonance, rectangular/polar form, bandwidth and Q",SEM-4-02-019,Use f0=1/(2π√LC); Explain XL/XC cancellation at resonance; Use rectangular R+jX representation; Convert conceptually between rectangular and polar form; Relate higher Q to narrower bandwidth in the applicable resonant model,w02-kcl-kvl-divider,CETa
CETa,4.10,Explain Kirchhoff’s law and its importance to electronics technicians,4,Electronic Circuits: Series and Parallel,2,"Series, parallel, KVL, KCL, and divider reasoning","W02-CETA-v16.3 · Series/parallel DC and AC networks, KCL/KVL, and resistive calculations","v16.3 integrated lesson: subject-specific technical instruction, instructional visual, worked examples, guided practice, changed independent scenario, knowledge checks, and required semantic evidence.","Draw a node-labeled circuit with a 10 V source and two 1 kOhm series resistors. Predict the midpoint voltage and verify KVL around the loop. | At a node, 5 mA enters while 1.5 mA and 2 mA leave through two branches. Use KCL to find the third branch current and state its direction. | A 5 V divider uses 10 kOhm over 10 kOhm. Recalculate the output if a 10 kOhm meter input is connected to the midpoint.","Analyze a bridge-shaped resistor network supplied by 9 V in which R1=1 kOhm from 9 V to node A, R2=2 kOhm from A to ground, R3=3 kOhm from 9 V to node B, and R4=3 kOhm from B to ground. First solve VA and VB as separate dividers. Then add a 10 kOhm resistor between A and B and explain why the simple-divider answers are no longer exact and what method you would use next.",Required semantic task SEM-4-02-017; required primary lesson gate; v16.3 integrated lesson checks; Week 2 mastery/teach-back.,Correct auto-graded lesson checks where applicable; topic-specific constructed-response/performance evidence; changed-context practice; weekly cumulative mastery; physical evidence when required.,"LAB-002: Annotated schematic, calculations, loaded/unloaded results, fault log, root cause, repair, and verification. Physical proficiency is credited only on the physical route.",LAB-002,16.3,PASS,"Series/parallel DC and AC networks, KCL/KVL, and resistive calculations",SEM-4-02-017,Identify true series and parallel topology; Calculate equivalent resistance/voltage drop/branch current; Apply KCL and KVL with signs; Explain same conservation laws apply in AC with impedance/phase; Use predictions as troubleshooting boundaries,w02-kcl-kvl-divider,CETa
CETa,4.11,Explain the purposes and types of differentiator or integrator circuits,4,Electronic Circuits: Series and Parallel,2,"Series, parallel, KVL, KCL, and divider reasoning","W02-CETA-v16.3 · Filters, integrators/differentiators, and wave shaping","v16.3 integrated lesson: subject-specific technical instruction, instructional visual, worked examples, guided practice, changed independent scenario, knowledge checks, and required semantic evidence.","Draw a node-labeled circuit with a 10 V source and two 1 kOhm series resistors. Predict the midpoint voltage and verify KVL around the loop. | At a node, 5 mA enters while 1.5 mA and 2 mA leave through two branches. Use KCL to find the third branch current and state its direction. | A 5 V divider uses 10 kOhm over 10 kOhm. Recalculate the output if a 10 kOhm meter input is connected to the midpoint.","Analyze a bridge-shaped resistor network supplied by 9 V in which R1=1 kOhm from 9 V to node A, R2=2 kOhm from A to ground, R3=3 kOhm from 9 V to node B, and R4=3 kOhm from B to ground. First solve VA and VB as separate dividers. Then add a 10 kOhm resistor between A and B and explain why the simple-divider answers are no longer exact and what method you would use next.",Required semantic task SEM-4-02-020; required primary lesson gate; v16.3 integrated lesson checks; Week 2 mastery/teach-back.,Correct auto-graded lesson checks where applicable; topic-specific constructed-response/performance evidence; changed-context practice; weekly cumulative mastery; physical evidence when required.,"LAB-002: Annotated schematic, calculations, loaded/unloaded results, fault log, root cause, repair, and verification. Physical proficiency is credited only on the physical route.",LAB-002,16.3,PASS,"Filters, integrators/differentiators, and wave shaping",SEM-4-02-020,Identify four primary filter families; Explain integrator versus differentiator behavior; Distinguish clipping from clamping; Explain Schmitt-trigger hysteresis purpose; Recognize real bandwidth/saturation/noise limitations,w02-kcl-kvl-divider,CETa
CETa,4.12,Describe the sections of a PLL (phase locked loop) circuit and PLL circuit use,4,Electronic Circuits: Series and Parallel,2,"Series, parallel, KVL, KCL, and divider reasoning","W02-CETA-v16.3 · Oscillators, multivibrators, and phase-locked loops","v16.3 integrated lesson: subject-specific technical instruction, instructional visual, worked examples, guided practice, changed independent scenario, knowledge checks, and required semantic evidence.","Draw a node-labeled circuit with a 10 V source and two 1 kOhm series resistors. Predict the midpoint voltage and verify KVL around the loop. | At a node, 5 mA enters while 1.5 mA and 2 mA leave through two branches. Use KCL to find the third branch current and state its direction. | A 5 V divider uses 10 kOhm over 10 kOhm. Recalculate the output if a 10 kOhm meter input is connected to the midpoint.","Analyze a bridge-shaped resistor network supplied by 9 V in which R1=1 kOhm from 9 V to node A, R2=2 kOhm from A to ground, R3=3 kOhm from 9 V to node B, and R4=3 kOhm from B to ground. First solve VA and VB as separate dividers. Then add a 10 kOhm resistor between A and B and explain why the simple-divider answers are no longer exact and what method you would use next.",Required semantic task SEM-4-02-018; required primary lesson gate; v16.3 integrated lesson checks; Week 2 mastery/teach-back.,Correct auto-graded lesson checks where applicable; topic-specific constructed-response/performance evidence; changed-context practice; weekly cumulative mastery; physical evidence when required.,"LAB-002: Annotated schematic, calculations, loaded/unloaded results, fault log, root cause, repair, and verification. Physical proficiency is credited only on the physical route.",LAB-002,16.3,PASS,"Oscillators, multivibrators, and phase-locked loops",SEM-4-02-018,"Explain oscillator purpose and crystal stability role; Differentiate astable/monostable/bistable; Identify PLL detector, loop filter, controlled oscillator and divider; Explain negative-feedback locking process; Name PLL applications such as synthesis/clock recovery/tuning",w02-kcl-kvl-divider,CETa
CETa,4.13,"Describe filter circuits, why and how they are used",4,Electronic Circuits: Series and Parallel,2,"Series, parallel, KVL, KCL, and divider reasoning","W02-CETA-v16.3 · Filters, integrators/differentiators, and wave shaping","v16.3 integrated lesson: subject-specific technical instruction, instructional visual, worked examples, guided practice, changed independent scenario, knowledge checks, and required semantic evidence.","Draw a node-labeled circuit with a 10 V source and two 1 kOhm series resistors. Predict the midpoint voltage and verify KVL around the loop. | At a node, 5 mA enters while 1.5 mA and 2 mA leave through two branches. Use KCL to find the third branch current and state its direction. | A 5 V divider uses 10 kOhm over 10 kOhm. Recalculate the output if a 10 kOhm meter input is connected to the midpoint.","Analyze a bridge-shaped resistor network supplied by 9 V in which R1=1 kOhm from 9 V to node A, R2=2 kOhm from A to ground, R3=3 kOhm from 9 V to node B, and R4=3 kOhm from B to ground. First solve VA and VB as separate dividers. Then add a 10 kOhm resistor between A and B and explain why the simple-divider answers are no longer exact and what method you would use next.",Required semantic task SEM-4-02-020; required primary lesson gate; v16.3 integrated lesson checks; Week 2 mastery/teach-back.,Correct auto-graded lesson checks where applicable; topic-specific constructed-response/performance evidence; changed-context practice; weekly cumulative mastery; physical evidence when required.,"LAB-002: Annotated schematic, calculations, loaded/unloaded results, fault log, root cause, repair, and verification. Physical proficiency is credited only on the physical route.",LAB-002,16.3,PASS,"Filters, integrators/differentiators, and wave shaping",SEM-4-02-020,Identify four primary filter families; Explain integrator versus differentiator behavior; Distinguish clipping from clamping; Explain Schmitt-trigger hysteresis purpose; Recognize real bandwidth/saturation/noise limitations,w02-kcl-kvl-divider,CETa
CETa,4.14,Explain wave-shaping circuits and explain their purposes,4,Electronic Circuits: Series and Parallel,2,"Series, parallel, KVL, KCL, and divider reasoning","W02-CETA-v16.3 · Filters, integrators/differentiators, and wave shaping","v16.3 integrated lesson: subject-specific technical instruction, instructional visual, worked examples, guided practice, changed independent scenario, knowledge checks, and required semantic evidence.","Draw a node-labeled circuit with a 10 V source and two 1 kOhm series resistors. Predict the midpoint voltage and verify KVL around the loop. | At a node, 5 mA enters while 1.5 mA and 2 mA leave through two branches. Use KCL to find the third branch current and state its direction. | A 5 V divider uses 10 kOhm over 10 kOhm. Recalculate the output if a 10 kOhm meter input is connected to the midpoint.","Analyze a bridge-shaped resistor network supplied by 9 V in which R1=1 kOhm from 9 V to node A, R2=2 kOhm from A to ground, R3=3 kOhm from 9 V to node B, and R4=3 kOhm from B to ground. First solve VA and VB as separate dividers. Then add a 10 kOhm resistor between A and B and explain why the simple-divider answers are no longer exact and what method you would use next.",Required semantic task SEM-4-02-020; required primary lesson gate; v16.3 integrated lesson checks; Week 2 mastery/teach-back.,Correct auto-graded lesson checks where applicable; topic-specific constructed-response/performance evidence; changed-context practice; weekly cumulative mastery; physical evidence when required.,"LAB-002: Annotated schematic, calculations, loaded/unloaded results, fault log, root cause, repair, and verification. Physical proficiency is credited only on the physical route.",LAB-002,16.3,PASS,"Filters, integrators/differentiators, and wave shaping",SEM-4-02-020,Identify four primary filter families; Explain integrator versus differentiator behavior; Distinguish clipping from clamping; Explain Schmitt-trigger hysteresis purpose; Recognize real bandwidth/saturation/noise limitations,w02-kcl-kvl-divider,CETa
CETa,4.15,Describe the relationships between bandwidth and “Q” in an electronics circuit,4,Electronic Circuits: Series and Parallel,2,"Series, parallel, KVL, KCL, and divider reasoning","W02-CETA-v16.3 · Reactance class, resonance, rectangular/polar form, bandwidth and Q","v16.3 integrated lesson: subject-specific technical instruction, instructional visual, worked examples, guided practice, changed independent scenario, knowledge checks, and required semantic evidence.","Draw a node-labeled circuit with a 10 V source and two 1 kOhm series resistors. Predict the midpoint voltage and verify KVL around the loop. | At a node, 5 mA enters while 1.5 mA and 2 mA leave through two branches. Use KCL to find the third branch current and state its direction. | A 5 V divider uses 10 kOhm over 10 kOhm. Recalculate the output if a 10 kOhm meter input is connected to the midpoint.","Analyze a bridge-shaped resistor network supplied by 9 V in which R1=1 kOhm from 9 V to node A, R2=2 kOhm from A to ground, R3=3 kOhm from 9 V to node B, and R4=3 kOhm from B to ground. First solve VA and VB as separate dividers. Then add a 10 kOhm resistor between A and B and explain why the simple-divider answers are no longer exact and what method you would use next.",Required semantic task SEM-4-02-019; required primary lesson gate; v16.3 integrated lesson checks; Week 2 mastery/teach-back.,Correct auto-graded lesson checks where applicable; topic-specific constructed-response/performance evidence; changed-context practice; weekly cumulative mastery; physical evidence when required.,"LAB-002: Annotated schematic, calculations, loaded/unloaded results, fault log, root cause, repair, and verification. Physical proficiency is credited only on the physical route.",LAB-002,16.3,PASS,"Reactance class, resonance, rectangular/polar form, bandwidth and Q",SEM-4-02-019,Use f0=1/(2π√LC); Explain XL/XC cancellation at resonance; Use rectangular R+jX representation; Convert conceptually between rectangular and polar form; Relate higher Q to narrower bandwidth in the applicable resonant model,w02-kcl-kvl-divider,CETa
CETa,4.16,Explain the piezoelectric effect,4,Electronic Circuits: Series and Parallel,2,"Series, parallel, KVL, KCL, and divider reasoning",W02-CETA-v16.3 · Piezoelectric effect and technician applications,"v16.3 integrated lesson: subject-specific technical instruction, instructional visual, worked examples, guided practice, changed independent scenario, knowledge checks, and required semantic evidence.","Draw a node-labeled circuit with a 10 V source and two 1 kOhm series resistors. Predict the midpoint voltage and verify KVL around the loop. | At a node, 5 mA enters while 1.5 mA and 2 mA leave through two branches. Use KCL to find the third branch current and state its direction. | A 5 V divider uses 10 kOhm over 10 kOhm. Recalculate the output if a 10 kOhm meter input is connected to the midpoint.","Analyze a bridge-shaped resistor network supplied by 9 V in which R1=1 kOhm from 9 V to node A, R2=2 kOhm from A to ground, R3=3 kOhm from 9 V to node B, and R4=3 kOhm from B to ground. First solve VA and VB as separate dividers. Then add a 10 kOhm resistor between A and B and explain why the simple-divider answers are no longer exact and what method you would use next.",Required semantic task SEM-4-02-021; required primary lesson gate; v16.3 integrated lesson checks; Week 2 mastery/teach-back.,Correct auto-graded lesson checks where applicable; topic-specific constructed-response/performance evidence; changed-context practice; weekly cumulative mastery; physical evidence when required.,"LAB-002: Annotated schematic, calculations, loaded/unloaded results, fault log, root cause, repair, and verification. Physical proficiency is credited only on the physical route.",LAB-002,16.3,PASS,Piezoelectric effect and technician applications,SEM-4-02-021,Define direct mechanical-to-electrical effect; Define inverse electrical-to-mechanical effect; Name realistic sensor and actuator examples; Connect quartz crystal resonance to piezoelectric coupling; Recognize high source impedance/measurement considerations,w02-kcl-kvl-divider,CETa
CETa,4.17,"Explain series and parallel calculations for resistive networks; voltage drop, etc",4,Electronic Circuits: Series and Parallel,2,"Series, parallel, KVL, KCL, and divider reasoning","W02-CETA-v16.3 · Series/parallel DC and AC networks, KCL/KVL, and resistive calculations","v16.3 integrated lesson: subject-specific technical instruction, instructional visual, worked examples, guided practice, changed independent scenario, knowledge checks, and required semantic evidence.","Draw a node-labeled circuit with a 10 V source and two 1 kOhm series resistors. Predict the midpoint voltage and verify KVL around the loop. | At a node, 5 mA enters while 1.5 mA and 2 mA leave through two branches. Use KCL to find the third branch current and state its direction. | A 5 V divider uses 10 kOhm over 10 kOhm. Recalculate the output if a 10 kOhm meter input is connected to the midpoint.","Analyze a bridge-shaped resistor network supplied by 9 V in which R1=1 kOhm from 9 V to node A, R2=2 kOhm from A to ground, R3=3 kOhm from 9 V to node B, and R4=3 kOhm from B to ground. First solve VA and VB as separate dividers. Then add a 10 kOhm resistor between A and B and explain why the simple-divider answers are no longer exact and what method you would use next.",Required semantic task SEM-4-02-017; required primary lesson gate; v16.3 integrated lesson checks; Week 2 mastery/teach-back.,Correct auto-graded lesson checks where applicable; topic-specific constructed-response/performance evidence; changed-context practice; weekly cumulative mastery; physical evidence when required.,"LAB-002: Annotated schematic, calculations, loaded/unloaded results, fault log, root cause, repair, and verification. Physical proficiency is credited only on the physical route.",LAB-002,16.3,PASS,"Series/parallel DC and AC networks, KCL/KVL, and resistive calculations",SEM-4-02-017,Identify true series and parallel topology; Calculate equivalent resistance/voltage drop/branch current; Apply KCL and KVL with signs; Explain same conservation laws apply in AC with impedance/phase; Use predictions as troubleshooting boundaries,w02-kcl-kvl-divider,CETa
CETa,8.1,Describe how digital and analog meters operate,8,Test Equipment and Measurements,3,What each instrument measures and how the controls map to quantities,"W03-CETA-v16.3 · Analog/digital meters, construction, safety, loading, and leads","v16.3 integrated lesson: subject-specific technical instruction, instructional visual, worked examples, guided practice, changed independent scenario, knowledge checks, and required semantic evidence.","Describe the safe connection and meter mode for measuring 5 V rail voltage, 20 mA branch current, and a resistor value. | A 1 kHz square wave will not stabilize on the scope. Name the trigger source, level, and slope choices you would inspect before blaming the circuit. | Choose between DMM, scope, signal generator, frequency counter, logic probe, and spectrum analyzer for six questions: DC rail, 2 ns glitch, controlled sine stimulus, exact repetitive frequency, static digital level, unexpected RF spur.","A sensor board has correct 5 V input but a periodic reset every 200 ms. Design an instrument plan using a DMM and oscilloscope. State exactly what each instrument should observe, where the reference connects, what time scale/trigger strategy you would start with, and what evidence would distinguish a supply dip from a purely firmware reset.",Required semantic task SEM-8-03-033; required primary lesson gate; v16.3 integrated lesson checks; Week 3 mastery/teach-back.,Correct auto-graded lesson checks where applicable; topic-specific constructed-response/performance evidence; changed-context practice; weekly cumulative mastery; physical evidence when required.,"LAB-003: Instrument/setup table, predicted and measured DC values, one annotated waveform, manual frequency calculation, and one limitation statement. Physical proficiency is credited only on the physical route.",LAB-003,16.3,PASS,"Analog/digital meters, construction, safety, loading, and leads",SEM-8-03-033,Differentiate analog movement and digital ADC concept; Explain divider/shunt/protection roles; State parallel voltage vs series current vs de-energized resistance connection; Explain meter loading; Include CAT/rating/jack/lead/fuse inspection,w03-instrument-connections,CETa
CETa,8.2,Explain meter construction and components,8,Test Equipment and Measurements,3,What each instrument measures and how the controls map to quantities,"W03-CETA-v16.3 · Analog/digital meters, construction, safety, loading, and leads","v16.3 integrated lesson: subject-specific technical instruction, instructional visual, worked examples, guided practice, changed independent scenario, knowledge checks, and required semantic evidence.","Describe the safe connection and meter mode for measuring 5 V rail voltage, 20 mA branch current, and a resistor value. | A 1 kHz square wave will not stabilize on the scope. Name the trigger source, level, and slope choices you would inspect before blaming the circuit. | Choose between DMM, scope, signal generator, frequency counter, logic probe, and spectrum analyzer for six questions: DC rail, 2 ns glitch, controlled sine stimulus, exact repetitive frequency, static digital level, unexpected RF spur.","A sensor board has correct 5 V input but a periodic reset every 200 ms. Design an instrument plan using a DMM and oscilloscope. State exactly what each instrument should observe, where the reference connects, what time scale/trigger strategy you would start with, and what evidence would distinguish a supply dip from a purely firmware reset.",Required semantic task SEM-8-03-033; required primary lesson gate; v16.3 integrated lesson checks; Week 3 mastery/teach-back.,Correct auto-graded lesson checks where applicable; topic-specific constructed-response/performance evidence; changed-context practice; weekly cumulative mastery; physical evidence when required.,"LAB-003: Instrument/setup table, predicted and measured DC values, one annotated waveform, manual frequency calculation, and one limitation statement. Physical proficiency is credited only on the physical route.",LAB-003,16.3,PASS,"Analog/digital meters, construction, safety, loading, and leads",SEM-8-03-033,Differentiate analog movement and digital ADC concept; Explain divider/shunt/protection roles; State parallel voltage vs series current vs de-energized resistance connection; Explain meter loading; Include CAT/rating/jack/lead/fuse inspection,w03-instrument-connections,CETa
CETa,8.3,"Identify meter protection, safety and usage",8,Test Equipment and Measurements,3,What each instrument measures and how the controls map to quantities,"W03-CETA-v16.3 · Analog/digital meters, construction, safety, loading, and leads","v16.3 integrated lesson: subject-specific technical instruction, instructional visual, worked examples, guided practice, changed independent scenario, knowledge checks, and required semantic evidence.","Describe the safe connection and meter mode for measuring 5 V rail voltage, 20 mA branch current, and a resistor value. | A 1 kHz square wave will not stabilize on the scope. Name the trigger source, level, and slope choices you would inspect before blaming the circuit. | Choose between DMM, scope, signal generator, frequency counter, logic probe, and spectrum analyzer for six questions: DC rail, 2 ns glitch, controlled sine stimulus, exact repetitive frequency, static digital level, unexpected RF spur.","A sensor board has correct 5 V input but a periodic reset every 200 ms. Design an instrument plan using a DMM and oscilloscope. State exactly what each instrument should observe, where the reference connects, what time scale/trigger strategy you would start with, and what evidence would distinguish a supply dip from a purely firmware reset.",Required semantic task SEM-8-03-033; required primary lesson gate; v16.3 integrated lesson checks; Week 3 mastery/teach-back.,Correct auto-graded lesson checks where applicable; topic-specific constructed-response/performance evidence; changed-context practice; weekly cumulative mastery; physical evidence when required.,"LAB-003: Instrument/setup table, predicted and measured DC values, one annotated waveform, manual frequency calculation, and one limitation statement. Physical proficiency is credited only on the physical route.",LAB-003,16.3,PASS,"Analog/digital meters, construction, safety, loading, and leads",SEM-8-03-033,Differentiate analog movement and digital ADC concept; Explain divider/shunt/protection roles; State parallel voltage vs series current vs de-energized resistance connection; Explain meter loading; Include CAT/rating/jack/lead/fuse inspection,w03-instrument-connections,CETa
CETa,8.4,Explain care of equipment and test leads,8,Test Equipment and Measurements,3,What each instrument measures and how the controls map to quantities,"W03-CETA-v16.3 · Analog/digital meters, construction, safety, loading, and leads","v16.3 integrated lesson: subject-specific technical instruction, instructional visual, worked examples, guided practice, changed independent scenario, knowledge checks, and required semantic evidence.","Describe the safe connection and meter mode for measuring 5 V rail voltage, 20 mA branch current, and a resistor value. | A 1 kHz square wave will not stabilize on the scope. Name the trigger source, level, and slope choices you would inspect before blaming the circuit. | Choose between DMM, scope, signal generator, frequency counter, logic probe, and spectrum analyzer for six questions: DC rail, 2 ns glitch, controlled sine stimulus, exact repetitive frequency, static digital level, unexpected RF spur.","A sensor board has correct 5 V input but a periodic reset every 200 ms. Design an instrument plan using a DMM and oscilloscope. State exactly what each instrument should observe, where the reference connects, what time scale/trigger strategy you would start with, and what evidence would distinguish a supply dip from a purely firmware reset.",Required semantic task SEM-8-03-033; required primary lesson gate; v16.3 integrated lesson checks; Week 3 mastery/teach-back.,Correct auto-graded lesson checks where applicable; topic-specific constructed-response/performance evidence; changed-context practice; weekly cumulative mastery; physical evidence when required.,"LAB-003: Instrument/setup table, predicted and measured DC values, one annotated waveform, manual frequency calculation, and one limitation statement. Physical proficiency is credited only on the physical route.",LAB-003,16.3,PASS,"Analog/digital meters, construction, safety, loading, and leads",SEM-8-03-033,Differentiate analog movement and digital ADC concept; Explain divider/shunt/protection roles; State parallel voltage vs series current vs de-energized resistance connection; Explain meter loading; Include CAT/rating/jack/lead/fuse inspection,w03-instrument-connections,CETa
CETa,8.5,List the purposes and types of signal generators,8,Test Equipment and Measurements,3,What each instrument measures and how the controls map to quantities,"W03-CETA-v16.3 · Signal generators, frequency counters, RCL substitution, and ESR meters","v16.3 integrated lesson: subject-specific technical instruction, instructional visual, worked examples, guided practice, changed independent scenario, knowledge checks, and required semantic evidence.","Describe the safe connection and meter mode for measuring 5 V rail voltage, 20 mA branch current, and a resistor value. | A 1 kHz square wave will not stabilize on the scope. Name the trigger source, level, and slope choices you would inspect before blaming the circuit. | Choose between DMM, scope, signal generator, frequency counter, logic probe, and spectrum analyzer for six questions: DC rail, 2 ns glitch, controlled sine stimulus, exact repetitive frequency, static digital level, unexpected RF spur.","A sensor board has correct 5 V input but a periodic reset every 200 ms. Design an instrument plan using a DMM and oscilloscope. State exactly what each instrument should observe, where the reference connects, what time scale/trigger strategy you would start with, and what evidence would distinguish a supply dip from a purely firmware reset.",Required semantic task SEM-8-03-034; required primary lesson gate; v16.3 integrated lesson checks; Week 3 mastery/teach-back.,Correct auto-graded lesson checks where applicable; topic-specific constructed-response/performance evidence; changed-context practice; weekly cumulative mastery; physical evidence when required.,"LAB-003: Instrument/setup table, predicted and measured DC values, one annotated waveform, manual frequency calculation, and one limitation statement. Physical proficiency is credited only on the physical route.",LAB-003,16.3,PASS,"Signal generators, frequency counters, RCL substitution, and ESR meters",SEM-8-03-034,Explain generator stimulus settings; Explain counter timebase/gate/trigger/bandwidth limits; Explain controlled RCL substitution purpose; Explain ESR as loss/resistance indicator; Recognize in-circuit parallel-path/rating limitations,w03-instrument-connections,CETa
CETa,8.6,Describe meter loading and precautions,8,Test Equipment and Measurements,3,What each instrument measures and how the controls map to quantities,"W03-CETA-v16.3 · Analog/digital meters, construction, safety, loading, and leads","v16.3 integrated lesson: subject-specific technical instruction, instructional visual, worked examples, guided practice, changed independent scenario, knowledge checks, and required semantic evidence.","Describe the safe connection and meter mode for measuring 5 V rail voltage, 20 mA branch current, and a resistor value. | A 1 kHz square wave will not stabilize on the scope. Name the trigger source, level, and slope choices you would inspect before blaming the circuit. | Choose between DMM, scope, signal generator, frequency counter, logic probe, and spectrum analyzer for six questions: DC rail, 2 ns glitch, controlled sine stimulus, exact repetitive frequency, static digital level, unexpected RF spur.","A sensor board has correct 5 V input but a periodic reset every 200 ms. Design an instrument plan using a DMM and oscilloscope. State exactly what each instrument should observe, where the reference connects, what time scale/trigger strategy you would start with, and what evidence would distinguish a supply dip from a purely firmware reset.",Required semantic task SEM-8-03-033; required primary lesson gate; v16.3 integrated lesson checks; Week 3 mastery/teach-back.,Correct auto-graded lesson checks where applicable; topic-specific constructed-response/performance evidence; changed-context practice; weekly cumulative mastery; physical evidence when required.,"LAB-003: Instrument/setup table, predicted and measured DC values, one annotated waveform, manual frequency calculation, and one limitation statement. Physical proficiency is credited only on the physical route.",LAB-003,16.3,PASS,"Analog/digital meters, construction, safety, loading, and leads",SEM-8-03-033,Differentiate analog movement and digital ADC concept; Explain divider/shunt/protection roles; State parallel voltage vs series current vs de-energized resistance connection; Explain meter loading; Include CAT/rating/jack/lead/fuse inspection,w03-instrument-connections,CETa
CETa,8.7,Explain the purposes of frequency counters and list their limitations,8,Test Equipment and Measurements,3,What each instrument measures and how the controls map to quantities,"W03-CETA-v16.3 · Signal generators, frequency counters, RCL substitution, and ESR meters","v16.3 integrated lesson: subject-specific technical instruction, instructional visual, worked examples, guided practice, changed independent scenario, knowledge checks, and required semantic evidence.","Describe the safe connection and meter mode for measuring 5 V rail voltage, 20 mA branch current, and a resistor value. | A 1 kHz square wave will not stabilize on the scope. Name the trigger source, level, and slope choices you would inspect before blaming the circuit. | Choose between DMM, scope, signal generator, frequency counter, logic probe, and spectrum analyzer for six questions: DC rail, 2 ns glitch, controlled sine stimulus, exact repetitive frequency, static digital level, unexpected RF spur.","A sensor board has correct 5 V input but a periodic reset every 200 ms. Design an instrument plan using a DMM and oscilloscope. State exactly what each instrument should observe, where the reference connects, what time scale/trigger strategy you would start with, and what evidence would distinguish a supply dip from a purely firmware reset.",Required semantic task SEM-8-03-034; required primary lesson gate; v16.3 integrated lesson checks; Week 3 mastery/teach-back.,Correct auto-graded lesson checks where applicable; topic-specific constructed-response/performance evidence; changed-context practice; weekly cumulative mastery; physical evidence when required.,"LAB-003: Instrument/setup table, predicted and measured DC values, one annotated waveform, manual frequency calculation, and one limitation statement. Physical proficiency is credited only on the physical route.",LAB-003,16.3,PASS,"Signal generators, frequency counters, RCL substitution, and ESR meters",SEM-8-03-034,Explain generator stimulus settings; Explain counter timebase/gate/trigger/bandwidth limits; Explain controlled RCL substitution purpose; Explain ESR as loss/resistance indicator; Recognize in-circuit parallel-path/rating limitations,w03-instrument-connections,CETa
CETa,8.8,Explain what R-C-L substitution equipment is and its purposes,8,Test Equipment and Measurements,3,What each instrument measures and how the controls map to quantities,"W03-CETA-v16.3 · Signal generators, frequency counters, RCL substitution, and ESR meters","v16.3 integrated lesson: subject-specific technical instruction, instructional visual, worked examples, guided practice, changed independent scenario, knowledge checks, and required semantic evidence.","Describe the safe connection and meter mode for measuring 5 V rail voltage, 20 mA branch current, and a resistor value. | A 1 kHz square wave will not stabilize on the scope. Name the trigger source, level, and slope choices you would inspect before blaming the circuit. | Choose between DMM, scope, signal generator, frequency counter, logic probe, and spectrum analyzer for six questions: DC rail, 2 ns glitch, controlled sine stimulus, exact repetitive frequency, static digital level, unexpected RF spur.","A sensor board has correct 5 V input but a periodic reset every 200 ms. Design an instrument plan using a DMM and oscilloscope. State exactly what each instrument should observe, where the reference connects, what time scale/trigger strategy you would start with, and what evidence would distinguish a supply dip from a purely firmware reset.",Required semantic task SEM-8-03-034; required primary lesson gate; v16.3 integrated lesson checks; Week 3 mastery/teach-back.,Correct auto-graded lesson checks where applicable; topic-specific constructed-response/performance evidence; changed-context practice; weekly cumulative mastery; physical evidence when required.,"LAB-003: Instrument/setup table, predicted and measured DC values, one annotated waveform, manual frequency calculation, and one limitation statement. Physical proficiency is credited only on the physical route.",LAB-003,16.3,PASS,"Signal generators, frequency counters, RCL substitution, and ESR meters",SEM-8-03-034,Explain generator stimulus settings; Explain counter timebase/gate/trigger/bandwidth limits; Explain controlled RCL substitution purpose; Explain ESR as loss/resistance indicator; Recognize in-circuit parallel-path/rating limitations,w03-instrument-connections,CETa
CETa,8.10,List the uses and precautions for logic test probes,8,Test Equipment and Measurements,3,What each instrument measures and how the controls map to quantities,W03-CETA-v16.3 · Logic probes and logic pulsers: observe versus stimulate,"v16.3 integrated lesson: subject-specific technical instruction, instructional visual, worked examples, guided practice, changed independent scenario, knowledge checks, and required semantic evidence.","Describe the safe connection and meter mode for measuring 5 V rail voltage, 20 mA branch current, and a resistor value. | A 1 kHz square wave will not stabilize on the scope. Name the trigger source, level, and slope choices you would inspect before blaming the circuit. | Choose between DMM, scope, signal generator, frequency counter, logic probe, and spectrum analyzer for six questions: DC rail, 2 ns glitch, controlled sine stimulus, exact repetitive frequency, static digital level, unexpected RF spur.","A sensor board has correct 5 V input but a periodic reset every 200 ms. Design an instrument plan using a DMM and oscilloscope. State exactly what each instrument should observe, where the reference connects, what time scale/trigger strategy you would start with, and what evidence would distinguish a supply dip from a purely firmware reset.",Required semantic task SEM-8-03-035; required primary lesson gate; v16.3 integrated lesson checks; Week 3 mastery/teach-back.,Correct auto-graded lesson checks where applicable; topic-specific constructed-response/performance evidence; changed-context practice; weekly cumulative mastery; physical evidence when required.,"LAB-003: Instrument/setup table, predicted and measured DC values, one annotated waveform, manual frequency calculation, and one limitation statement. Physical proficiency is credited only on the physical route.",LAB-003,16.3,PASS,Logic probes and logic pulsers: observe versus stimulate,SEM-8-03-035,Define logic probe as HIGH/LOW/pulse observation tool; Define logic pulser as controlled digital stimulus; Pair pulser with probe/scope/analyzer to observe downstream response; Verify logic family/supply/node direction before use; Avoid bus contention or pulsing unsuitable analog/sensitive nodes,w03-instrument-connections,CETa
CETa,8.11,Explain how logic pulsers are used,8,Test Equipment and Measurements,3,What each instrument measures and how the controls map to quantities,W03-CETA-v16.3 · Logic probes and logic pulsers: observe versus stimulate,"v16.3 integrated lesson: subject-specific technical instruction, instructional visual, worked examples, guided practice, changed independent scenario, knowledge checks, and required semantic evidence.","Describe the safe connection and meter mode for measuring 5 V rail voltage, 20 mA branch current, and a resistor value. | A 1 kHz square wave will not stabilize on the scope. Name the trigger source, level, and slope choices you would inspect before blaming the circuit. | Choose between DMM, scope, signal generator, frequency counter, logic probe, and spectrum analyzer for six questions: DC rail, 2 ns glitch, controlled sine stimulus, exact repetitive frequency, static digital level, unexpected RF spur.","A sensor board has correct 5 V input but a periodic reset every 200 ms. Design an instrument plan using a DMM and oscilloscope. State exactly what each instrument should observe, where the reference connects, what time scale/trigger strategy you would start with, and what evidence would distinguish a supply dip from a purely firmware reset.",Required semantic task SEM-8-03-035; required primary lesson gate; v16.3 integrated lesson checks; Week 3 mastery/teach-back.,Correct auto-graded lesson checks where applicable; topic-specific constructed-response/performance evidence; changed-context practice; weekly cumulative mastery; physical evidence when required.,"LAB-003: Instrument/setup table, predicted and measured DC values, one annotated waveform, manual frequency calculation, and one limitation statement. Physical proficiency is credited only on the physical route.",LAB-003,16.3,PASS,Logic probes and logic pulsers: observe versus stimulate,SEM-8-03-035,Define logic probe as HIGH/LOW/pulse observation tool; Define logic pulser as controlled digital stimulus; Pair pulser with probe/scope/analyzer to observe downstream response; Verify logic family/supply/node direction before use; Avoid bus contention or pulsing unsuitable analog/sensitive nodes,w03-instrument-connections,CETa
CETa,8.12,Describe oscilloscope uses:,8,Test Equipment and Measurements,3,What each instrument measures and how the controls map to quantities,W03-CETA-v16.3 · Oscilloscope controls and spectrum analyzer operation,"v16.3 integrated lesson: subject-specific technical instruction, instructional visual, worked examples, guided practice, changed independent scenario, knowledge checks, and required semantic evidence.","Describe the safe connection and meter mode for measuring 5 V rail voltage, 20 mA branch current, and a resistor value. | A 1 kHz square wave will not stabilize on the scope. Name the trigger source, level, and slope choices you would inspect before blaming the circuit. | Choose between DMM, scope, signal generator, frequency counter, logic probe, and spectrum analyzer for six questions: DC rail, 2 ns glitch, controlled sine stimulus, exact repetitive frequency, static digital level, unexpected RF spur.","A sensor board has correct 5 V input but a periodic reset every 200 ms. Design an instrument plan using a DMM and oscilloscope. State exactly what each instrument should observe, where the reference connects, what time scale/trigger strategy you would start with, and what evidence would distinguish a supply dip from a purely firmware reset.",Required semantic task SEM-8-03-036; required primary lesson gate; v16.3 integrated lesson checks; Week 3 mastery/teach-back.,Correct auto-graded lesson checks where applicable; topic-specific constructed-response/performance evidence; changed-context practice; weekly cumulative mastery; physical evidence when required.,"LAB-003: Instrument/setup table, predicted and measured DC values, one annotated waveform, manual frequency calculation, and one limitation statement. Physical proficiency is credited only on the physical route.",LAB-003,16.3,PASS,Oscilloscope controls and spectrum analyzer operation,SEM-8-03-036,Explain vertical/time/probe/coupling controls; Explain trigger source/level/slope purpose; Distinguish peak/Vpp/RMS; Explain center/span/reference/attenuation/RBW/VBW; Choose scope for time domain and spectrum analyzer for frequency domain,w03-instrument-connections,CETa
CETa,8.12.1,Explain the purposes of each front panel control,8,Test Equipment and Measurements,3,What each instrument measures and how the controls map to quantities,W03-CETA-v16.3 · Oscilloscope controls and spectrum analyzer operation,"v16.3 integrated lesson: subject-specific technical instruction, instructional visual, worked examples, guided practice, changed independent scenario, knowledge checks, and required semantic evidence.","Describe the safe connection and meter mode for measuring 5 V rail voltage, 20 mA branch current, and a resistor value. | A 1 kHz square wave will not stabilize on the scope. Name the trigger source, level, and slope choices you would inspect before blaming the circuit. | Choose between DMM, scope, signal generator, frequency counter, logic probe, and spectrum analyzer for six questions: DC rail, 2 ns glitch, controlled sine stimulus, exact repetitive frequency, static digital level, unexpected RF spur.","A sensor board has correct 5 V input but a periodic reset every 200 ms. Design an instrument plan using a DMM and oscilloscope. State exactly what each instrument should observe, where the reference connects, what time scale/trigger strategy you would start with, and what evidence would distinguish a supply dip from a purely firmware reset.",Required semantic task SEM-8-03-036; required primary lesson gate; v16.3 integrated lesson checks; Week 3 mastery/teach-back.,Correct auto-graded lesson checks where applicable; topic-specific constructed-response/performance evidence; changed-context practice; weekly cumulative mastery; physical evidence when required.,"LAB-003: Instrument/setup table, predicted and measured DC values, one annotated waveform, manual frequency calculation, and one limitation statement. Physical proficiency is credited only on the physical route.",LAB-003,16.3,PASS,Oscilloscope controls and spectrum analyzer operation,SEM-8-03-036,Explain vertical/time/probe/coupling controls; Explain trigger source/level/slope purpose; Distinguish peak/Vpp/RMS; Explain center/span/reference/attenuation/RBW/VBW; Choose scope for time domain and spectrum analyzer for frequency domain,w03-instrument-connections,CETa
CETa,8.13,Describe spectrum analyzer uses and operation,8,Test Equipment and Measurements,3,What each instrument measures and how the controls map to quantities,W03-CETA-v16.3 · Oscilloscope controls and spectrum analyzer operation,"v16.3 integrated lesson: subject-specific technical instruction, instructional visual, worked examples, guided practice, changed independent scenario, knowledge checks, and required semantic evidence.","Describe the safe connection and meter mode for measuring 5 V rail voltage, 20 mA branch current, and a resistor value. | A 1 kHz square wave will not stabilize on the scope. Name the trigger source, level, and slope choices you would inspect before blaming the circuit. | Choose between DMM, scope, signal generator, frequency counter, logic probe, and spectrum analyzer for six questions: DC rail, 2 ns glitch, controlled sine stimulus, exact repetitive frequency, static digital level, unexpected RF spur.","A sensor board has correct 5 V input but a periodic reset every 200 ms. Design an instrument plan using a DMM and oscilloscope. State exactly what each instrument should observe, where the reference connects, what time scale/trigger strategy you would start with, and what evidence would distinguish a supply dip from a purely firmware reset.",Required semantic task SEM-8-03-036; required primary lesson gate; v16.3 integrated lesson checks; Week 3 mastery/teach-back.,Correct auto-graded lesson checks where applicable; topic-specific constructed-response/performance evidence; changed-context practice; weekly cumulative mastery; physical evidence when required.,"LAB-003: Instrument/setup table, predicted and measured DC values, one annotated waveform, manual frequency calculation, and one limitation statement. Physical proficiency is credited only on the physical route.",LAB-003,16.3,PASS,Oscilloscope controls and spectrum analyzer operation,SEM-8-03-036,Explain vertical/time/probe/coupling controls; Explain trigger source/level/slope purpose; Distinguish peak/Vpp/RMS; Explain center/span/reference/attenuation/RBW/VBW; Choose scope for time domain and spectrum analyzer for frequency domain,w03-instrument-connections,CETa
CETa,8.14,Define dummy load; show where and why used,8,Test Equipment and Measurements,3,What each instrument measures and how the controls map to quantities,"W03-CETA-v16.3 · Dummy loads, rheostats, isolation transformers, Variacs, and potentiometers","v16.3 integrated lesson: subject-specific technical instruction, instructional visual, worked examples, guided practice, changed independent scenario, knowledge checks, and required semantic evidence.","Describe the safe connection and meter mode for measuring 5 V rail voltage, 20 mA branch current, and a resistor value. | A 1 kHz square wave will not stabilize on the scope. Name the trigger source, level, and slope choices you would inspect before blaming the circuit. | Choose between DMM, scope, signal generator, frequency counter, logic probe, and spectrum analyzer for six questions: DC rail, 2 ns glitch, controlled sine stimulus, exact repetitive frequency, static digital level, unexpected RF spur.","A sensor board has correct 5 V input but a periodic reset every 200 ms. Design an instrument plan using a DMM and oscilloscope. State exactly what each instrument should observe, where the reference connects, what time scale/trigger strategy you would start with, and what evidence would distinguish a supply dip from a purely firmware reset.",Required semantic task SEM-8-03-037; required primary lesson gate; v16.3 integrated lesson checks; Week 3 mastery/teach-back.,Correct auto-graded lesson checks where applicable; topic-specific constructed-response/performance evidence; changed-context practice; weekly cumulative mastery; physical evidence when required.,"LAB-003: Instrument/setup table, predicted and measured DC values, one annotated waveform, manual frequency calculation, and one limitation statement. Physical proficiency is credited only on the physical route.",LAB-003,16.3,PASS,"Dummy loads, rheostats, isolation transformers, Variacs, and potentiometers",SEM-8-03-037,Define dummy load and match impedance/power; Distinguish rheostat from potentiometer use; Explain potentiometer divider loading; Explain galvanic isolation and its limits; Explain Variac voltage adjustment without assumed isolation; Check VA/current/insulation/power ratings,w03-instrument-connections,CETa
CETa,8.15,"Explain reasons for using rheostats, isolation transformers and variacs and why size matters",8,Test Equipment and Measurements,3,What each instrument measures and how the controls map to quantities,"W03-CETA-v16.3 · Dummy loads, rheostats, isolation transformers, Variacs, and potentiometers","v16.3 integrated lesson: subject-specific technical instruction, instructional visual, worked examples, guided practice, changed independent scenario, knowledge checks, and required semantic evidence.","Describe the safe connection and meter mode for measuring 5 V rail voltage, 20 mA branch current, and a resistor value. | A 1 kHz square wave will not stabilize on the scope. Name the trigger source, level, and slope choices you would inspect before blaming the circuit. | Choose between DMM, scope, signal generator, frequency counter, logic probe, and spectrum analyzer for six questions: DC rail, 2 ns glitch, controlled sine stimulus, exact repetitive frequency, static digital level, unexpected RF spur.","A sensor board has correct 5 V input but a periodic reset every 200 ms. Design an instrument plan using a DMM and oscilloscope. State exactly what each instrument should observe, where the reference connects, what time scale/trigger strategy you would start with, and what evidence would distinguish a supply dip from a purely firmware reset.",Required semantic task SEM-8-03-037; required primary lesson gate; v16.3 integrated lesson checks; Week 3 mastery/teach-back.,Correct auto-graded lesson checks where applicable; topic-specific constructed-response/performance evidence; changed-context practice; weekly cumulative mastery; physical evidence when required.,"LAB-003: Instrument/setup table, predicted and measured DC values, one annotated waveform, manual frequency calculation, and one limitation statement. Physical proficiency is credited only on the physical route.",LAB-003,16.3,PASS,"Dummy loads, rheostats, isolation transformers, Variacs, and potentiometers",SEM-8-03-037,Define dummy load and match impedance/power; Distinguish rheostat from potentiometer use; Explain potentiometer divider loading; Explain galvanic isolation and its limits; Explain Variac voltage adjustment without assumed isolation; Check VA/current/insulation/power ratings,w03-instrument-connections,CETa
CETa,8.16,Explain how a potentiometer functions and its use as a variable voltage divider,8,Test Equipment and Measurements,3,What each instrument measures and how the controls map to quantities,"W03-CETA-v16.3 · Dummy loads, rheostats, isolation transformers, Variacs, and potentiometers","v16.3 integrated lesson: subject-specific technical instruction, instructional visual, worked examples, guided practice, changed independent scenario, knowledge checks, and required semantic evidence.","Describe the safe connection and meter mode for measuring 5 V rail voltage, 20 mA branch current, and a resistor value. | A 1 kHz square wave will not stabilize on the scope. Name the trigger source, level, and slope choices you would inspect before blaming the circuit. | Choose between DMM, scope, signal generator, frequency counter, logic probe, and spectrum analyzer for six questions: DC rail, 2 ns glitch, controlled sine stimulus, exact repetitive frequency, static digital level, unexpected RF spur.","A sensor board has correct 5 V input but a periodic reset every 200 ms. Design an instrument plan using a DMM and oscilloscope. State exactly what each instrument should observe, where the reference connects, what time scale/trigger strategy you would start with, and what evidence would distinguish a supply dip from a purely firmware reset.",Required semantic task SEM-8-03-037; required primary lesson gate; v16.3 integrated lesson checks; Week 3 mastery/teach-back.,Correct auto-graded lesson checks where applicable; topic-specific constructed-response/performance evidence; changed-context practice; weekly cumulative mastery; physical evidence when required.,"LAB-003: Instrument/setup table, predicted and measured DC values, one annotated waveform, manual frequency calculation, and one limitation statement. Physical proficiency is credited only on the physical route.",LAB-003,16.3,PASS,"Dummy loads, rheostats, isolation transformers, Variacs, and potentiometers",SEM-8-03-037,Define dummy load and match impedance/power; Distinguish rheostat from potentiometer use; Explain potentiometer divider loading; Explain galvanic isolation and its limits; Explain Variac voltage adjustment without assumed isolation; Check VA/current/insulation/power ratings,w03-instrument-connections,CETa
Career,C3.1,"Configure and use a DMM correctly for voltage, resistance/continuity, and current without creating a hazardous or circuit-altering connection.",C3,Measurement & Instrumentation,3,"Measurement planning, probe discipline, and uncertainty",W03-CAREER-v16.3 · Career integration: hypothesis-driven measurement and instruments,"v16.3 integrated lesson: subject-specific technical instruction, instructional visual, worked examples, guided practice, changed independent scenario, knowledge checks, and required semantic evidence.","Write a measurement-plan row for checking a 3.3 V rail during MCU reset: quantity, expected range, instrument, connection, time resolution, and stop condition. | A meter reads 4.998 V three times on a nominal 5 V rail. Explain what you can and cannot claim without the meter accuracy specification and system tolerance. | For a suspected 20 us glitch, explain why a DMM may miss the event and choose scope settings that would make the event observable.","Design a measurement plan for an embedded board that passes self-test on the bench but intermittently fails when a motor starts. Include rail voltage, ground/reference, motor current or switching event, MCU reset line, and one digital interface. For each measurement, state the hypothesis it tests and the evidence that would change your diagnosis.",Required semantic task SEM-C3-03-077; required primary lesson gate; v16.3 integrated lesson checks; Week 3 mastery/teach-back.,Correct auto-graded lesson checks where applicable; topic-specific constructed-response/performance evidence; changed-context practice; weekly cumulative mastery; physical evidence when required.,"LAB-003: Instrument/setup table, predicted and measured DC values, one annotated waveform, manual frequency calculation, and one limitation statement. Physical proficiency is credited only on the physical route.",LAB-003,16.3,PASS,Career integration: hypothesis-driven measurement and instruments,SEM-C3-03-077,"Correct DMM use; Bench supply current-limit diagnostic; Scope setup and waveform measurements; Logic analyzer sample/threshold/channel/decode setup; Measurement limitations; Instrument chosen from hypothesis, not random probing",w03-measurement-plan,Career
Career,C3.2,Configure a bench power supply in constant-voltage/current-limit operation and use current consumption as a bring-up diagnostic.,C3,Measurement & Instrumentation,3,"Measurement planning, probe discipline, and uncertainty",W03-CAREER-v16.3 · Career integration: hypothesis-driven measurement and instruments,"v16.3 integrated lesson: subject-specific technical instruction, instructional visual, worked examples, guided practice, changed independent scenario, knowledge checks, and required semantic evidence.","Write a measurement-plan row for checking a 3.3 V rail during MCU reset: quantity, expected range, instrument, connection, time resolution, and stop condition. | A meter reads 4.998 V three times on a nominal 5 V rail. Explain what you can and cannot claim without the meter accuracy specification and system tolerance. | For a suspected 20 us glitch, explain why a DMM may miss the event and choose scope settings that would make the event observable.","Design a measurement plan for an embedded board that passes self-test on the bench but intermittently fails when a motor starts. Include rail voltage, ground/reference, motor current or switching event, MCU reset line, and one digital interface. For each measurement, state the hypothesis it tests and the evidence that would change your diagnosis.",Required semantic task SEM-C3-03-077; required primary lesson gate; v16.3 integrated lesson checks; Week 3 mastery/teach-back.,Correct auto-graded lesson checks where applicable; topic-specific constructed-response/performance evidence; changed-context practice; weekly cumulative mastery; physical evidence when required.,"LAB-003: Instrument/setup table, predicted and measured DC values, one annotated waveform, manual frequency calculation, and one limitation statement. Physical proficiency is credited only on the physical route.",LAB-003,16.3,PASS,Career integration: hypothesis-driven measurement and instruments,SEM-C3-03-077,"Correct DMM use; Bench supply current-limit diagnostic; Scope setup and waveform measurements; Logic analyzer sample/threshold/channel/decode setup; Measurement limitations; Instrument chosen from hypothesis, not random probing",w03-measurement-plan,Career
Career,C3.3,"Configure an oscilloscope probe, coupling, vertical scale, timebase, trigger, and reference ground to obtain a stable useful measurement.",C3,Measurement & Instrumentation,3,"Measurement planning, probe discipline, and uncertainty",W03-CAREER-v16.3 · Career integration: hypothesis-driven measurement and instruments,"v16.3 integrated lesson: subject-specific technical instruction, instructional visual, worked examples, guided practice, changed independent scenario, knowledge checks, and required semantic evidence.","Write a measurement-plan row for checking a 3.3 V rail during MCU reset: quantity, expected range, instrument, connection, time resolution, and stop condition. | A meter reads 4.998 V three times on a nominal 5 V rail. Explain what you can and cannot claim without the meter accuracy specification and system tolerance. | For a suspected 20 us glitch, explain why a DMM may miss the event and choose scope settings that would make the event observable.","Design a measurement plan for an embedded board that passes self-test on the bench but intermittently fails when a motor starts. Include rail voltage, ground/reference, motor current or switching event, MCU reset line, and one digital interface. For each measurement, state the hypothesis it tests and the evidence that would change your diagnosis.",Required semantic task SEM-C3-03-077; required primary lesson gate; v16.3 integrated lesson checks; Week 3 mastery/teach-back.,Correct auto-graded lesson checks where applicable; topic-specific constructed-response/performance evidence; changed-context practice; weekly cumulative mastery; physical evidence when required.,"LAB-003: Instrument/setup table, predicted and measured DC values, one annotated waveform, manual frequency calculation, and one limitation statement. Physical proficiency is credited only on the physical route.",LAB-003,16.3,PASS,Career integration: hypothesis-driven measurement and instruments,SEM-C3-03-077,"Correct DMM use; Bench supply current-limit diagnostic; Scope setup and waveform measurements; Logic analyzer sample/threshold/channel/decode setup; Measurement limitations; Instrument chosen from hypothesis, not random probing",w03-measurement-plan,Career
Career,C3.4,"Measure amplitude, frequency, period, duty cycle, rise/fall behavior, and DC offset from waveforms and explain measurement limitations.",C3,Measurement & Instrumentation,3,"Measurement planning, probe discipline, and uncertainty",W03-CAREER-v16.3 · Career integration: hypothesis-driven measurement and instruments,"v16.3 integrated lesson: subject-specific technical instruction, instructional visual, worked examples, guided practice, changed independent scenario, knowledge checks, and required semantic evidence.","Write a measurement-plan row for checking a 3.3 V rail during MCU reset: quantity, expected range, instrument, connection, time resolution, and stop condition. | A meter reads 4.998 V three times on a nominal 5 V rail. Explain what you can and cannot claim without the meter accuracy specification and system tolerance. | For a suspected 20 us glitch, explain why a DMM may miss the event and choose scope settings that would make the event observable.","Design a measurement plan for an embedded board that passes self-test on the bench but intermittently fails when a motor starts. Include rail voltage, ground/reference, motor current or switching event, MCU reset line, and one digital interface. For each measurement, state the hypothesis it tests and the evidence that would change your diagnosis.",Required semantic task SEM-C3-03-077; required primary lesson gate; v16.3 integrated lesson checks; Week 3 mastery/teach-back.,Correct auto-graded lesson checks where applicable; topic-specific constructed-response/performance evidence; changed-context practice; weekly cumulative mastery; physical evidence when required.,"LAB-003: Instrument/setup table, predicted and measured DC values, one annotated waveform, manual frequency calculation, and one limitation statement. Physical proficiency is credited only on the physical route.",LAB-003,16.3,PASS,Career integration: hypothesis-driven measurement and instruments,SEM-C3-03-077,"Correct DMM use; Bench supply current-limit diagnostic; Scope setup and waveform measurements; Logic analyzer sample/threshold/channel/decode setup; Measurement limitations; Instrument chosen from hypothesis, not random probing",w03-measurement-plan,Career
Career,C3.6,Select a measurement instrument based on the hypothesis being tested rather than probing randomly.,C3,Measurement & Instrumentation,3,"Measurement planning, probe discipline, and uncertainty",W03-CAREER-v16.3 · Career integration: hypothesis-driven measurement and instruments,"v16.3 integrated lesson: subject-specific technical instruction, instructional visual, worked examples, guided practice, changed independent scenario, knowledge checks, and required semantic evidence.","Write a measurement-plan row for checking a 3.3 V rail during MCU reset: quantity, expected range, instrument, connection, time resolution, and stop condition. | A meter reads 4.998 V three times on a nominal 5 V rail. Explain what you can and cannot claim without the meter accuracy specification and system tolerance. | For a suspected 20 us glitch, explain why a DMM may miss the event and choose scope settings that would make the event observable.","Design a measurement plan for an embedded board that passes self-test on the bench but intermittently fails when a motor starts. Include rail voltage, ground/reference, motor current or switching event, MCU reset line, and one digital interface. For each measurement, state the hypothesis it tests and the evidence that would change your diagnosis.",Required semantic task SEM-C3-03-077; required primary lesson gate; v16.3 integrated lesson checks; Week 3 mastery/teach-back.,Correct auto-graded lesson checks where applicable; topic-specific constructed-response/performance evidence; changed-context practice; weekly cumulative mastery; physical evidence when required.,"LAB-003: Instrument/setup table, predicted and measured DC values, one annotated waveform, manual frequency calculation, and one limitation statement. Physical proficiency is credited only on the physical route.",LAB-003,16.3,PASS,Career integration: hypothesis-driven measurement and instruments,SEM-C3-03-077,"Correct DMM use; Bench supply current-limit diagnostic; Scope setup and waveform measurements; Logic analyzer sample/threshold/channel/decode setup; Measurement limitations; Instrument chosen from hypothesis, not random probing",w03-measurement-plan,Career
CETa,2.8,Describe the different purposes for capacitors and list common types and construction,2,Electrical Theory,2,"Series, parallel, KVL, KCL, and divider reasoning","W02-CETA-v16.3 · Resistive, capacitive, inductive and impedance behavior","v16.3 integrated lesson: subject-specific technical instruction, instructional visual, worked examples, guided practice, changed independent scenario, knowledge checks, and required semantic evidence.","Draw a node-labeled circuit with a 10 V source and two 1 kOhm series resistors. Predict the midpoint voltage and verify KVL around the loop. | At a node, 5 mA enters while 1.5 mA and 2 mA leave through two branches. Use KCL to find the third branch current and state its direction. | A 5 V divider uses 10 kOhm over 10 kOhm. Recalculate the output if a 10 kOhm meter input is connected to the midpoint.","Analyze a bridge-shaped resistor network supplied by 9 V in which R1=1 kOhm from 9 V to node A, R2=2 kOhm from A to ground, R3=3 kOhm from 9 V to node B, and R4=3 kOhm from B to ground. First solve VA and VB as separate dividers. Then add a 10 kOhm resistor between A and B and explain why the simple-divider answers are no longer exact and what method you would use next.",Required semantic task SEM-2-02-009; required primary lesson gate; v16.3 integrated lesson checks; Week 2 mastery/teach-back.,Correct auto-graded lesson checks where applicable; topic-specific constructed-response/performance evidence; changed-context practice; weekly cumulative mastery; physical evidence when required.,"LAB-004: Waveform math, labeled capture, time-constant or response table, discrepancy analysis, and a one-sentence instrument limitation. Physical proficiency is credited only on the physical route.",LAB-004,16.3,PASS,"Resistive, capacitive, inductive and impedance behavior",SEM-2-02-009,"Differentiate common R/C/L construction and purpose; State energy-storage roles of C and L; Use XC and XL relationships; Distinguish resistance, reactance and impedance; State basic R/L/C phase relationships",w02-kcl-kvl-divider,CETa
CETa,2.9,"Explain how inductance relates to magnetism and describe coil construction, cores and usages",2,Electrical Theory,2,"Series, parallel, KVL, KCL, and divider reasoning","W02-CETA-v16.3 · Resistive, capacitive, inductive and impedance behavior","v16.3 integrated lesson: subject-specific technical instruction, instructional visual, worked examples, guided practice, changed independent scenario, knowledge checks, and required semantic evidence.","Draw a node-labeled circuit with a 10 V source and two 1 kOhm series resistors. Predict the midpoint voltage and verify KVL around the loop. | At a node, 5 mA enters while 1.5 mA and 2 mA leave through two branches. Use KCL to find the third branch current and state its direction. | A 5 V divider uses 10 kOhm over 10 kOhm. Recalculate the output if a 10 kOhm meter input is connected to the midpoint.","Analyze a bridge-shaped resistor network supplied by 9 V in which R1=1 kOhm from 9 V to node A, R2=2 kOhm from A to ground, R3=3 kOhm from 9 V to node B, and R4=3 kOhm from B to ground. First solve VA and VB as separate dividers. Then add a 10 kOhm resistor between A and B and explain why the simple-divider answers are no longer exact and what method you would use next.",Required semantic task SEM-2-02-009; required primary lesson gate; v16.3 integrated lesson checks; Week 2 mastery/teach-back.,Correct auto-graded lesson checks where applicable; topic-specific constructed-response/performance evidence; changed-context practice; weekly cumulative mastery; physical evidence when required.,"LAB-004: Waveform math, labeled capture, time-constant or response table, discrepancy analysis, and a one-sentence instrument limitation. Physical proficiency is credited only on the physical route.",LAB-004,16.3,PASS,"Resistive, capacitive, inductive and impedance behavior",SEM-2-02-009,"Differentiate common R/C/L construction and purpose; State energy-storage roles of C and L; Use XC and XL relationships; Distinguish resistance, reactance and impedance; State basic R/L/C phase relationships",w02-kcl-kvl-divider,CETa
CETa,2.10,Compare reactance and resistance and describe current/voltage relationships,2,Electrical Theory,2,"Series, parallel, KVL, KCL, and divider reasoning","W02-CETA-v16.3 · Resistive, capacitive, inductive and impedance behavior","v16.3 integrated lesson: subject-specific technical instruction, instructional visual, worked examples, guided practice, changed independent scenario, knowledge checks, and required semantic evidence.","Draw a node-labeled circuit with a 10 V source and two 1 kOhm series resistors. Predict the midpoint voltage and verify KVL around the loop. | At a node, 5 mA enters while 1.5 mA and 2 mA leave through two branches. Use KCL to find the third branch current and state its direction. | A 5 V divider uses 10 kOhm over 10 kOhm. Recalculate the output if a 10 kOhm meter input is connected to the midpoint.","Analyze a bridge-shaped resistor network supplied by 9 V in which R1=1 kOhm from 9 V to node A, R2=2 kOhm from A to ground, R3=3 kOhm from 9 V to node B, and R4=3 kOhm from B to ground. First solve VA and VB as separate dividers. Then add a 10 kOhm resistor between A and B and explain why the simple-divider answers are no longer exact and what method you would use next.",Required semantic task SEM-2-02-009; required primary lesson gate; v16.3 integrated lesson checks; Week 2 mastery/teach-back.,Correct auto-graded lesson checks where applicable; topic-specific constructed-response/performance evidence; changed-context practice; weekly cumulative mastery; physical evidence when required.,"LAB-004: Waveform math, labeled capture, time-constant or response table, discrepancy analysis, and a one-sentence instrument limitation. Physical proficiency is credited only on the physical route.",LAB-004,16.3,PASS,"Resistive, capacitive, inductive and impedance behavior",SEM-2-02-009,"Differentiate common R/C/L construction and purpose; State energy-storage roles of C and L; Use XC and XL relationships; Distinguish resistance, reactance and impedance; State basic R/L/C phase relationships",w02-kcl-kvl-divider,CETa
CETa,9.1,"Quote Ohm’s law formulas for power, voltage, current and resistance and solve for circuit values",9,Mathematics and Formulas,4,Waveform language and energy-storage behavior,"W04-CETA-v16.3 · Core formulas, SI prefixes, NIST spelling exceptions, and scientific notation","v16.3 integrated lesson: subject-specific technical instruction, instructional visual, worked examples, guided practice, changed independent scenario, knowledge checks, and required semantic evidence.","For R=1 kOhm and C=10 uF, calculate tau and the approximate time to settle near final value using 5 tau. | A 2 Vpp sine wave centered at 1 V is displayed. State Vpk, maximum voltage, minimum voltage, and what additional information is needed before claiming RMS. | Explain what happens to relay-coil voltage when current is interrupted with and without a flyback diode.",A reset circuit uses a 47 kOhm resistor and 10 uF capacitor. Estimate its time constant and discuss why using '5 tau' as an exact digital reset delay can be misleading. Then sketch the expected capacitor-voltage shape and identify how a leaky capacitor or low-impedance input would change it.,Required semantic task SEM-9-04-038; required primary lesson gate; v16.3 integrated lesson checks; Week 4 mastery/teach-back.,Correct auto-graded lesson checks where applicable; topic-specific constructed-response/performance evidence; changed-context practice; weekly cumulative mastery; physical evidence when required.,"LAB-004: Waveform math, labeled capture, time-constant or response table, discrepancy analysis, and a one-sentence instrument limitation. Physical proficiency is credited only on the physical route.",LAB-004,16.3,PASS,"Core formulas, SI prefixes, NIST spelling exceptions, and scientific notation",SEM-9-04-038,Use and rearrange core electronic formulas; Convert common SI prefixes with case sensitivity; Use scientific notation/exponents; Compute frequency/period/wavelength where data permits; Recognize kilohm/megohm spelling guidance and kΩ/MΩ symbols,w04-rc-rl-response,CETa
CETa,9.3,"Explain how to calculate wavelength, frequency and power values",9,Mathematics and Formulas,4,Waveform language and energy-storage behavior,"W04-CETA-v16.3 · Core formulas, SI prefixes, NIST spelling exceptions, and scientific notation","v16.3 integrated lesson: subject-specific technical instruction, instructional visual, worked examples, guided practice, changed independent scenario, knowledge checks, and required semantic evidence.","For R=1 kOhm and C=10 uF, calculate tau and the approximate time to settle near final value using 5 tau. | A 2 Vpp sine wave centered at 1 V is displayed. State Vpk, maximum voltage, minimum voltage, and what additional information is needed before claiming RMS. | Explain what happens to relay-coil voltage when current is interrupted with and without a flyback diode.",A reset circuit uses a 47 kOhm resistor and 10 uF capacitor. Estimate its time constant and discuss why using '5 tau' as an exact digital reset delay can be misleading. Then sketch the expected capacitor-voltage shape and identify how a leaky capacitor or low-impedance input would change it.,Required semantic task SEM-9-04-038; required primary lesson gate; v16.3 integrated lesson checks; Week 4 mastery/teach-back.,Correct auto-graded lesson checks where applicable; topic-specific constructed-response/performance evidence; changed-context practice; weekly cumulative mastery; physical evidence when required.,"LAB-004: Waveform math, labeled capture, time-constant or response table, discrepancy analysis, and a one-sentence instrument limitation. Physical proficiency is credited only on the physical route.",LAB-004,16.3,PASS,"Core formulas, SI prefixes, NIST spelling exceptions, and scientific notation",SEM-9-04-038,Use and rearrange core electronic formulas; Convert common SI prefixes with case sensitivity; Use scientific notation/exponents; Compute frequency/period/wavelength where data permits; Recognize kilohm/megohm spelling guidance and kΩ/MΩ symbols,w04-rc-rl-response,CETa
CETa,9.4,"Convert binary, decimal, octal, hexadecimal numbers",9,Mathematics and Formulas,4,Waveform language and energy-storage behavior,W04-CETA-v16.3 · Number systems and Boolean algebra,"v16.3 integrated lesson: subject-specific technical instruction, instructional visual, worked examples, guided practice, changed independent scenario, knowledge checks, and required semantic evidence.","For R=1 kOhm and C=10 uF, calculate tau and the approximate time to settle near final value using 5 tau. | A 2 Vpp sine wave centered at 1 V is displayed. State Vpk, maximum voltage, minimum voltage, and what additional information is needed before claiming RMS. | Explain what happens to relay-coil voltage when current is interrupted with and without a flyback diode.",A reset circuit uses a 47 kOhm resistor and 10 uF capacitor. Estimate its time constant and discuss why using '5 tau' as an exact digital reset delay can be misleading. Then sketch the expected capacitor-voltage shape and identify how a leaky capacitor or low-impedance input would change it.,Required semantic task SEM-9-04-039; required primary lesson gate; v16.3 integrated lesson checks; Week 4 mastery/teach-back.,Correct auto-graded lesson checks where applicable; topic-specific constructed-response/performance evidence; changed-context practice; weekly cumulative mastery; physical evidence when required.,"LAB-004: Waveform math, labeled capture, time-constant or response table, discrepancy analysis, and a one-sentence instrument limitation. Physical proficiency is credited only on the physical route.",LAB-004,16.3,PASS,Number systems and Boolean algebra,SEM-9-04-039,Convert binary/decimal/octal/hex using place values/grouping; Use A-F hex values; Map hex nibble to four bits; Apply basic Boolean identities and NOT/AND/OR; Use a truth table to verify logic including De Morgan relationships,w04-rc-rl-response,CETa
CETa,9.6,"Explain decibels (dB) and show reasons for using dBs in signal level, power and audio calculations",9,Mathematics and Formulas,4,Waveform language and energy-storage behavior,W04-CETA-v16.3 · Decibels and graphs as engineering representations,"v16.3 integrated lesson: subject-specific technical instruction, instructional visual, worked examples, guided practice, changed independent scenario, knowledge checks, and required semantic evidence.","For R=1 kOhm and C=10 uF, calculate tau and the approximate time to settle near final value using 5 tau. | A 2 Vpp sine wave centered at 1 V is displayed. State Vpk, maximum voltage, minimum voltage, and what additional information is needed before claiming RMS. | Explain what happens to relay-coil voltage when current is interrupted with and without a flyback diode.",A reset circuit uses a 47 kOhm resistor and 10 uF capacitor. Estimate its time constant and discuss why using '5 tau' as an exact digital reset delay can be misleading. Then sketch the expected capacitor-voltage shape and identify how a leaky capacitor or low-impedance input would change it.,Required semantic task SEM-9-04-040; required primary lesson gate; v16.3 integrated lesson checks; Week 4 mastery/teach-back.,Correct auto-graded lesson checks where applicable; topic-specific constructed-response/performance evidence; changed-context practice; weekly cumulative mastery; physical evidence when required.,"LAB-004: Waveform math, labeled capture, time-constant or response table, discrepancy analysis, and a one-sentence instrument limitation. Physical proficiency is credited only on the physical route.",LAB-004,16.3,PASS,Decibels and graphs as engineering representations,SEM-9-04-040,Use 10log for power ratio; Use 20log voltage ratio only with proper impedance condition; Recognize approximate ±3/10 dB power relationships; Explain dBm reference concept; Label graph axes/units/scale/reference/conditions,w04-rc-rl-response,CETa
CETa,9.8.1,"Describe the NIST.gov Special Publication 811, 9.3: unit name with SI prefix exceptions, (i.e. kilohm and megohm)",9,Mathematics and Formulas,4,Waveform language and energy-storage behavior,"W04-CETA-v16.3 · Core formulas, SI prefixes, NIST spelling exceptions, and scientific notation","v16.3 integrated lesson: subject-specific technical instruction, instructional visual, worked examples, guided practice, changed independent scenario, knowledge checks, and required semantic evidence.","For R=1 kOhm and C=10 uF, calculate tau and the approximate time to settle near final value using 5 tau. | A 2 Vpp sine wave centered at 1 V is displayed. State Vpk, maximum voltage, minimum voltage, and what additional information is needed before claiming RMS. | Explain what happens to relay-coil voltage when current is interrupted with and without a flyback diode.",A reset circuit uses a 47 kOhm resistor and 10 uF capacitor. Estimate its time constant and discuss why using '5 tau' as an exact digital reset delay can be misleading. Then sketch the expected capacitor-voltage shape and identify how a leaky capacitor or low-impedance input would change it.,Required semantic task SEM-9-04-038; required primary lesson gate; v16.3 integrated lesson checks; Week 4 mastery/teach-back.,Correct auto-graded lesson checks where applicable; topic-specific constructed-response/performance evidence; changed-context practice; weekly cumulative mastery; physical evidence when required.,"LAB-004: Waveform math, labeled capture, time-constant or response table, discrepancy analysis, and a one-sentence instrument limitation. Physical proficiency is credited only on the physical route.",LAB-004,16.3,PASS,"Core formulas, SI prefixes, NIST spelling exceptions, and scientific notation",SEM-9-04-038,Use and rearrange core electronic formulas; Convert common SI prefixes with case sensitivity; Use scientific notation/exponents; Compute frequency/period/wavelength where data permits; Recognize kilohm/megohm spelling guidance and kΩ/MΩ symbols,w04-rc-rl-response,CETa
Career,C2.5,"Interpret pull-ups, pull-downs, decoupling capacitors, current-limiting resistors, protection devices, and common interface support circuitry.",C2,"Schematics, Datasheets & Design Intent",13,Troubleshoot with competing hypotheses and high-information tests,"W13-CAREER-v16.3 · Career integration: schematics, datasheets, design intent, and test-point prediction","v16.3 integrated lesson: subject-specific technical instruction, instructional visual, worked examples, guided practice, changed independent scenario, knowledge checks, and required semantic evidence.","Rewrite three vague hypotheses into testable statements with predicted observations. | For a four-stage signal chain, choose a half-split measurement and explain what each possible result tells you about the remaining search space. | Given one intermittent failure, state how you would preserve configuration, trigger/capture evidence, and avoid changing multiple variables before reproduction.","Choose a real or simulated fault from a previous lab. Write at least three competing hypotheses from different layers, predict a distinctive observation for each, and rank three candidate tests by information value and safety. Execute the top test, update probabilities/next steps, and document whether the result eliminated, supported, or left each hypothesis unresolved.",Required semantic task SEM-C2-13-076; required primary lesson gate; v16.3 integrated lesson checks; Week 13 mastery/teach-back.,Correct auto-graded lesson checks where applicable; topic-specific constructed-response/performance evidence; changed-context practice; weekly cumulative mastery; physical evidence when required.,"LAB-004: Waveform math, labeled capture, time-constant or response table, discrepancy analysis, and a one-sentence instrument limitation. Physical proficiency is credited only on the physical route.",LAB-004,16.3,PASS,"Career integration: schematics, datasheets, design intent, and test-point prediction",SEM-C2-13-076,Trace power/ground/signal/reference designators; Use datasheet pinout/max/recommended/electrical specs correctly; Choose schematic/wiring/block/layout/timing representation; Identify useful test points before probing; Interpret pull/decoupling/limiting/protection support circuitry; Predict expected node behavior,w13-hypothesis-tree,Career
CETa,2.11,"Compare impedance with reactance and resistance and then explain the causes and effects of impedance, combined reactance",2,Electrical Theory,2,"Series, parallel, KVL, KCL, and divider reasoning","W02-CETA-v16.3 · Resistive, capacitive, inductive and impedance behavior","v16.3 integrated lesson: subject-specific technical instruction, instructional visual, worked examples, guided practice, changed independent scenario, knowledge checks, and required semantic evidence.","Draw a node-labeled circuit with a 10 V source and two 1 kOhm series resistors. Predict the midpoint voltage and verify KVL around the loop. | At a node, 5 mA enters while 1.5 mA and 2 mA leave through two branches. Use KCL to find the third branch current and state its direction. | A 5 V divider uses 10 kOhm over 10 kOhm. Recalculate the output if a 10 kOhm meter input is connected to the midpoint.","Analyze a bridge-shaped resistor network supplied by 9 V in which R1=1 kOhm from 9 V to node A, R2=2 kOhm from A to ground, R3=3 kOhm from 9 V to node B, and R4=3 kOhm from B to ground. First solve VA and VB as separate dividers. Then add a 10 kOhm resistor between A and B and explain why the simple-divider answers are no longer exact and what method you would use next.",Required semantic task SEM-2-02-009; required primary lesson gate; v16.3 integrated lesson checks; Week 2 mastery/teach-back.,Correct auto-graded lesson checks where applicable; topic-specific constructed-response/performance evidence; changed-context practice; weekly cumulative mastery; physical evidence when required.,"LAB-006: Calculations, impedance or response sketch, data table, plot/captures, model-versus-measurement explanation, and one fault hypothesis. Physical proficiency is credited only on the physical route.",LAB-006,16.3,PASS,"Resistive, capacitive, inductive and impedance behavior",SEM-2-02-009,"Differentiate common R/C/L construction and purpose; State energy-storage roles of C and L; Use XC and XL relationships; Distinguish resistance, reactance and impedance; State basic R/L/C phase relationships",w02-kcl-kvl-divider,CETa
CETa,2.12,"List voltage sources, AC and DC, batteries and natural generation",2,Electrical Theory,2,"Series, parallel, KVL, KCL, and divider reasoning","W02-CETA-v16.3 · Sources, AC measures, duty cycle, pulse width, Ohm’s law, and power","v16.3 integrated lesson: subject-specific technical instruction, instructional visual, worked examples, guided practice, changed independent scenario, knowledge checks, and required semantic evidence.","Draw a node-labeled circuit with a 10 V source and two 1 kOhm series resistors. Predict the midpoint voltage and verify KVL around the loop. | At a node, 5 mA enters while 1.5 mA and 2 mA leave through two branches. Use KCL to find the third branch current and state its direction. | A 5 V divider uses 10 kOhm over 10 kOhm. Recalculate the output if a 10 kOhm meter input is connected to the midpoint.","Analyze a bridge-shaped resistor network supplied by 9 V in which R1=1 kOhm from 9 V to node A, R2=2 kOhm from A to ground, R3=3 kOhm from 9 V to node B, and R4=3 kOhm from B to ground. First solve VA and VB as separate dividers. Then add a 10 kOhm resistor between A and B and explain why the simple-divider answers are no longer exact and what method you would use next.",Required semantic task SEM-2-02-010; required primary lesson gate; v16.3 integrated lesson checks; Week 2 mastery/teach-back.,Correct auto-graded lesson checks where applicable; topic-specific constructed-response/performance evidence; changed-context practice; weekly cumulative mastery; physical evidence when required.,"LAB-006: Calculations, impedance or response sketch, data table, plot/captures, model-versus-measurement explanation, and one fault hypothesis. Physical proficiency is credited only on the physical route.",LAB-006,16.3,PASS,"Sources, AC measures, duty cycle, pulse width, Ohm’s law, and power",SEM-2-02-010,Calculate 1 ms period at 1 kHz; Calculate 20% duty cycle; Use I=V/R with correct units; Use P=VI or V²/R; Distinguish peak/peak-to-peak/RMS from pulse width/duty cycle,w02-kcl-kvl-divider,CETa
CETa,4.7,"Classify circuits as inductive, capacitive and resistive",4,Electronic Circuits: Series and Parallel,2,"Series, parallel, KVL, KCL, and divider reasoning","W02-CETA-v16.3 · Reactance class, resonance, rectangular/polar form, bandwidth and Q","v16.3 integrated lesson: subject-specific technical instruction, instructional visual, worked examples, guided practice, changed independent scenario, knowledge checks, and required semantic evidence.","Draw a node-labeled circuit with a 10 V source and two 1 kOhm series resistors. Predict the midpoint voltage and verify KVL around the loop. | At a node, 5 mA enters while 1.5 mA and 2 mA leave through two branches. Use KCL to find the third branch current and state its direction. | A 5 V divider uses 10 kOhm over 10 kOhm. Recalculate the output if a 10 kOhm meter input is connected to the midpoint.","Analyze a bridge-shaped resistor network supplied by 9 V in which R1=1 kOhm from 9 V to node A, R2=2 kOhm from A to ground, R3=3 kOhm from 9 V to node B, and R4=3 kOhm from B to ground. First solve VA and VB as separate dividers. Then add a 10 kOhm resistor between A and B and explain why the simple-divider answers are no longer exact and what method you would use next.",Required semantic task SEM-4-02-019; required primary lesson gate; v16.3 integrated lesson checks; Week 2 mastery/teach-back.,Correct auto-graded lesson checks where applicable; topic-specific constructed-response/performance evidence; changed-context practice; weekly cumulative mastery; physical evidence when required.,"LAB-006: Calculations, impedance or response sketch, data table, plot/captures, model-versus-measurement explanation, and one fault hypothesis. Physical proficiency is credited only on the physical route.",LAB-006,16.3,PASS,"Reactance class, resonance, rectangular/polar form, bandwidth and Q",SEM-4-02-019,Use f0=1/(2π√LC); Explain XL/XC cancellation at resonance; Use rectangular R+jX representation; Convert conceptually between rectangular and polar form; Relate higher Q to narrower bandwidth in the applicable resonant model,w02-kcl-kvl-divider,CETa
CETa,2.2,Describe the principles of electromagnetism,2,Electrical Theory,2,"Series, parallel, KVL, KCL, and divider reasoning",W02-CETA-v16.3 · Electromagnetism and induction,"v16.3 integrated lesson: subject-specific technical instruction, instructional visual, worked examples, guided practice, changed independent scenario, knowledge checks, and required semantic evidence.","Draw a node-labeled circuit with a 10 V source and two 1 kOhm series resistors. Predict the midpoint voltage and verify KVL around the loop. | At a node, 5 mA enters while 1.5 mA and 2 mA leave through two branches. Use KCL to find the third branch current and state its direction. | A 5 V divider uses 10 kOhm over 10 kOhm. Recalculate the output if a 10 kOhm meter input is connected to the midpoint.","Analyze a bridge-shaped resistor network supplied by 9 V in which R1=1 kOhm from 9 V to node A, R2=2 kOhm from A to ground, R3=3 kOhm from 9 V to node B, and R4=3 kOhm from B to ground. First solve VA and VB as separate dividers. Then add a 10 kOhm resistor between A and B and explain why the simple-divider answers are no longer exact and what method you would use next.",Required semantic task SEM-2-02-007; required primary lesson gate; v16.3 integrated lesson checks; Week 2 mastery/teach-back.,Correct auto-graded lesson checks where applicable; topic-specific constructed-response/performance evidence; changed-context practice; weekly cumulative mastery; physical evidence when required.,"LAB-007: Datasheet excerpts by section name, calculations, annotated circuit, pre-power checklist, measured behavior, and fault/rating analysis. Physical proficiency is credited only on the physical route.",LAB-007,16.3,PASS,Electromagnetism and induction,SEM-2-02-007,Explain current-created magnetic field; Differentiate permanent and electromagnet fields; Explain changing flux induces voltage; Connect principle to relays/transformers/motors/generators; State that steady unchanging flux does not continuously induce a voltage in a stationary loop,w02-kcl-kvl-divider,CETa
CETa,2.3,Explain uses for magnetism in electronics technology,2,Electrical Theory,2,"Series, parallel, KVL, KCL, and divider reasoning",W02-CETA-v16.3 · Electromagnetism and induction,"v16.3 integrated lesson: subject-specific technical instruction, instructional visual, worked examples, guided practice, changed independent scenario, knowledge checks, and required semantic evidence.","Draw a node-labeled circuit with a 10 V source and two 1 kOhm series resistors. Predict the midpoint voltage and verify KVL around the loop. | At a node, 5 mA enters while 1.5 mA and 2 mA leave through two branches. Use KCL to find the third branch current and state its direction. | A 5 V divider uses 10 kOhm over 10 kOhm. Recalculate the output if a 10 kOhm meter input is connected to the midpoint.","Analyze a bridge-shaped resistor network supplied by 9 V in which R1=1 kOhm from 9 V to node A, R2=2 kOhm from A to ground, R3=3 kOhm from 9 V to node B, and R4=3 kOhm from B to ground. First solve VA and VB as separate dividers. Then add a 10 kOhm resistor between A and B and explain why the simple-divider answers are no longer exact and what method you would use next.",Required semantic task SEM-2-02-007; required primary lesson gate; v16.3 integrated lesson checks; Week 2 mastery/teach-back.,Correct auto-graded lesson checks where applicable; topic-specific constructed-response/performance evidence; changed-context practice; weekly cumulative mastery; physical evidence when required.,"LAB-007: Datasheet excerpts by section name, calculations, annotated circuit, pre-power checklist, measured behavior, and fault/rating analysis. Physical proficiency is credited only on the physical route.",LAB-007,16.3,PASS,Electromagnetism and induction,SEM-2-02-007,Explain current-created magnetic field; Differentiate permanent and electromagnet fields; Explain changing flux induces voltage; Connect principle to relays/transformers/motors/generators; State that steady unchanging flux does not continuously induce a voltage in a stationary loop,w02-kcl-kvl-divider,CETa
CETa,2.5,Describe the basic methods of using electricity to operate a motor and how mechanical motion causes a generator to produce electrical current,2,Electrical Theory,2,"Series, parallel, KVL, KCL, and divider reasoning",W02-CETA-v16.3 · Motors and generators as reciprocal energy converters,"v16.3 integrated lesson: subject-specific technical instruction, instructional visual, worked examples, guided practice, changed independent scenario, knowledge checks, and required semantic evidence.","Draw a node-labeled circuit with a 10 V source and two 1 kOhm series resistors. Predict the midpoint voltage and verify KVL around the loop. | At a node, 5 mA enters while 1.5 mA and 2 mA leave through two branches. Use KCL to find the third branch current and state its direction. | A 5 V divider uses 10 kOhm over 10 kOhm. Recalculate the output if a 10 kOhm meter input is connected to the midpoint.","Analyze a bridge-shaped resistor network supplied by 9 V in which R1=1 kOhm from 9 V to node A, R2=2 kOhm from A to ground, R3=3 kOhm from 9 V to node B, and R4=3 kOhm from B to ground. First solve VA and VB as separate dividers. Then add a 10 kOhm resistor between A and B and explain why the simple-divider answers are no longer exact and what method you would use next.",Required semantic task SEM-2-02-008; required primary lesson gate; v16.3 integrated lesson checks; Week 2 mastery/teach-back.,Correct auto-graded lesson checks where applicable; topic-specific constructed-response/performance evidence; changed-context practice; weekly cumulative mastery; physical evidence when required.,"LAB-007: Datasheet excerpts by section name, calculations, annotated circuit, pre-power checklist, measured behavior, and fault/rating analysis. Physical proficiency is credited only on the physical route.",LAB-007,16.3,PASS,Motors and generators as reciprocal energy converters,SEM-2-02-008,Trace motor electrical-to-mechanical conversion; Explain starting/stall current with back EMF; Identify commutation role at a basic level; Trace generator mechanical-to-electrical conversion; Recognize real-machine losses and limits,w02-kcl-kvl-divider,CETa
CETa,3.1,Identify resistors as to type and applications,3,Electronic Components,7,"Component families, ratings, magnetism, and machines","W07-CETA-v16.3 · Resistor families, markings, thermistors, and potentiometers","v16.3 integrated lesson: subject-specific technical instruction, instructional visual, worked examples, guided practice, changed independent scenario, knowledge checks, and required semantic evidence.","Compare metal-film, wirewound, thermistor, potentiometer, and rheostat by one defining behavior and one practical use. | Decode a resistor value from a sample color/printed code and state tolerance if provided. | Given a relay coil and transistor driver, explain why a flyback path is required and what contact rating must be checked separately from the coil rating.","Choose a replacement for a failed 100 ohm resistor in a circuit dissipating 1.5 W at several hundred kilohertz. Compare a small metal-film part and a wirewound power resistor, and explain which additional ratings or parasitic behavior you would investigate before choosing. Then extend the reasoning to a relay replacement: coil and contacts must be checked as separate subsystems.",Required semantic task SEM-3-07-011; required primary lesson gate; v16.3 integrated lesson checks; Week 7 mastery/teach-back.,Correct auto-graded lesson checks where applicable; topic-specific constructed-response/performance evidence; changed-context practice; weekly cumulative mastery; physical evidence when required.,"LAB-007: Datasheet excerpts by section name, calculations, annotated circuit, pre-power checklist, measured behavior, and fault/rating analysis. Physical proficiency is credited only on the physical route.",LAB-007,16.3,PASS,"Resistor families, markings, thermistors, and potentiometers",SEM-3-07-011,"Differentiate carbon-film, metal-film, wirewound, thermistor, pot and rheostat roles; Explain resistor markings/color code purpose and tolerance; Distinguish NTC and PTC behavior; Calculate unloaded potentiometer divider voltage; Explain loading changes divider ratio",w07-transformer-relay,CETa
CETa,3.1.1,"Describe the following type of resistors: carbon film, fixed value, metal film, potentiometer, rheostats, thermistors, and wire wound",3,Electronic Components,7,"Component families, ratings, magnetism, and machines","W07-CETA-v16.3 · Resistor families, markings, thermistors, and potentiometers","v16.3 integrated lesson: subject-specific technical instruction, instructional visual, worked examples, guided practice, changed independent scenario, knowledge checks, and required semantic evidence.","Compare metal-film, wirewound, thermistor, potentiometer, and rheostat by one defining behavior and one practical use. | Decode a resistor value from a sample color/printed code and state tolerance if provided. | Given a relay coil and transistor driver, explain why a flyback path is required and what contact rating must be checked separately from the coil rating.","Choose a replacement for a failed 100 ohm resistor in a circuit dissipating 1.5 W at several hundred kilohertz. Compare a small metal-film part and a wirewound power resistor, and explain which additional ratings or parasitic behavior you would investigate before choosing. Then extend the reasoning to a relay replacement: coil and contacts must be checked as separate subsystems.",Required semantic task SEM-3-07-011; required primary lesson gate; v16.3 integrated lesson checks; Week 7 mastery/teach-back.,Correct auto-graded lesson checks where applicable; topic-specific constructed-response/performance evidence; changed-context practice; weekly cumulative mastery; physical evidence when required.,"LAB-007: Datasheet excerpts by section name, calculations, annotated circuit, pre-power checklist, measured behavior, and fault/rating analysis. Physical proficiency is credited only on the physical route.",LAB-007,16.3,PASS,"Resistor families, markings, thermistors, and potentiometers",SEM-3-07-011,"Differentiate carbon-film, metal-film, wirewound, thermistor, pot and rheostat roles; Explain resistor markings/color code purpose and tolerance; Distinguish NTC and PTC behavior; Calculate unloaded potentiometer divider voltage; Explain loading changes divider ratio",w07-transformer-relay,CETa
CETa,3.1.2,Identify resistor values from color code or other marks and list composition,3,Electronic Components,7,"Component families, ratings, magnetism, and machines","W07-CETA-v16.3 · Resistor families, markings, thermistors, and potentiometers","v16.3 integrated lesson: subject-specific technical instruction, instructional visual, worked examples, guided practice, changed independent scenario, knowledge checks, and required semantic evidence.","Compare metal-film, wirewound, thermistor, potentiometer, and rheostat by one defining behavior and one practical use. | Decode a resistor value from a sample color/printed code and state tolerance if provided. | Given a relay coil and transistor driver, explain why a flyback path is required and what contact rating must be checked separately from the coil rating.","Choose a replacement for a failed 100 ohm resistor in a circuit dissipating 1.5 W at several hundred kilohertz. Compare a small metal-film part and a wirewound power resistor, and explain which additional ratings or parasitic behavior you would investigate before choosing. Then extend the reasoning to a relay replacement: coil and contacts must be checked as separate subsystems.",Required semantic task SEM-3-07-011; required primary lesson gate; v16.3 integrated lesson checks; Week 7 mastery/teach-back.,Correct auto-graded lesson checks where applicable; topic-specific constructed-response/performance evidence; changed-context practice; weekly cumulative mastery; physical evidence when required.,"LAB-007: Datasheet excerpts by section name, calculations, annotated circuit, pre-power checklist, measured behavior, and fault/rating analysis. Physical proficiency is credited only on the physical route.",LAB-007,16.3,PASS,"Resistor families, markings, thermistors, and potentiometers",SEM-3-07-011,"Differentiate carbon-film, metal-film, wirewound, thermistor, pot and rheostat roles; Explain resistor markings/color code purpose and tolerance; Distinguish NTC and PTC behavior; Calculate unloaded potentiometer divider voltage; Explain loading changes divider ratio",w07-transformer-relay,CETa
CETa,3.1.3,Explain how thermally sensitive components are used,3,Electronic Components,7,"Component families, ratings, magnetism, and machines","W07-CETA-v16.3 · Resistor families, markings, thermistors, and potentiometers","v16.3 integrated lesson: subject-specific technical instruction, instructional visual, worked examples, guided practice, changed independent scenario, knowledge checks, and required semantic evidence.","Compare metal-film, wirewound, thermistor, potentiometer, and rheostat by one defining behavior and one practical use. | Decode a resistor value from a sample color/printed code and state tolerance if provided. | Given a relay coil and transistor driver, explain why a flyback path is required and what contact rating must be checked separately from the coil rating.","Choose a replacement for a failed 100 ohm resistor in a circuit dissipating 1.5 W at several hundred kilohertz. Compare a small metal-film part and a wirewound power resistor, and explain which additional ratings or parasitic behavior you would investigate before choosing. Then extend the reasoning to a relay replacement: coil and contacts must be checked as separate subsystems.",Required semantic task SEM-3-07-011; required primary lesson gate; v16.3 integrated lesson checks; Week 7 mastery/teach-back.,Correct auto-graded lesson checks where applicable; topic-specific constructed-response/performance evidence; changed-context practice; weekly cumulative mastery; physical evidence when required.,"LAB-007: Datasheet excerpts by section name, calculations, annotated circuit, pre-power checklist, measured behavior, and fault/rating analysis. Physical proficiency is credited only on the physical route.",LAB-007,16.3,PASS,"Resistor families, markings, thermistors, and potentiometers",SEM-3-07-011,"Differentiate carbon-film, metal-film, wirewound, thermistor, pot and rheostat roles; Explain resistor markings/color code purpose and tolerance; Distinguish NTC and PTC behavior; Calculate unloaded potentiometer divider voltage; Explain loading changes divider ratio",w07-transformer-relay,CETa
CETa,3.1.4,Calculate voltage division on a potentiometer,3,Electronic Components,7,"Component families, ratings, magnetism, and machines","W07-CETA-v16.3 · Resistor families, markings, thermistors, and potentiometers","v16.3 integrated lesson: subject-specific technical instruction, instructional visual, worked examples, guided practice, changed independent scenario, knowledge checks, and required semantic evidence.","Compare metal-film, wirewound, thermistor, potentiometer, and rheostat by one defining behavior and one practical use. | Decode a resistor value from a sample color/printed code and state tolerance if provided. | Given a relay coil and transistor driver, explain why a flyback path is required and what contact rating must be checked separately from the coil rating.","Choose a replacement for a failed 100 ohm resistor in a circuit dissipating 1.5 W at several hundred kilohertz. Compare a small metal-film part and a wirewound power resistor, and explain which additional ratings or parasitic behavior you would investigate before choosing. Then extend the reasoning to a relay replacement: coil and contacts must be checked as separate subsystems.",Required semantic task SEM-3-07-011; required primary lesson gate; v16.3 integrated lesson checks; Week 7 mastery/teach-back.,Correct auto-graded lesson checks where applicable; topic-specific constructed-response/performance evidence; changed-context practice; weekly cumulative mastery; physical evidence when required.,"LAB-007: Datasheet excerpts by section name, calculations, annotated circuit, pre-power checklist, measured behavior, and fault/rating analysis. Physical proficiency is credited only on the physical route.",LAB-007,16.3,PASS,"Resistor families, markings, thermistors, and potentiometers",SEM-3-07-011,"Differentiate carbon-film, metal-film, wirewound, thermistor, pot and rheostat roles; Explain resistor markings/color code purpose and tolerance; Distinguish NTC and PTC behavior; Calculate unloaded potentiometer divider voltage; Explain loading changes divider ratio",w07-transformer-relay,CETa
CETa,3.2,Identify capacitor types and list common usages,3,Electronic Components,7,"Component families, ratings, magnetism, and machines","W07-CETA-v16.3 · Capacitors: type, variable capacitance, charge, and coulombs","v16.3 integrated lesson: subject-specific technical instruction, instructional visual, worked examples, guided practice, changed independent scenario, knowledge checks, and required semantic evidence.","Compare metal-film, wirewound, thermistor, potentiometer, and rheostat by one defining behavior and one practical use. | Decode a resistor value from a sample color/printed code and state tolerance if provided. | Given a relay coil and transistor driver, explain why a flyback path is required and what contact rating must be checked separately from the coil rating.","Choose a replacement for a failed 100 ohm resistor in a circuit dissipating 1.5 W at several hundred kilohertz. Compare a small metal-film part and a wirewound power resistor, and explain which additional ratings or parasitic behavior you would investigate before choosing. Then extend the reasoning to a relay replacement: coil and contacts must be checked as separate subsystems.",Required semantic task SEM-3-07-012; required primary lesson gate; v16.3 integrated lesson checks; Week 7 mastery/teach-back.,Correct auto-graded lesson checks where applicable; topic-specific constructed-response/performance evidence; changed-context practice; weekly cumulative mastery; physical evidence when required.,"LAB-007: Datasheet excerpts by section name, calculations, annotated circuit, pre-power checklist, measured behavior, and fault/rating analysis. Physical proficiency is credited only on the physical route.",LAB-007,16.3,PASS,"Capacitors: type, variable capacitance, charge, and coulombs",SEM-3-07-012,Use Q=CV with coulombs; Distinguish charge from current; Identify ceramic/film/electrolytic uses; Describe mechanical/electronic/switched variable capacitance; Recognize polarity/voltage/ESR/ripple constraints,w07-transformer-relay,CETa
CETa,3.2.1,Identify methods of varying capacitance,3,Electronic Components,7,"Component families, ratings, magnetism, and machines","W07-CETA-v16.3 · Capacitors: type, variable capacitance, charge, and coulombs","v16.3 integrated lesson: subject-specific technical instruction, instructional visual, worked examples, guided practice, changed independent scenario, knowledge checks, and required semantic evidence.","Compare metal-film, wirewound, thermistor, potentiometer, and rheostat by one defining behavior and one practical use. | Decode a resistor value from a sample color/printed code and state tolerance if provided. | Given a relay coil and transistor driver, explain why a flyback path is required and what contact rating must be checked separately from the coil rating.","Choose a replacement for a failed 100 ohm resistor in a circuit dissipating 1.5 W at several hundred kilohertz. Compare a small metal-film part and a wirewound power resistor, and explain which additional ratings or parasitic behavior you would investigate before choosing. Then extend the reasoning to a relay replacement: coil and contacts must be checked as separate subsystems.",Required semantic task SEM-3-07-012; required primary lesson gate; v16.3 integrated lesson checks; Week 7 mastery/teach-back.,Correct auto-graded lesson checks where applicable; topic-specific constructed-response/performance evidence; changed-context practice; weekly cumulative mastery; physical evidence when required.,"LAB-007: Datasheet excerpts by section name, calculations, annotated circuit, pre-power checklist, measured behavior, and fault/rating analysis. Physical proficiency is credited only on the physical route.",LAB-007,16.3,PASS,"Capacitors: type, variable capacitance, charge, and coulombs",SEM-3-07-012,Use Q=CV with coulombs; Distinguish charge from current; Identify ceramic/film/electrolytic uses; Describe mechanical/electronic/switched variable capacitance; Recognize polarity/voltage/ESR/ripple constraints,w07-transformer-relay,CETa
CETa,3.2.2,Explain the terms charge and coulomb,3,Electronic Components,7,"Component families, ratings, magnetism, and machines","W07-CETA-v16.3 · Capacitors: type, variable capacitance, charge, and coulombs","v16.3 integrated lesson: subject-specific technical instruction, instructional visual, worked examples, guided practice, changed independent scenario, knowledge checks, and required semantic evidence.","Compare metal-film, wirewound, thermistor, potentiometer, and rheostat by one defining behavior and one practical use. | Decode a resistor value from a sample color/printed code and state tolerance if provided. | Given a relay coil and transistor driver, explain why a flyback path is required and what contact rating must be checked separately from the coil rating.","Choose a replacement for a failed 100 ohm resistor in a circuit dissipating 1.5 W at several hundred kilohertz. Compare a small metal-film part and a wirewound power resistor, and explain which additional ratings or parasitic behavior you would investigate before choosing. Then extend the reasoning to a relay replacement: coil and contacts must be checked as separate subsystems.",Required semantic task SEM-3-07-012; required primary lesson gate; v16.3 integrated lesson checks; Week 7 mastery/teach-back.,Correct auto-graded lesson checks where applicable; topic-specific constructed-response/performance evidence; changed-context practice; weekly cumulative mastery; physical evidence when required.,"LAB-007: Datasheet excerpts by section name, calculations, annotated circuit, pre-power checklist, measured behavior, and fault/rating analysis. Physical proficiency is credited only on the physical route.",LAB-007,16.3,PASS,"Capacitors: type, variable capacitance, charge, and coulombs",SEM-3-07-012,Use Q=CV with coulombs; Distinguish charge from current; Identify ceramic/film/electrolytic uses; Describe mechanical/electronic/switched variable capacitance; Recognize polarity/voltage/ESR/ripple constraints,w07-transformer-relay,CETa
CETa,3.3,Identify inductor types and reasons for various core materials,3,Electronic Components,7,"Component families, ratings, magnetism, and machines","W07-CETA-v16.3 · Inductors and transformers: construction, cores, turns, and laminations","v16.3 integrated lesson: subject-specific technical instruction, instructional visual, worked examples, guided practice, changed independent scenario, knowledge checks, and required semantic evidence.","Compare metal-film, wirewound, thermistor, potentiometer, and rheostat by one defining behavior and one practical use. | Decode a resistor value from a sample color/printed code and state tolerance if provided. | Given a relay coil and transistor driver, explain why a flyback path is required and what contact rating must be checked separately from the coil rating.","Choose a replacement for a failed 100 ohm resistor in a circuit dissipating 1.5 W at several hundred kilohertz. Compare a small metal-film part and a wirewound power resistor, and explain which additional ratings or parasitic behavior you would investigate before choosing. Then extend the reasoning to a relay replacement: coil and contacts must be checked as separate subsystems.",Required semantic task SEM-3-07-013; required primary lesson gate; v16.3 integrated lesson checks; Week 7 mastery/teach-back.,Correct auto-graded lesson checks where applicable; topic-specific constructed-response/performance evidence; changed-context practice; weekly cumulative mastery; physical evidence when required.,"LAB-007: Datasheet excerpts by section name, calculations, annotated circuit, pre-power checklist, measured behavior, and fault/rating analysis. Physical proficiency is credited only on the physical route.",LAB-007,16.3,PASS,"Inductors and transformers: construction, cores, turns, and laminations",SEM-3-07-013,Explain effects of turns/core/wire geometry; Differentiate air/ferrite/laminated core roles; Explain laminations reduce eddy-current loss; Use transformer turns/voltage ratio; Recognize step-up/down trades voltage/current rather than creating power,w07-transformer-relay,CETa
CETa,3.3.1,Explain how diameter and wire size affects these values,3,Electronic Components,7,"Component families, ratings, magnetism, and machines","W07-CETA-v16.3 · Inductors and transformers: construction, cores, turns, and laminations","v16.3 integrated lesson: subject-specific technical instruction, instructional visual, worked examples, guided practice, changed independent scenario, knowledge checks, and required semantic evidence.","Compare metal-film, wirewound, thermistor, potentiometer, and rheostat by one defining behavior and one practical use. | Decode a resistor value from a sample color/printed code and state tolerance if provided. | Given a relay coil and transistor driver, explain why a flyback path is required and what contact rating must be checked separately from the coil rating.","Choose a replacement for a failed 100 ohm resistor in a circuit dissipating 1.5 W at several hundred kilohertz. Compare a small metal-film part and a wirewound power resistor, and explain which additional ratings or parasitic behavior you would investigate before choosing. Then extend the reasoning to a relay replacement: coil and contacts must be checked as separate subsystems.",Required semantic task SEM-3-07-013; required primary lesson gate; v16.3 integrated lesson checks; Week 7 mastery/teach-back.,Correct auto-graded lesson checks where applicable; topic-specific constructed-response/performance evidence; changed-context practice; weekly cumulative mastery; physical evidence when required.,"LAB-007: Datasheet excerpts by section name, calculations, annotated circuit, pre-power checklist, measured behavior, and fault/rating analysis. Physical proficiency is credited only on the physical route.",LAB-007,16.3,PASS,"Inductors and transformers: construction, cores, turns, and laminations",SEM-3-07-013,Explain effects of turns/core/wire geometry; Differentiate air/ferrite/laminated core roles; Explain laminations reduce eddy-current loss; Use transformer turns/voltage ratio; Recognize step-up/down trades voltage/current rather than creating power,w07-transformer-relay,CETa
CETa,3.4,Identify common types of transformers and list uses for each,3,Electronic Components,7,"Component families, ratings, magnetism, and machines","W07-CETA-v16.3 · Inductors and transformers: construction, cores, turns, and laminations","v16.3 integrated lesson: subject-specific technical instruction, instructional visual, worked examples, guided practice, changed independent scenario, knowledge checks, and required semantic evidence.","Compare metal-film, wirewound, thermistor, potentiometer, and rheostat by one defining behavior and one practical use. | Decode a resistor value from a sample color/printed code and state tolerance if provided. | Given a relay coil and transistor driver, explain why a flyback path is required and what contact rating must be checked separately from the coil rating.","Choose a replacement for a failed 100 ohm resistor in a circuit dissipating 1.5 W at several hundred kilohertz. Compare a small metal-film part and a wirewound power resistor, and explain which additional ratings or parasitic behavior you would investigate before choosing. Then extend the reasoning to a relay replacement: coil and contacts must be checked as separate subsystems.",Required semantic task SEM-3-07-013; required primary lesson gate; v16.3 integrated lesson checks; Week 7 mastery/teach-back.,Correct auto-graded lesson checks where applicable; topic-specific constructed-response/performance evidence; changed-context practice; weekly cumulative mastery; physical evidence when required.,"LAB-007: Datasheet excerpts by section name, calculations, annotated circuit, pre-power checklist, measured behavior, and fault/rating analysis. Physical proficiency is credited only on the physical route.",LAB-007,16.3,PASS,"Inductors and transformers: construction, cores, turns, and laminations",SEM-3-07-013,Explain effects of turns/core/wire geometry; Differentiate air/ferrite/laminated core roles; Explain laminations reduce eddy-current loss; Use transformer turns/voltage ratio; Recognize step-up/down trades voltage/current rather than creating power,w07-transformer-relay,CETa
CETa,3.4.1,Explain step up/down voltage methods,3,Electronic Components,7,"Component families, ratings, magnetism, and machines","W07-CETA-v16.3 · Inductors and transformers: construction, cores, turns, and laminations","v16.3 integrated lesson: subject-specific technical instruction, instructional visual, worked examples, guided practice, changed independent scenario, knowledge checks, and required semantic evidence.","Compare metal-film, wirewound, thermistor, potentiometer, and rheostat by one defining behavior and one practical use. | Decode a resistor value from a sample color/printed code and state tolerance if provided. | Given a relay coil and transistor driver, explain why a flyback path is required and what contact rating must be checked separately from the coil rating.","Choose a replacement for a failed 100 ohm resistor in a circuit dissipating 1.5 W at several hundred kilohertz. Compare a small metal-film part and a wirewound power resistor, and explain which additional ratings or parasitic behavior you would investigate before choosing. Then extend the reasoning to a relay replacement: coil and contacts must be checked as separate subsystems.",Required semantic task SEM-3-07-013; required primary lesson gate; v16.3 integrated lesson checks; Week 7 mastery/teach-back.,Correct auto-graded lesson checks where applicable; topic-specific constructed-response/performance evidence; changed-context practice; weekly cumulative mastery; physical evidence when required.,"LAB-007: Datasheet excerpts by section name, calculations, annotated circuit, pre-power checklist, measured behavior, and fault/rating analysis. Physical proficiency is credited only on the physical route.",LAB-007,16.3,PASS,"Inductors and transformers: construction, cores, turns, and laminations",SEM-3-07-013,Explain effects of turns/core/wire geometry; Differentiate air/ferrite/laminated core roles; Explain laminations reduce eddy-current loss; Use transformer turns/voltage ratio; Recognize step-up/down trades voltage/current rather than creating power,w07-transformer-relay,CETa
CETa,3.4.2,Explain why laminations are used,3,Electronic Components,7,"Component families, ratings, magnetism, and machines","W07-CETA-v16.3 · Inductors and transformers: construction, cores, turns, and laminations","v16.3 integrated lesson: subject-specific technical instruction, instructional visual, worked examples, guided practice, changed independent scenario, knowledge checks, and required semantic evidence.","Compare metal-film, wirewound, thermistor, potentiometer, and rheostat by one defining behavior and one practical use. | Decode a resistor value from a sample color/printed code and state tolerance if provided. | Given a relay coil and transistor driver, explain why a flyback path is required and what contact rating must be checked separately from the coil rating.","Choose a replacement for a failed 100 ohm resistor in a circuit dissipating 1.5 W at several hundred kilohertz. Compare a small metal-film part and a wirewound power resistor, and explain which additional ratings or parasitic behavior you would investigate before choosing. Then extend the reasoning to a relay replacement: coil and contacts must be checked as separate subsystems.",Required semantic task SEM-3-07-013; required primary lesson gate; v16.3 integrated lesson checks; Week 7 mastery/teach-back.,Correct auto-graded lesson checks where applicable; topic-specific constructed-response/performance evidence; changed-context practice; weekly cumulative mastery; physical evidence when required.,"LAB-007: Datasheet excerpts by section name, calculations, annotated circuit, pre-power checklist, measured behavior, and fault/rating analysis. Physical proficiency is credited only on the physical route.",LAB-007,16.3,PASS,"Inductors and transformers: construction, cores, turns, and laminations",SEM-3-07-013,Explain effects of turns/core/wire geometry; Differentiate air/ferrite/laminated core roles; Explain laminations reduce eddy-current loss; Use transformer turns/voltage ratio; Recognize step-up/down trades voltage/current rather than creating power,w07-transformer-relay,CETa
CETa,3.5,"Identify transistors as to type, usage, biasing and applications:",3,Electronic Components,7,"Component families, ratings, magnetism, and machines","W07-CETA-v16.3 · Transistors: BJT, JFET, MOSFET, CMOS, IGBT, and Darlington behavior","v16.3 integrated lesson: subject-specific technical instruction, instructional visual, worked examples, guided practice, changed independent scenario, knowledge checks, and required semantic evidence.","Compare metal-film, wirewound, thermistor, potentiometer, and rheostat by one defining behavior and one practical use. | Decode a resistor value from a sample color/printed code and state tolerance if provided. | Given a relay coil and transistor driver, explain why a flyback path is required and what contact rating must be checked separately from the coil rating.","Choose a replacement for a failed 100 ohm resistor in a circuit dissipating 1.5 W at several hundred kilohertz. Compare a small metal-film part and a wirewound power resistor, and explain which additional ratings or parasitic behavior you would investigate before choosing. Then extend the reasoning to a relay replacement: coil and contacts must be checked as separate subsystems.",Required semantic task SEM-3-07-014; required primary lesson gate; v16.3 integrated lesson checks; Week 7 mastery/teach-back.,Correct auto-graded lesson checks where applicable; topic-specific constructed-response/performance evidence; changed-context practice; weekly cumulative mastery; physical evidence when required.,"LAB-007: Datasheet excerpts by section name, calculations, annotated circuit, pre-power checklist, measured behavior, and fault/rating analysis. Physical proficiency is credited only on the physical route.",LAB-007,16.3,PASS,"Transistors: BJT, JFET, MOSFET, CMOS, IGBT, and Darlington behavior",SEM-3-07-014,"Differentiate BJT and FET control mechanisms; Explain NPN/PNP polarity at a basic level; Define beta and alpha as operating-condition ratios; Differentiate enhancement/depletion MOSFET behavior; Explain VGS(th) is not an RDS(on) guarantee; Identify CMOS, IGBT and Darlington roles",w07-transformer-relay,CETa
CETa,3.8,"Describe types of integrated circuits (I.C.), such as microprocessors, identifying the basic components and pin-outs",3,Electronic Components,7,"Component families, ratings, magnetism, and machines",W07-CETA-v16.3 · Integrated circuits and relay types including solid-state relays,"v16.3 integrated lesson: subject-specific technical instruction, instructional visual, worked examples, guided practice, changed independent scenario, knowledge checks, and required semantic evidence.","Compare metal-film, wirewound, thermistor, potentiometer, and rheostat by one defining behavior and one practical use. | Decode a resistor value from a sample color/printed code and state tolerance if provided. | Given a relay coil and transistor driver, explain why a flyback path is required and what contact rating must be checked separately from the coil rating.","Choose a replacement for a failed 100 ohm resistor in a circuit dissipating 1.5 W at several hundred kilohertz. Compare a small metal-film part and a wirewound power resistor, and explain which additional ratings or parasitic behavior you would investigate before choosing. Then extend the reasoning to a relay replacement: coil and contacts must be checked as separate subsystems.",Required semantic task SEM-3-07-016; required primary lesson gate; v16.3 integrated lesson checks; Week 7 mastery/teach-back.,Correct auto-graded lesson checks where applicable; topic-specific constructed-response/performance evidence; changed-context practice; weekly cumulative mastery; physical evidence when required.,"LAB-007: Datasheet excerpts by section name, calculations, annotated circuit, pre-power checklist, measured behavior, and fault/rating analysis. Physical proficiency is credited only on the physical route.",LAB-007,16.3,PASS,Integrated circuits and relay types including solid-state relays,SEM-3-07-016,"Identify IC pinout/orientation/power/reference from datasheet; Identify relay coil, NO and NC contacts; Define normal state as de-energized coil state; Compare mechanical wear/bounce/coil behavior with SSR leakage/drop/heating; Check load type and ratings before substitution",w07-transformer-relay,CETa
CETa,3.9,Describe various relay types,3,Electronic Components,7,"Component families, ratings, magnetism, and machines",W07-CETA-v16.3 · Integrated circuits and relay types including solid-state relays,"v16.3 integrated lesson: subject-specific technical instruction, instructional visual, worked examples, guided practice, changed independent scenario, knowledge checks, and required semantic evidence.","Compare metal-film, wirewound, thermistor, potentiometer, and rheostat by one defining behavior and one practical use. | Decode a resistor value from a sample color/printed code and state tolerance if provided. | Given a relay coil and transistor driver, explain why a flyback path is required and what contact rating must be checked separately from the coil rating.","Choose a replacement for a failed 100 ohm resistor in a circuit dissipating 1.5 W at several hundred kilohertz. Compare a small metal-film part and a wirewound power resistor, and explain which additional ratings or parasitic behavior you would investigate before choosing. Then extend the reasoning to a relay replacement: coil and contacts must be checked as separate subsystems.",Required semantic task SEM-3-07-016; required primary lesson gate; v16.3 integrated lesson checks; Week 7 mastery/teach-back.,Correct auto-graded lesson checks where applicable; topic-specific constructed-response/performance evidence; changed-context practice; weekly cumulative mastery; physical evidence when required.,"LAB-007: Datasheet excerpts by section name, calculations, annotated circuit, pre-power checklist, measured behavior, and fault/rating analysis. Physical proficiency is credited only on the physical route.",LAB-007,16.3,PASS,Integrated circuits and relay types including solid-state relays,SEM-3-07-016,"Identify IC pinout/orientation/power/reference from datasheet; Identify relay coil, NO and NC contacts; Define normal state as de-energized coil state; Compare mechanical wear/bounce/coil behavior with SSR leakage/drop/heating; Check load type and ratings before substitution",w07-transformer-relay,CETa
CETa,3.9.1,Identify normally-open and normally-closed contacts and their operation,3,Electronic Components,7,"Component families, ratings, magnetism, and machines",W07-CETA-v16.3 · Integrated circuits and relay types including solid-state relays,"v16.3 integrated lesson: subject-specific technical instruction, instructional visual, worked examples, guided practice, changed independent scenario, knowledge checks, and required semantic evidence.","Compare metal-film, wirewound, thermistor, potentiometer, and rheostat by one defining behavior and one practical use. | Decode a resistor value from a sample color/printed code and state tolerance if provided. | Given a relay coil and transistor driver, explain why a flyback path is required and what contact rating must be checked separately from the coil rating.","Choose a replacement for a failed 100 ohm resistor in a circuit dissipating 1.5 W at several hundred kilohertz. Compare a small metal-film part and a wirewound power resistor, and explain which additional ratings or parasitic behavior you would investigate before choosing. Then extend the reasoning to a relay replacement: coil and contacts must be checked as separate subsystems.",Required semantic task SEM-3-07-016; required primary lesson gate; v16.3 integrated lesson checks; Week 7 mastery/teach-back.,Correct auto-graded lesson checks where applicable; topic-specific constructed-response/performance evidence; changed-context practice; weekly cumulative mastery; physical evidence when required.,"LAB-007: Datasheet excerpts by section name, calculations, annotated circuit, pre-power checklist, measured behavior, and fault/rating analysis. Physical proficiency is credited only on the physical route.",LAB-007,16.3,PASS,Integrated circuits and relay types including solid-state relays,SEM-3-07-016,"Identify IC pinout/orientation/power/reference from datasheet; Identify relay coil, NO and NC contacts; Define normal state as de-energized coil state; Compare mechanical wear/bounce/coil behavior with SSR leakage/drop/heating; Check load type and ratings before substitution",w07-transformer-relay,CETa
CETa,3.9.2,Identify the coil of a relay,3,Electronic Components,7,"Component families, ratings, magnetism, and machines",W07-CETA-v16.3 · Integrated circuits and relay types including solid-state relays,"v16.3 integrated lesson: subject-specific technical instruction, instructional visual, worked examples, guided practice, changed independent scenario, knowledge checks, and required semantic evidence.","Compare metal-film, wirewound, thermistor, potentiometer, and rheostat by one defining behavior and one practical use. | Decode a resistor value from a sample color/printed code and state tolerance if provided. | Given a relay coil and transistor driver, explain why a flyback path is required and what contact rating must be checked separately from the coil rating.","Choose a replacement for a failed 100 ohm resistor in a circuit dissipating 1.5 W at several hundred kilohertz. Compare a small metal-film part and a wirewound power resistor, and explain which additional ratings or parasitic behavior you would investigate before choosing. Then extend the reasoning to a relay replacement: coil and contacts must be checked as separate subsystems.",Required semantic task SEM-3-07-016; required primary lesson gate; v16.3 integrated lesson checks; Week 7 mastery/teach-back.,Correct auto-graded lesson checks where applicable; topic-specific constructed-response/performance evidence; changed-context practice; weekly cumulative mastery; physical evidence when required.,"LAB-007: Datasheet excerpts by section name, calculations, annotated circuit, pre-power checklist, measured behavior, and fault/rating analysis. Physical proficiency is credited only on the physical route.",LAB-007,16.3,PASS,Integrated circuits and relay types including solid-state relays,SEM-3-07-016,"Identify IC pinout/orientation/power/reference from datasheet; Identify relay coil, NO and NC contacts; Define normal state as de-energized coil state; Compare mechanical wear/bounce/coil behavior with SSR leakage/drop/heating; Check load type and ratings before substitution",w07-transformer-relay,CETa
CETa,3.9.3,Compare the operation of a solid-state relay to a mechanical relay,3,Electronic Components,7,"Component families, ratings, magnetism, and machines",W07-CETA-v16.3 · Integrated circuits and relay types including solid-state relays,"v16.3 integrated lesson: subject-specific technical instruction, instructional visual, worked examples, guided practice, changed independent scenario, knowledge checks, and required semantic evidence.","Compare metal-film, wirewound, thermistor, potentiometer, and rheostat by one defining behavior and one practical use. | Decode a resistor value from a sample color/printed code and state tolerance if provided. | Given a relay coil and transistor driver, explain why a flyback path is required and what contact rating must be checked separately from the coil rating.","Choose a replacement for a failed 100 ohm resistor in a circuit dissipating 1.5 W at several hundred kilohertz. Compare a small metal-film part and a wirewound power resistor, and explain which additional ratings or parasitic behavior you would investigate before choosing. Then extend the reasoning to a relay replacement: coil and contacts must be checked as separate subsystems.",Required semantic task SEM-3-07-016; required primary lesson gate; v16.3 integrated lesson checks; Week 7 mastery/teach-back.,Correct auto-graded lesson checks where applicable; topic-specific constructed-response/performance evidence; changed-context practice; weekly cumulative mastery; physical evidence when required.,"LAB-007: Datasheet excerpts by section name, calculations, annotated circuit, pre-power checklist, measured behavior, and fault/rating analysis. Physical proficiency is credited only on the physical route.",LAB-007,16.3,PASS,Integrated circuits and relay types including solid-state relays,SEM-3-07-016,"Identify IC pinout/orientation/power/reference from datasheet; Identify relay coil, NO and NC contacts; Define normal state as de-energized coil state; Compare mechanical wear/bounce/coil behavior with SSR leakage/drop/heating; Check load type and ratings before substitution",w07-transformer-relay,CETa
Career,C4.4,"Use connector keying, pin numbering, continuity checks, and wire labels to prevent harness miswiring.",C4,"Assembly, Soldering, Rework & Harnesses",12,Make physical changes traceable with Git and lab records,W12-CAREER-v16.3 · Career integration: solder/rework workmanship and harness evidence,"v16.3 integrated lesson: subject-specific technical instruction, instructional visual, worked examples, guided practice, changed independent scenario, knowledge checks, and required semantic evidence.","Write a good commit message and lab-note entry for replacing a 10 kOhm resistor with the correct 1 kOhm value after diagnosing a divider error. | Given a folder containing source code, oscilloscope PNGs, a password file, build outputs, and a test report, decide what belongs in version control and what should be excluded or handled differently. | Rewrite the sentence 'the solder joint was bad so I fixed it' into observation, interpretation, corrective action, and verification.","Perform or simulate one controlled hardware change and create a miniature evidence package: baseline description, change record, annotated before/after image or schematic, measurement/check, version-control commit or equivalent revision record, and a one-paragraph handoff explaining what is proven and what still requires physical verification.",Required semantic task SEM-C4-12-078; required primary lesson gate; v16.3 integrated lesson checks; Week 12 mastery/teach-back.,Correct auto-graded lesson checks where applicable; topic-specific constructed-response/performance evidence; changed-context practice; weekly cumulative mastery; physical evidence when required.,"LAB-007: Datasheet excerpts by section name, calculations, annotated circuit, pre-power checklist, measured behavior, and fault/rating analysis. Physical proficiency is credited only on the physical route.",LAB-007,16.3,PASS,Career integration: solder/rework workmanship and harness evidence,SEM-C4-12-078,Identify solder defects/causes; Plan safe through-hole/SMT rework; Proper strip/crimp/strain relief; Pin/key/label continuity checks; Before/after evidence and measurements; Repair-versus-replace/escalate decision,w12-traceable-repair,Career
CETa,3.5.1,"Describe MOS, CMOS, FET, IGBT and Darlington Pair operation and applications",3,Electronic Components,7,"Component families, ratings, magnetism, and machines","W07-CETA-v16.3 · Transistors: BJT, JFET, MOSFET, CMOS, IGBT, and Darlington behavior","v16.3 integrated lesson: subject-specific technical instruction, instructional visual, worked examples, guided practice, changed independent scenario, knowledge checks, and required semantic evidence.","Compare metal-film, wirewound, thermistor, potentiometer, and rheostat by one defining behavior and one practical use. | Decode a resistor value from a sample color/printed code and state tolerance if provided. | Given a relay coil and transistor driver, explain why a flyback path is required and what contact rating must be checked separately from the coil rating.","Choose a replacement for a failed 100 ohm resistor in a circuit dissipating 1.5 W at several hundred kilohertz. Compare a small metal-film part and a wirewound power resistor, and explain which additional ratings or parasitic behavior you would investigate before choosing. Then extend the reasoning to a relay replacement: coil and contacts must be checked as separate subsystems.",Required semantic task SEM-3-07-014; required primary lesson gate; v16.3 integrated lesson checks; Week 7 mastery/teach-back.,Correct auto-graded lesson checks where applicable; topic-specific constructed-response/performance evidence; changed-context practice; weekly cumulative mastery; physical evidence when required.,"LAB-008: Datasheet table, calculations, annotated schematic, off/on measurement table, one fault diagnosis, and verified correction. Physical proficiency is credited only on the physical route.",LAB-008,16.3,PASS,"Transistors: BJT, JFET, MOSFET, CMOS, IGBT, and Darlington behavior",SEM-3-07-014,"Differentiate BJT and FET control mechanisms; Explain NPN/PNP polarity at a basic level; Define beta and alpha as operating-condition ratios; Differentiate enhancement/depletion MOSFET behavior; Explain VGS(th) is not an RDS(on) guarantee; Identify CMOS, IGBT and Darlington roles",w07-transformer-relay,CETa
CETa,3.5.2,"Analyze biasing voltages for NPN & PNP bipolar transistors, BJTs, JFETs, and MOSFETs",3,Electronic Components,7,"Component families, ratings, magnetism, and machines","W07-CETA-v16.3 · Transistors: BJT, JFET, MOSFET, CMOS, IGBT, and Darlington behavior","v16.3 integrated lesson: subject-specific technical instruction, instructional visual, worked examples, guided practice, changed independent scenario, knowledge checks, and required semantic evidence.","Compare metal-film, wirewound, thermistor, potentiometer, and rheostat by one defining behavior and one practical use. | Decode a resistor value from a sample color/printed code and state tolerance if provided. | Given a relay coil and transistor driver, explain why a flyback path is required and what contact rating must be checked separately from the coil rating.","Choose a replacement for a failed 100 ohm resistor in a circuit dissipating 1.5 W at several hundred kilohertz. Compare a small metal-film part and a wirewound power resistor, and explain which additional ratings or parasitic behavior you would investigate before choosing. Then extend the reasoning to a relay replacement: coil and contacts must be checked as separate subsystems.",Required semantic task SEM-3-07-014; required primary lesson gate; v16.3 integrated lesson checks; Week 7 mastery/teach-back.,Correct auto-graded lesson checks where applicable; topic-specific constructed-response/performance evidence; changed-context practice; weekly cumulative mastery; physical evidence when required.,"LAB-008: Datasheet table, calculations, annotated schematic, off/on measurement table, one fault diagnosis, and verified correction. Physical proficiency is credited only on the physical route.",LAB-008,16.3,PASS,"Transistors: BJT, JFET, MOSFET, CMOS, IGBT, and Darlington behavior",SEM-3-07-014,"Differentiate BJT and FET control mechanisms; Explain NPN/PNP polarity at a basic level; Define beta and alpha as operating-condition ratios; Differentiate enhancement/depletion MOSFET behavior; Explain VGS(th) is not an RDS(on) guarantee; Identify CMOS, IGBT and Darlington roles",w07-transformer-relay,CETa
CETa,3.5.3,"Explain beta and alpha, enhance/depletion mode",3,Electronic Components,7,"Component families, ratings, magnetism, and machines","W07-CETA-v16.3 · Transistors: BJT, JFET, MOSFET, CMOS, IGBT, and Darlington behavior","v16.3 integrated lesson: subject-specific technical instruction, instructional visual, worked examples, guided practice, changed independent scenario, knowledge checks, and required semantic evidence.","Compare metal-film, wirewound, thermistor, potentiometer, and rheostat by one defining behavior and one practical use. | Decode a resistor value from a sample color/printed code and state tolerance if provided. | Given a relay coil and transistor driver, explain why a flyback path is required and what contact rating must be checked separately from the coil rating.","Choose a replacement for a failed 100 ohm resistor in a circuit dissipating 1.5 W at several hundred kilohertz. Compare a small metal-film part and a wirewound power resistor, and explain which additional ratings or parasitic behavior you would investigate before choosing. Then extend the reasoning to a relay replacement: coil and contacts must be checked as separate subsystems.",Required semantic task SEM-3-07-014; required primary lesson gate; v16.3 integrated lesson checks; Week 7 mastery/teach-back.,Correct auto-graded lesson checks where applicable; topic-specific constructed-response/performance evidence; changed-context practice; weekly cumulative mastery; physical evidence when required.,"LAB-008: Datasheet table, calculations, annotated schematic, off/on measurement table, one fault diagnosis, and verified correction. Physical proficiency is credited only on the physical route.",LAB-008,16.3,PASS,"Transistors: BJT, JFET, MOSFET, CMOS, IGBT, and Darlington behavior",SEM-3-07-014,"Differentiate BJT and FET control mechanisms; Explain NPN/PNP polarity at a basic level; Define beta and alpha as operating-condition ratios; Differentiate enhancement/depletion MOSFET behavior; Explain VGS(th) is not an RDS(on) guarantee; Identify CMOS, IGBT and Darlington roles",w07-transformer-relay,CETa
CETa,3.6,Identify multi-junction semiconductors as to type and applications:,3,Electronic Components,7,"Component families, ratings, magnetism, and machines",W07-CETA-v16.3 · SCR/DIAC/TRIAC and diode families,"v16.3 integrated lesson: subject-specific technical instruction, instructional visual, worked examples, guided practice, changed independent scenario, knowledge checks, and required semantic evidence.","Compare metal-film, wirewound, thermistor, potentiometer, and rheostat by one defining behavior and one practical use. | Decode a resistor value from a sample color/printed code and state tolerance if provided. | Given a relay coil and transistor driver, explain why a flyback path is required and what contact rating must be checked separately from the coil rating.","Choose a replacement for a failed 100 ohm resistor in a circuit dissipating 1.5 W at several hundred kilohertz. Compare a small metal-film part and a wirewound power resistor, and explain which additional ratings or parasitic behavior you would investigate before choosing. Then extend the reasoning to a relay replacement: coil and contacts must be checked as separate subsystems.",Required semantic task SEM-3-07-015; required primary lesson gate; v16.3 integrated lesson checks; Week 7 mastery/teach-back.,Correct auto-graded lesson checks where applicable; topic-specific constructed-response/performance evidence; changed-context practice; weekly cumulative mastery; physical evidence when required.,"LAB-008: Datasheet table, calculations, annotated schematic, off/on measurement table, one fault diagnosis, and verified correction. Physical proficiency is credited only on the physical route.",LAB-008,16.3,PASS,SCR/DIAC/TRIAC and diode families,SEM-3-07-015,Differentiate silicon/germanium/Schottky/LED/photo/Zener roles; Calculate diode current/power and check ratings; Explain Zener regulator current limiting; Explain SCR gate trigger and latching/holding current; Differentiate TRIAC bidirectional AC control and DIAC triggering,w07-transformer-relay,CETa
CETa,3.6.1,"Identify Diacs, Triacs and SCRs (silicon-controlled rectifiers) and explain their operation",3,Electronic Components,7,"Component families, ratings, magnetism, and machines",W07-CETA-v16.3 · SCR/DIAC/TRIAC and diode families,"v16.3 integrated lesson: subject-specific technical instruction, instructional visual, worked examples, guided practice, changed independent scenario, knowledge checks, and required semantic evidence.","Compare metal-film, wirewound, thermistor, potentiometer, and rheostat by one defining behavior and one practical use. | Decode a resistor value from a sample color/printed code and state tolerance if provided. | Given a relay coil and transistor driver, explain why a flyback path is required and what contact rating must be checked separately from the coil rating.","Choose a replacement for a failed 100 ohm resistor in a circuit dissipating 1.5 W at several hundred kilohertz. Compare a small metal-film part and a wirewound power resistor, and explain which additional ratings or parasitic behavior you would investigate before choosing. Then extend the reasoning to a relay replacement: coil and contacts must be checked as separate subsystems.",Required semantic task SEM-3-07-015; required primary lesson gate; v16.3 integrated lesson checks; Week 7 mastery/teach-back.,Correct auto-graded lesson checks where applicable; topic-specific constructed-response/performance evidence; changed-context practice; weekly cumulative mastery; physical evidence when required.,"LAB-008: Datasheet table, calculations, annotated schematic, off/on measurement table, one fault diagnosis, and verified correction. Physical proficiency is credited only on the physical route.",LAB-008,16.3,PASS,SCR/DIAC/TRIAC and diode families,SEM-3-07-015,Differentiate silicon/germanium/Schottky/LED/photo/Zener roles; Calculate diode current/power and check ratings; Explain Zener regulator current limiting; Explain SCR gate trigger and latching/holding current; Differentiate TRIAC bidirectional AC control and DIAC triggering,w07-transformer-relay,CETa
CETa,3.6.2,Compare SCRs with other semiconductors,3,Electronic Components,7,"Component families, ratings, magnetism, and machines",W07-CETA-v16.3 · SCR/DIAC/TRIAC and diode families,"v16.3 integrated lesson: subject-specific technical instruction, instructional visual, worked examples, guided practice, changed independent scenario, knowledge checks, and required semantic evidence.","Compare metal-film, wirewound, thermistor, potentiometer, and rheostat by one defining behavior and one practical use. | Decode a resistor value from a sample color/printed code and state tolerance if provided. | Given a relay coil and transistor driver, explain why a flyback path is required and what contact rating must be checked separately from the coil rating.","Choose a replacement for a failed 100 ohm resistor in a circuit dissipating 1.5 W at several hundred kilohertz. Compare a small metal-film part and a wirewound power resistor, and explain which additional ratings or parasitic behavior you would investigate before choosing. Then extend the reasoning to a relay replacement: coil and contacts must be checked as separate subsystems.",Required semantic task SEM-3-07-015; required primary lesson gate; v16.3 integrated lesson checks; Week 7 mastery/teach-back.,Correct auto-graded lesson checks where applicable; topic-specific constructed-response/performance evidence; changed-context practice; weekly cumulative mastery; physical evidence when required.,"LAB-008: Datasheet table, calculations, annotated schematic, off/on measurement table, one fault diagnosis, and verified correction. Physical proficiency is credited only on the physical route.",LAB-008,16.3,PASS,SCR/DIAC/TRIAC and diode families,SEM-3-07-015,Differentiate silicon/germanium/Schottky/LED/photo/Zener roles; Calculate diode current/power and check ratings; Explain Zener regulator current limiting; Explain SCR gate trigger and latching/holding current; Differentiate TRIAC bidirectional AC control and DIAC triggering,w07-transformer-relay,CETa
CETa,3.7,"Identify various diode types: Silicon, Schottky, Germanium, LED, photo, Zener",3,Electronic Components,7,"Component families, ratings, magnetism, and machines",W07-CETA-v16.3 · SCR/DIAC/TRIAC and diode families,"v16.3 integrated lesson: subject-specific technical instruction, instructional visual, worked examples, guided practice, changed independent scenario, knowledge checks, and required semantic evidence.","Compare metal-film, wirewound, thermistor, potentiometer, and rheostat by one defining behavior and one practical use. | Decode a resistor value from a sample color/printed code and state tolerance if provided. | Given a relay coil and transistor driver, explain why a flyback path is required and what contact rating must be checked separately from the coil rating.","Choose a replacement for a failed 100 ohm resistor in a circuit dissipating 1.5 W at several hundred kilohertz. Compare a small metal-film part and a wirewound power resistor, and explain which additional ratings or parasitic behavior you would investigate before choosing. Then extend the reasoning to a relay replacement: coil and contacts must be checked as separate subsystems.",Required semantic task SEM-3-07-015; required primary lesson gate; v16.3 integrated lesson checks; Week 7 mastery/teach-back.,Correct auto-graded lesson checks where applicable; topic-specific constructed-response/performance evidence; changed-context practice; weekly cumulative mastery; physical evidence when required.,"LAB-008: Datasheet table, calculations, annotated schematic, off/on measurement table, one fault diagnosis, and verified correction. Physical proficiency is credited only on the physical route.",LAB-008,16.3,PASS,SCR/DIAC/TRIAC and diode families,SEM-3-07-015,Differentiate silicon/germanium/Schottky/LED/photo/Zener roles; Calculate diode current/power and check ratings; Explain Zener regulator current limiting; Explain SCR gate trigger and latching/holding current; Differentiate TRIAC bidirectional AC control and DIAC triggering,w07-transformer-relay,CETa
CETa,3.7.1,"Describe Silicon, Schottky, Germanium, LED, Photo, and Zener operations and applications",3,Electronic Components,7,"Component families, ratings, magnetism, and machines",W07-CETA-v16.3 · SCR/DIAC/TRIAC and diode families,"v16.3 integrated lesson: subject-specific technical instruction, instructional visual, worked examples, guided practice, changed independent scenario, knowledge checks, and required semantic evidence.","Compare metal-film, wirewound, thermistor, potentiometer, and rheostat by one defining behavior and one practical use. | Decode a resistor value from a sample color/printed code and state tolerance if provided. | Given a relay coil and transistor driver, explain why a flyback path is required and what contact rating must be checked separately from the coil rating.","Choose a replacement for a failed 100 ohm resistor in a circuit dissipating 1.5 W at several hundred kilohertz. Compare a small metal-film part and a wirewound power resistor, and explain which additional ratings or parasitic behavior you would investigate before choosing. Then extend the reasoning to a relay replacement: coil and contacts must be checked as separate subsystems.",Required semantic task SEM-3-07-015; required primary lesson gate; v16.3 integrated lesson checks; Week 7 mastery/teach-back.,Correct auto-graded lesson checks where applicable; topic-specific constructed-response/performance evidence; changed-context practice; weekly cumulative mastery; physical evidence when required.,"LAB-008: Datasheet table, calculations, annotated schematic, off/on measurement table, one fault diagnosis, and verified correction. Physical proficiency is credited only on the physical route.",LAB-008,16.3,PASS,SCR/DIAC/TRIAC and diode families,SEM-3-07-015,Differentiate silicon/germanium/Schottky/LED/photo/Zener roles; Calculate diode current/power and check ratings; Explain Zener regulator current limiting; Explain SCR gate trigger and latching/holding current; Differentiate TRIAC bidirectional AC control and DIAC triggering,w07-transformer-relay,CETa
CETa,3.7.2,"Analyze voltage bias, current, and power consumption in a circuit for Silicon and Germanium diodes",3,Electronic Components,7,"Component families, ratings, magnetism, and machines",W07-CETA-v16.3 · SCR/DIAC/TRIAC and diode families,"v16.3 integrated lesson: subject-specific technical instruction, instructional visual, worked examples, guided practice, changed independent scenario, knowledge checks, and required semantic evidence.","Compare metal-film, wirewound, thermistor, potentiometer, and rheostat by one defining behavior and one practical use. | Decode a resistor value from a sample color/printed code and state tolerance if provided. | Given a relay coil and transistor driver, explain why a flyback path is required and what contact rating must be checked separately from the coil rating.","Choose a replacement for a failed 100 ohm resistor in a circuit dissipating 1.5 W at several hundred kilohertz. Compare a small metal-film part and a wirewound power resistor, and explain which additional ratings or parasitic behavior you would investigate before choosing. Then extend the reasoning to a relay replacement: coil and contacts must be checked as separate subsystems.",Required semantic task SEM-3-07-015; required primary lesson gate; v16.3 integrated lesson checks; Week 7 mastery/teach-back.,Correct auto-graded lesson checks where applicable; topic-specific constructed-response/performance evidence; changed-context practice; weekly cumulative mastery; physical evidence when required.,"LAB-008: Datasheet table, calculations, annotated schematic, off/on measurement table, one fault diagnosis, and verified correction. Physical proficiency is credited only on the physical route.",LAB-008,16.3,PASS,SCR/DIAC/TRIAC and diode families,SEM-3-07-015,Differentiate silicon/germanium/Schottky/LED/photo/Zener roles; Calculate diode current/power and check ratings; Explain Zener regulator current limiting; Explain SCR gate trigger and latching/holding current; Differentiate TRIAC bidirectional AC control and DIAC triggering,w07-transformer-relay,CETa
CETa,3.7.3,Explain Zener diode ratings; describe usage in regulator circuits,3,Electronic Components,7,"Component families, ratings, magnetism, and machines",W07-CETA-v16.3 · SCR/DIAC/TRIAC and diode families,"v16.3 integrated lesson: subject-specific technical instruction, instructional visual, worked examples, guided practice, changed independent scenario, knowledge checks, and required semantic evidence.","Compare metal-film, wirewound, thermistor, potentiometer, and rheostat by one defining behavior and one practical use. | Decode a resistor value from a sample color/printed code and state tolerance if provided. | Given a relay coil and transistor driver, explain why a flyback path is required and what contact rating must be checked separately from the coil rating.","Choose a replacement for a failed 100 ohm resistor in a circuit dissipating 1.5 W at several hundred kilohertz. Compare a small metal-film part and a wirewound power resistor, and explain which additional ratings or parasitic behavior you would investigate before choosing. Then extend the reasoning to a relay replacement: coil and contacts must be checked as separate subsystems.",Required semantic task SEM-3-07-015; required primary lesson gate; v16.3 integrated lesson checks; Week 7 mastery/teach-back.,Correct auto-graded lesson checks where applicable; topic-specific constructed-response/performance evidence; changed-context practice; weekly cumulative mastery; physical evidence when required.,"LAB-008: Datasheet table, calculations, annotated schematic, off/on measurement table, one fault diagnosis, and verified correction. Physical proficiency is credited only on the physical route.",LAB-008,16.3,PASS,SCR/DIAC/TRIAC and diode families,SEM-3-07-015,Differentiate silicon/germanium/Schottky/LED/photo/Zener roles; Calculate diode current/power and check ratings; Explain Zener regulator current limiting; Explain SCR gate trigger and latching/holding current; Differentiate TRIAC bidirectional AC control and DIAC triggering,w07-transformer-relay,CETa
CETa,10.1,Explain shock hazards when servicing power supplies in electronic equipment,10,Power Supplies,9,Power-supply blocks and their expected signals,"W09-CETA-v16.3 · Power-supply hazards, transformer versus line-connected supplies, and protection","v16.3 integrated lesson: subject-specific technical instruction, instructional visual, worked examples, guided practice, changed independent scenario, knowledge checks, and required semantic evidence.","Draw expected waveforms at transformer secondary, bridge output, reservoir capacitor, and regulated output. | For 100 mA load, 1000 uF, and 100 Hz ripple, estimate ripple voltage. | Compare a linear regulator and buck converter for efficiency, dissipation, noise, complexity, and required headroom.","Analyze a low-voltage 12 V-to-5 V supply architecture. Choose either a linear regulator or buck converter for a 500 mA load, estimate input/output power and major dissipation, identify protection needed, and specify the DMM/scope measurements that would distinguish input-source failure, rectifier/filter failure, regulator dropout, and output short.",Required semantic task SEM-10-09-041; required primary lesson gate; v16.3 integrated lesson checks; Week 9 mastery/teach-back.,Correct auto-graded lesson checks where applicable; topic-specific constructed-response/performance evidence; changed-context practice; weekly cumulative mastery; physical evidence when required.,"LAB-009: Block diagram, calculations, safety boundary, rail table, ripple capture, fault hypothesis sequence, correction, and retest. Physical proficiency is credited only on the physical route.",LAB-009,16.3,PASS,"Power-supply hazards, transformer versus line-connected supplies, and protection",SEM-10-09-041,Recognize stored/mains energy hazards; Differentiate galvanic-isolated and line-connected supplies; Recognize integrated high-voltage supply boundary; Explain source-side overcurrent protection purpose; Match fuse type/voltage/current/interrupting rating and do not up-rate,w09-power-supply-blocks,CETa
CETa,10.2,Describe the differences between transformer powered supplies and line-connected supplies,10,Power Supplies,9,Power-supply blocks and their expected signals,"W09-CETA-v16.3 · Power-supply hazards, transformer versus line-connected supplies, and protection","v16.3 integrated lesson: subject-specific technical instruction, instructional visual, worked examples, guided practice, changed independent scenario, knowledge checks, and required semantic evidence.","Draw expected waveforms at transformer secondary, bridge output, reservoir capacitor, and regulated output. | For 100 mA load, 1000 uF, and 100 Hz ripple, estimate ripple voltage. | Compare a linear regulator and buck converter for efficiency, dissipation, noise, complexity, and required headroom.","Analyze a low-voltage 12 V-to-5 V supply architecture. Choose either a linear regulator or buck converter for a 500 mA load, estimate input/output power and major dissipation, identify protection needed, and specify the DMM/scope measurements that would distinguish input-source failure, rectifier/filter failure, regulator dropout, and output short.",Required semantic task SEM-10-09-041; required primary lesson gate; v16.3 integrated lesson checks; Week 9 mastery/teach-back.,Correct auto-graded lesson checks where applicable; topic-specific constructed-response/performance evidence; changed-context practice; weekly cumulative mastery; physical evidence when required.,"LAB-009: Block diagram, calculations, safety boundary, rail table, ripple capture, fault hypothesis sequence, correction, and retest. Physical proficiency is credited only on the physical route.",LAB-009,16.3,PASS,"Power-supply hazards, transformer versus line-connected supplies, and protection",SEM-10-09-041,Recognize stored/mains energy hazards; Differentiate galvanic-isolated and line-connected supplies; Recognize integrated high-voltage supply boundary; Explain source-side overcurrent protection purpose; Match fuse type/voltage/current/interrupting rating and do not up-rate,w09-power-supply-blocks,CETa
CETa,10.3,Describe battery supplies and list common usages:,10,Power Supplies,9,Power-supply blocks and their expected signals,"W09-CETA-v16.3 · Batteries, charging, capacity, and protection","v16.3 integrated lesson: subject-specific technical instruction, instructional visual, worked examples, guided practice, changed independent scenario, knowledge checks, and required semantic evidence.","Draw expected waveforms at transformer secondary, bridge output, reservoir capacitor, and regulated output. | For 100 mA load, 1000 uF, and 100 Hz ripple, estimate ripple voltage. | Compare a linear regulator and buck converter for efficiency, dissipation, noise, complexity, and required headroom.","Analyze a low-voltage 12 V-to-5 V supply architecture. Choose either a linear regulator or buck converter for a 500 mA load, estimate input/output power and major dissipation, identify protection needed, and specify the DMM/scope measurements that would distinguish input-source failure, rectifier/filter failure, regulator dropout, and output short.",Required semantic task SEM-10-09-042; required primary lesson gate; v16.3 integrated lesson checks; Week 9 mastery/teach-back.,Correct auto-graded lesson checks where applicable; topic-specific constructed-response/performance evidence; changed-context practice; weekly cumulative mastery; physical evidence when required.,"LAB-009: Block diagram, calculations, safety boundary, rail table, ripple capture, fault hypothesis sequence, correction, and retest. Physical proficiency is credited only on the physical route.",LAB-009,16.3,PASS,"Batteries, charging, capacity, and protection",SEM-10-09-042,Identify chemistry-specific charging requirement; Explain Ah as capacity under conditions; Explain common CC/CV lithium-ion concept; Recognize BMS/protection limits; Do not recharge primary cells; inspect damage/temperature/polarity,w09-power-supply-blocks,CETa
CETa,10.3.1,Explain battery recharging principles,10,Power Supplies,9,Power-supply blocks and their expected signals,"W09-CETA-v16.3 · Batteries, charging, capacity, and protection","v16.3 integrated lesson: subject-specific technical instruction, instructional visual, worked examples, guided practice, changed independent scenario, knowledge checks, and required semantic evidence.","Draw expected waveforms at transformer secondary, bridge output, reservoir capacitor, and regulated output. | For 100 mA load, 1000 uF, and 100 Hz ripple, estimate ripple voltage. | Compare a linear regulator and buck converter for efficiency, dissipation, noise, complexity, and required headroom.","Analyze a low-voltage 12 V-to-5 V supply architecture. Choose either a linear regulator or buck converter for a 500 mA load, estimate input/output power and major dissipation, identify protection needed, and specify the DMM/scope measurements that would distinguish input-source failure, rectifier/filter failure, regulator dropout, and output short.",Required semantic task SEM-10-09-042; required primary lesson gate; v16.3 integrated lesson checks; Week 9 mastery/teach-back.,Correct auto-graded lesson checks where applicable; topic-specific constructed-response/performance evidence; changed-context practice; weekly cumulative mastery; physical evidence when required.,"LAB-009: Block diagram, calculations, safety boundary, rail table, ripple capture, fault hypothesis sequence, correction, and retest. Physical proficiency is credited only on the physical route.",LAB-009,16.3,PASS,"Batteries, charging, capacity, and protection",SEM-10-09-042,Identify chemistry-specific charging requirement; Explain Ah as capacity under conditions; Explain common CC/CV lithium-ion concept; Recognize BMS/protection limits; Do not recharge primary cells; inspect damage/temperature/polarity,w09-power-supply-blocks,CETa
CETa,10.4,"Explain the reasons for filtering, describe hum, and identify common filter types:",10,Power Supplies,9,Power-supply blocks and their expected signals,"W09-CETA-v16.3 · Rectification, L/T/Pi filters, regulation, and DC calculations","v16.3 integrated lesson: subject-specific technical instruction, instructional visual, worked examples, guided practice, changed independent scenario, knowledge checks, and required semantic evidence.","Draw expected waveforms at transformer secondary, bridge output, reservoir capacitor, and regulated output. | For 100 mA load, 1000 uF, and 100 Hz ripple, estimate ripple voltage. | Compare a linear regulator and buck converter for efficiency, dissipation, noise, complexity, and required headroom.","Analyze a low-voltage 12 V-to-5 V supply architecture. Choose either a linear regulator or buck converter for a 500 mA load, estimate input/output power and major dissipation, identify protection needed, and specify the DMM/scope measurements that would distinguish input-source failure, rectifier/filter failure, regulator dropout, and output short.",Required semantic task SEM-10-09-043; required primary lesson gate; v16.3 integrated lesson checks; Week 9 mastery/teach-back.,Correct auto-graded lesson checks where applicable; topic-specific constructed-response/performance evidence; changed-context practice; weekly cumulative mastery; physical evidence when required.,"LAB-009: Block diagram, calculations, safety boundary, rail table, ripple capture, fault hypothesis sequence, correction, and retest. Physical proficiency is credited only on the physical route.",LAB-009,16.3,PASS,"Rectification, L/T/Pi filters, regulation, and DC calculations",SEM-10-09-043,"Differentiate half-wave/full-wave/bridge rectification; Explain reservoir-capacitor ripple reduction; Identify L, T and Pi filter topology; Explain regulation purpose/components; Account for RMS-to-peak and diode drops; Recognize multiple-output rail/reference/current limits",w09-power-supply-blocks,CETa
CETa,10.4.1,"“L” (L-section, choke or inductor) filter – an inductor in series with a capacitor in parallel",10,Power Supplies,9,Power-supply blocks and their expected signals,"W09-CETA-v16.3 · Rectification, L/T/Pi filters, regulation, and DC calculations","v16.3 integrated lesson: subject-specific technical instruction, instructional visual, worked examples, guided practice, changed independent scenario, knowledge checks, and required semantic evidence.","Draw expected waveforms at transformer secondary, bridge output, reservoir capacitor, and regulated output. | For 100 mA load, 1000 uF, and 100 Hz ripple, estimate ripple voltage. | Compare a linear regulator and buck converter for efficiency, dissipation, noise, complexity, and required headroom.","Analyze a low-voltage 12 V-to-5 V supply architecture. Choose either a linear regulator or buck converter for a 500 mA load, estimate input/output power and major dissipation, identify protection needed, and specify the DMM/scope measurements that would distinguish input-source failure, rectifier/filter failure, regulator dropout, and output short.",Required semantic task SEM-10-09-043; required primary lesson gate; v16.3 integrated lesson checks; Week 9 mastery/teach-back.,Correct auto-graded lesson checks where applicable; topic-specific constructed-response/performance evidence; changed-context practice; weekly cumulative mastery; physical evidence when required.,"LAB-009: Block diagram, calculations, safety boundary, rail table, ripple capture, fault hypothesis sequence, correction, and retest. Physical proficiency is credited only on the physical route.",LAB-009,16.3,PASS,"Rectification, L/T/Pi filters, regulation, and DC calculations",SEM-10-09-043,"Differentiate half-wave/full-wave/bridge rectification; Explain reservoir-capacitor ripple reduction; Identify L, T and Pi filter topology; Explain regulation purpose/components; Account for RMS-to-peak and diode drops; Recognize multiple-output rail/reference/current limits",w09-power-supply-blocks,CETa
CETa,10.4.2,"“T” filter –add a second choke on output side, taking the output across the capacitor",10,Power Supplies,9,Power-supply blocks and their expected signals,"W09-CETA-v16.3 · Rectification, L/T/Pi filters, regulation, and DC calculations","v16.3 integrated lesson: subject-specific technical instruction, instructional visual, worked examples, guided practice, changed independent scenario, knowledge checks, and required semantic evidence.","Draw expected waveforms at transformer secondary, bridge output, reservoir capacitor, and regulated output. | For 100 mA load, 1000 uF, and 100 Hz ripple, estimate ripple voltage. | Compare a linear regulator and buck converter for efficiency, dissipation, noise, complexity, and required headroom.","Analyze a low-voltage 12 V-to-5 V supply architecture. Choose either a linear regulator or buck converter for a 500 mA load, estimate input/output power and major dissipation, identify protection needed, and specify the DMM/scope measurements that would distinguish input-source failure, rectifier/filter failure, regulator dropout, and output short.",Required semantic task SEM-10-09-043; required primary lesson gate; v16.3 integrated lesson checks; Week 9 mastery/teach-back.,Correct auto-graded lesson checks where applicable; topic-specific constructed-response/performance evidence; changed-context practice; weekly cumulative mastery; physical evidence when required.,"LAB-009: Block diagram, calculations, safety boundary, rail table, ripple capture, fault hypothesis sequence, correction, and retest. Physical proficiency is credited only on the physical route.",LAB-009,16.3,PASS,"Rectification, L/T/Pi filters, regulation, and DC calculations",SEM-10-09-043,"Differentiate half-wave/full-wave/bridge rectification; Explain reservoir-capacitor ripple reduction; Identify L, T and Pi filter topology; Explain regulation purpose/components; Account for RMS-to-peak and diode drops; Recognize multiple-output rail/reference/current limits",w09-power-supply-blocks,CETa
CETa,10.4.3,“Pi” filter – a single inductor with a capacitor at each end to common,10,Power Supplies,9,Power-supply blocks and their expected signals,"W09-CETA-v16.3 · Rectification, L/T/Pi filters, regulation, and DC calculations","v16.3 integrated lesson: subject-specific technical instruction, instructional visual, worked examples, guided practice, changed independent scenario, knowledge checks, and required semantic evidence.","Draw expected waveforms at transformer secondary, bridge output, reservoir capacitor, and regulated output. | For 100 mA load, 1000 uF, and 100 Hz ripple, estimate ripple voltage. | Compare a linear regulator and buck converter for efficiency, dissipation, noise, complexity, and required headroom.","Analyze a low-voltage 12 V-to-5 V supply architecture. Choose either a linear regulator or buck converter for a 500 mA load, estimate input/output power and major dissipation, identify protection needed, and specify the DMM/scope measurements that would distinguish input-source failure, rectifier/filter failure, regulator dropout, and output short.",Required semantic task SEM-10-09-043; required primary lesson gate; v16.3 integrated lesson checks; Week 9 mastery/teach-back.,Correct auto-graded lesson checks where applicable; topic-specific constructed-response/performance evidence; changed-context practice; weekly cumulative mastery; physical evidence when required.,"LAB-009: Block diagram, calculations, safety boundary, rail table, ripple capture, fault hypothesis sequence, correction, and retest. Physical proficiency is credited only on the physical route.",LAB-009,16.3,PASS,"Rectification, L/T/Pi filters, regulation, and DC calculations",SEM-10-09-043,"Differentiate half-wave/full-wave/bridge rectification; Explain reservoir-capacitor ripple reduction; Identify L, T and Pi filter topology; Explain regulation purpose/components; Account for RMS-to-peak and diode drops; Recognize multiple-output rail/reference/current limits",w09-power-supply-blocks,CETa
CETa,10.5,Explain the reasons for power supply regulation and list common components used in regulated supplies,10,Power Supplies,9,Power-supply blocks and their expected signals,"W09-CETA-v16.3 · Rectification, L/T/Pi filters, regulation, and DC calculations","v16.3 integrated lesson: subject-specific technical instruction, instructional visual, worked examples, guided practice, changed independent scenario, knowledge checks, and required semantic evidence.","Draw expected waveforms at transformer secondary, bridge output, reservoir capacitor, and regulated output. | For 100 mA load, 1000 uF, and 100 Hz ripple, estimate ripple voltage. | Compare a linear regulator and buck converter for efficiency, dissipation, noise, complexity, and required headroom.","Analyze a low-voltage 12 V-to-5 V supply architecture. Choose either a linear regulator or buck converter for a 500 mA load, estimate input/output power and major dissipation, identify protection needed, and specify the DMM/scope measurements that would distinguish input-source failure, rectifier/filter failure, regulator dropout, and output short.",Required semantic task SEM-10-09-043; required primary lesson gate; v16.3 integrated lesson checks; Week 9 mastery/teach-back.,Correct auto-graded lesson checks where applicable; topic-specific constructed-response/performance evidence; changed-context practice; weekly cumulative mastery; physical evidence when required.,"LAB-009: Block diagram, calculations, safety boundary, rail table, ripple capture, fault hypothesis sequence, correction, and retest. Physical proficiency is credited only on the physical route.",LAB-009,16.3,PASS,"Rectification, L/T/Pi filters, regulation, and DC calculations",SEM-10-09-043,"Differentiate half-wave/full-wave/bridge rectification; Explain reservoir-capacitor ripple reduction; Identify L, T and Pi filter topology; Explain regulation purpose/components; Account for RMS-to-peak and diode drops; Recognize multiple-output rail/reference/current limits",w09-power-supply-blocks,CETa
CETa,10.6,Explain the term ‘Integrated high voltage transformer’ supply and explain how it differs from direct or other power supply types,10,Power Supplies,9,Power-supply blocks and their expected signals,"W09-CETA-v16.3 · Power-supply hazards, transformer versus line-connected supplies, and protection","v16.3 integrated lesson: subject-specific technical instruction, instructional visual, worked examples, guided practice, changed independent scenario, knowledge checks, and required semantic evidence.","Draw expected waveforms at transformer secondary, bridge output, reservoir capacitor, and regulated output. | For 100 mA load, 1000 uF, and 100 Hz ripple, estimate ripple voltage. | Compare a linear regulator and buck converter for efficiency, dissipation, noise, complexity, and required headroom.","Analyze a low-voltage 12 V-to-5 V supply architecture. Choose either a linear regulator or buck converter for a 500 mA load, estimate input/output power and major dissipation, identify protection needed, and specify the DMM/scope measurements that would distinguish input-source failure, rectifier/filter failure, regulator dropout, and output short.",Required semantic task SEM-10-09-041; required primary lesson gate; v16.3 integrated lesson checks; Week 9 mastery/teach-back.,Correct auto-graded lesson checks where applicable; topic-specific constructed-response/performance evidence; changed-context practice; weekly cumulative mastery; physical evidence when required.,"LAB-009: Block diagram, calculations, safety boundary, rail table, ripple capture, fault hypothesis sequence, correction, and retest. Physical proficiency is credited only on the physical route.",LAB-009,16.3,PASS,"Power-supply hazards, transformer versus line-connected supplies, and protection",SEM-10-09-041,Recognize stored/mains energy hazards; Differentiate galvanic-isolated and line-connected supplies; Recognize integrated high-voltage supply boundary; Explain source-side overcurrent protection purpose; Match fuse type/voltage/current/interrupting rating and do not up-rate,w09-power-supply-blocks,CETa
CETa,10.7,Explain how multiple output supplies can supply more than one voltage,10,Power Supplies,9,Power-supply blocks and their expected signals,"W09-CETA-v16.3 · Rectification, L/T/Pi filters, regulation, and DC calculations","v16.3 integrated lesson: subject-specific technical instruction, instructional visual, worked examples, guided practice, changed independent scenario, knowledge checks, and required semantic evidence.","Draw expected waveforms at transformer secondary, bridge output, reservoir capacitor, and regulated output. | For 100 mA load, 1000 uF, and 100 Hz ripple, estimate ripple voltage. | Compare a linear regulator and buck converter for efficiency, dissipation, noise, complexity, and required headroom.","Analyze a low-voltage 12 V-to-5 V supply architecture. Choose either a linear regulator or buck converter for a 500 mA load, estimate input/output power and major dissipation, identify protection needed, and specify the DMM/scope measurements that would distinguish input-source failure, rectifier/filter failure, regulator dropout, and output short.",Required semantic task SEM-10-09-043; required primary lesson gate; v16.3 integrated lesson checks; Week 9 mastery/teach-back.,Correct auto-graded lesson checks where applicable; topic-specific constructed-response/performance evidence; changed-context practice; weekly cumulative mastery; physical evidence when required.,"LAB-009: Block diagram, calculations, safety boundary, rail table, ripple capture, fault hypothesis sequence, correction, and retest. Physical proficiency is credited only on the physical route.",LAB-009,16.3,PASS,"Rectification, L/T/Pi filters, regulation, and DC calculations",SEM-10-09-043,"Differentiate half-wave/full-wave/bridge rectification; Explain reservoir-capacitor ripple reduction; Identify L, T and Pi filter topology; Explain regulation purpose/components; Account for RMS-to-peak and diode drops; Recognize multiple-output rail/reference/current limits",w09-power-supply-blocks,CETa
CETa,10.8,Explain where fuses and circuit breakers are commonly and electrically located in circuits; approximate fuse sizes for common circuits; common fuses and circuit breaker configuration and precautions for replacement in a house service box,10,Power Supplies,9,Power-supply blocks and their expected signals,"W09-CETA-v16.3 · Power-supply hazards, transformer versus line-connected supplies, and protection","v16.3 integrated lesson: subject-specific technical instruction, instructional visual, worked examples, guided practice, changed independent scenario, knowledge checks, and required semantic evidence.","Draw expected waveforms at transformer secondary, bridge output, reservoir capacitor, and regulated output. | For 100 mA load, 1000 uF, and 100 Hz ripple, estimate ripple voltage. | Compare a linear regulator and buck converter for efficiency, dissipation, noise, complexity, and required headroom.","Analyze a low-voltage 12 V-to-5 V supply architecture. Choose either a linear regulator or buck converter for a 500 mA load, estimate input/output power and major dissipation, identify protection needed, and specify the DMM/scope measurements that would distinguish input-source failure, rectifier/filter failure, regulator dropout, and output short.",Required semantic task SEM-10-09-041; required primary lesson gate; v16.3 integrated lesson checks; Week 9 mastery/teach-back.,Correct auto-graded lesson checks where applicable; topic-specific constructed-response/performance evidence; changed-context practice; weekly cumulative mastery; physical evidence when required.,"LAB-009: Block diagram, calculations, safety boundary, rail table, ripple capture, fault hypothesis sequence, correction, and retest. Physical proficiency is credited only on the physical route.",LAB-009,16.3,PASS,"Power-supply hazards, transformer versus line-connected supplies, and protection",SEM-10-09-041,Recognize stored/mains energy hazards; Differentiate galvanic-isolated and line-connected supplies; Recognize integrated high-voltage supply boundary; Explain source-side overcurrent protection purpose; Match fuse type/voltage/current/interrupting rating and do not up-rate,w09-power-supply-blocks,CETa
CETa,10.9,Explain how to calculate DC voltages from power supply circuits,10,Power Supplies,9,Power-supply blocks and their expected signals,"W09-CETA-v16.3 · Rectification, L/T/Pi filters, regulation, and DC calculations","v16.3 integrated lesson: subject-specific technical instruction, instructional visual, worked examples, guided practice, changed independent scenario, knowledge checks, and required semantic evidence.","Draw expected waveforms at transformer secondary, bridge output, reservoir capacitor, and regulated output. | For 100 mA load, 1000 uF, and 100 Hz ripple, estimate ripple voltage. | Compare a linear regulator and buck converter for efficiency, dissipation, noise, complexity, and required headroom.","Analyze a low-voltage 12 V-to-5 V supply architecture. Choose either a linear regulator or buck converter for a 500 mA load, estimate input/output power and major dissipation, identify protection needed, and specify the DMM/scope measurements that would distinguish input-source failure, rectifier/filter failure, regulator dropout, and output short.",Required semantic task SEM-10-09-043; required primary lesson gate; v16.3 integrated lesson checks; Week 9 mastery/teach-back.,Correct auto-graded lesson checks where applicable; topic-specific constructed-response/performance evidence; changed-context practice; weekly cumulative mastery; physical evidence when required.,"LAB-009: Block diagram, calculations, safety boundary, rail table, ripple capture, fault hypothesis sequence, correction, and retest. Physical proficiency is credited only on the physical route.",LAB-009,16.3,PASS,"Rectification, L/T/Pi filters, regulation, and DC calculations",SEM-10-09-043,"Differentiate half-wave/full-wave/bridge rectification; Explain reservoir-capacitor ripple reduction; Identify L, T and Pi filter topology; Explain regulation purpose/components; Account for RMS-to-peak and diode drops; Recognize multiple-output rail/reference/current limits",w09-power-supply-blocks,CETa
CETa,10.10,Identify and analyze rectifier circuits,10,Power Supplies,9,Power-supply blocks and their expected signals,"W09-CETA-v16.3 · Rectification, L/T/Pi filters, regulation, and DC calculations","v16.3 integrated lesson: subject-specific technical instruction, instructional visual, worked examples, guided practice, changed independent scenario, knowledge checks, and required semantic evidence.","Draw expected waveforms at transformer secondary, bridge output, reservoir capacitor, and regulated output. | For 100 mA load, 1000 uF, and 100 Hz ripple, estimate ripple voltage. | Compare a linear regulator and buck converter for efficiency, dissipation, noise, complexity, and required headroom.","Analyze a low-voltage 12 V-to-5 V supply architecture. Choose either a linear regulator or buck converter for a 500 mA load, estimate input/output power and major dissipation, identify protection needed, and specify the DMM/scope measurements that would distinguish input-source failure, rectifier/filter failure, regulator dropout, and output short.",Required semantic task SEM-10-09-043; required primary lesson gate; v16.3 integrated lesson checks; Week 9 mastery/teach-back.,Correct auto-graded lesson checks where applicable; topic-specific constructed-response/performance evidence; changed-context practice; weekly cumulative mastery; physical evidence when required.,"LAB-009: Block diagram, calculations, safety boundary, rail table, ripple capture, fault hypothesis sequence, correction, and retest. Physical proficiency is credited only on the physical route.",LAB-009,16.3,PASS,"Rectification, L/T/Pi filters, regulation, and DC calculations",SEM-10-09-043,"Differentiate half-wave/full-wave/bridge rectification; Explain reservoir-capacitor ripple reduction; Identify L, T and Pi filter topology; Explain regulation purpose/components; Account for RMS-to-peak and diode drops; Recognize multiple-output rail/reference/current limits",w09-power-supply-blocks,CETa
CETa,10.11,Describe switch mode power supply operation,10,Power Supplies,9,Power-supply blocks and their expected signals,W09-CETA-v16.3 · Switch-mode power supply operation,"v16.3 integrated lesson: subject-specific technical instruction, instructional visual, worked examples, guided practice, changed independent scenario, knowledge checks, and required semantic evidence.","Draw expected waveforms at transformer secondary, bridge output, reservoir capacitor, and regulated output. | For 100 mA load, 1000 uF, and 100 Hz ripple, estimate ripple voltage. | Compare a linear regulator and buck converter for efficiency, dissipation, noise, complexity, and required headroom.","Analyze a low-voltage 12 V-to-5 V supply architecture. Choose either a linear regulator or buck converter for a 500 mA load, estimate input/output power and major dissipation, identify protection needed, and specify the DMM/scope measurements that would distinguish input-source failure, rectifier/filter failure, regulator dropout, and output short.",Required semantic task SEM-10-09-044; required primary lesson gate; v16.3 integrated lesson checks; Week 9 mastery/teach-back.,Correct auto-graded lesson checks where applicable; topic-specific constructed-response/performance evidence; changed-context practice; weekly cumulative mastery; physical evidence when required.,"LAB-009: Block diagram, calculations, safety boundary, rail table, ripple capture, fault hypothesis sequence, correction, and retest. Physical proficiency is credited only on the physical route.",LAB-009,16.3,PASS,Switch-mode power supply operation,SEM-10-09-044,Explain high-frequency switching versus linear dissipation; Identify switch/energy-storage/rectification-filter/feedback blocks; Explain buck/boost/flyback roles at basic level; Connect feedback to duty/pulse control; Identify realistic startup/ripple/short/feedback/EMI fault signatures; Respect primary-side measurement safety,w09-power-supply-blocks,CETa
CETa,11.1,"List common amplifier devices: such as power amps, audio preamps, video amps",11,Amplifiers,10,"Gain, dB, feedback, and ideal op-amp rules","W10-CETA-v16.3 · Amplifier roles, classes, stages, and frequency response","v16.3 integrated lesson: subject-specific technical instruction, instructional visual, worked examples, guided practice, changed independent scenario, knowledge checks, and required semantic evidence.","Calculate gain for an inverting stage Rin=10 kOhm, Rf=47 kOhm and predict output for +0.2 V input. | For a BJT stage, explain why measuring collector at nearly the supply rail can suggest cutoff while near emitter voltage can suggest saturation, depending on topology. | A stage has correct low-frequency gain but rolls off early. List gain-bandwidth, coupling capacitors, source/load impedance, and probe loading as separate hypotheses.","Analyze an op-amp stage from a datasheet-compatible low-voltage example. Calculate ideal gain, output for two input values, load current, and approximate load power. Then check common-mode input range, output swing, bandwidth/gain-bandwidth, slew rate, and output-current limits. State which calculation would become invalid first if the signal amplitude or frequency is increased.",Required semantic task SEM-11-10-045; required primary lesson gate; v16.3 integrated lesson checks; Week 10 mastery/teach-back.,Correct auto-graded lesson checks where applicable; topic-specific constructed-response/performance evidence; changed-context practice; weekly cumulative mastery; physical evidence when required.,"LAB-010: Schematic, gain/dB math, signal budget, waveforms, measured gain table, fault analysis, and final acceptance statement. Physical proficiency is credited only on the physical route.",LAB-010,16.3,PASS,"Amplifier roles, classes, stages, and frequency response",SEM-11-10-045,Differentiate preamp/line/power amplifier roles; Differentiate A/B/AB/D operating concepts; Explain frequency response and bandwidth; Compare broadband and narrow-band requirements; Tie gain/specifications to frequency and loading,w10-opamp-amplifier,CETa
CETa,11.2,Describe the purpose of each component in an amplifier circuit,11,Amplifiers,10,"Gain, dB, feedback, and ideal op-amp rules","W10-CETA-v16.3 · BJT and FET amplifier bias, gain, and power","v16.3 integrated lesson: subject-specific technical instruction, instructional visual, worked examples, guided practice, changed independent scenario, knowledge checks, and required semantic evidence.","Calculate gain for an inverting stage Rin=10 kOhm, Rf=47 kOhm and predict output for +0.2 V input. | For a BJT stage, explain why measuring collector at nearly the supply rail can suggest cutoff while near emitter voltage can suggest saturation, depending on topology. | A stage has correct low-frequency gain but rolls off early. List gain-bandwidth, coupling capacitors, source/load impedance, and probe loading as separate hypotheses.","Analyze an op-amp stage from a datasheet-compatible low-voltage example. Calculate ideal gain, output for two input values, load current, and approximate load power. Then check common-mode input range, output swing, bandwidth/gain-bandwidth, slew rate, and output-current limits. State which calculation would become invalid first if the signal amplitude or frequency is increased.",Required semantic task SEM-11-10-046; required primary lesson gate; v16.3 integrated lesson checks; Week 10 mastery/teach-back.,Correct auto-graded lesson checks where applicable; topic-specific constructed-response/performance evidence; changed-context practice; weekly cumulative mastery; physical evidence when required.,"LAB-010: Schematic, gain/dB math, signal budget, waveforms, measured gain table, fault analysis, and final acceptance statement. Physical proficiency is credited only on the physical route.",LAB-010,16.3,PASS,"BJT and FET amplifier bias, gain, and power",SEM-11-10-046,Identify purpose of bias/DC operating point; Explain common-emitter component roles; Explain common-source gate/drain/source roles; Verify DC state before AC gain; Distinguish signal gain/output power from device dissipation,w10-opamp-amplifier,CETa
CETa,11.3,List the usages and classes of amplifiers,11,Amplifiers,10,"Gain, dB, feedback, and ideal op-amp rules","W10-CETA-v16.3 · Amplifier roles, classes, stages, and frequency response","v16.3 integrated lesson: subject-specific technical instruction, instructional visual, worked examples, guided practice, changed independent scenario, knowledge checks, and required semantic evidence.","Calculate gain for an inverting stage Rin=10 kOhm, Rf=47 kOhm and predict output for +0.2 V input. | For a BJT stage, explain why measuring collector at nearly the supply rail can suggest cutoff while near emitter voltage can suggest saturation, depending on topology. | A stage has correct low-frequency gain but rolls off early. List gain-bandwidth, coupling capacitors, source/load impedance, and probe loading as separate hypotheses.","Analyze an op-amp stage from a datasheet-compatible low-voltage example. Calculate ideal gain, output for two input values, load current, and approximate load power. Then check common-mode input range, output swing, bandwidth/gain-bandwidth, slew rate, and output-current limits. State which calculation would become invalid first if the signal amplitude or frequency is increased.",Required semantic task SEM-11-10-045; required primary lesson gate; v16.3 integrated lesson checks; Week 10 mastery/teach-back.,Correct auto-graded lesson checks where applicable; topic-specific constructed-response/performance evidence; changed-context practice; weekly cumulative mastery; physical evidence when required.,"LAB-010: Schematic, gain/dB math, signal budget, waveforms, measured gain table, fault analysis, and final acceptance statement. Physical proficiency is credited only on the physical route.",LAB-010,16.3,PASS,"Amplifier roles, classes, stages, and frequency response",SEM-11-10-045,Differentiate preamp/line/power amplifier roles; Differentiate A/B/AB/D operating concepts; Explain frequency response and bandwidth; Compare broadband and narrow-band requirements; Tie gain/specifications to frequency and loading,w10-opamp-amplifier,CETa
CETa,11.3.1,Analyze BJT amplifier circuits for gain and power,11,Amplifiers,10,"Gain, dB, feedback, and ideal op-amp rules","W10-CETA-v16.3 · BJT and FET amplifier bias, gain, and power","v16.3 integrated lesson: subject-specific technical instruction, instructional visual, worked examples, guided practice, changed independent scenario, knowledge checks, and required semantic evidence.","Calculate gain for an inverting stage Rin=10 kOhm, Rf=47 kOhm and predict output for +0.2 V input. | For a BJT stage, explain why measuring collector at nearly the supply rail can suggest cutoff while near emitter voltage can suggest saturation, depending on topology. | A stage has correct low-frequency gain but rolls off early. List gain-bandwidth, coupling capacitors, source/load impedance, and probe loading as separate hypotheses.","Analyze an op-amp stage from a datasheet-compatible low-voltage example. Calculate ideal gain, output for two input values, load current, and approximate load power. Then check common-mode input range, output swing, bandwidth/gain-bandwidth, slew rate, and output-current limits. State which calculation would become invalid first if the signal amplitude or frequency is increased.",Required semantic task SEM-11-10-046; required primary lesson gate; v16.3 integrated lesson checks; Week 10 mastery/teach-back.,Correct auto-graded lesson checks where applicable; topic-specific constructed-response/performance evidence; changed-context practice; weekly cumulative mastery; physical evidence when required.,"LAB-010: Schematic, gain/dB math, signal budget, waveforms, measured gain table, fault analysis, and final acceptance statement. Physical proficiency is credited only on the physical route.",LAB-010,16.3,PASS,"BJT and FET amplifier bias, gain, and power",SEM-11-10-046,Identify purpose of bias/DC operating point; Explain common-emitter component roles; Explain common-source gate/drain/source roles; Verify DC state before AC gain; Distinguish signal gain/output power from device dissipation,w10-opamp-amplifier,CETa
CETa,11.3.2,Analyze FET based amplifier circuits for gain and power,11,Amplifiers,10,"Gain, dB, feedback, and ideal op-amp rules","W10-CETA-v16.3 · BJT and FET amplifier bias, gain, and power","v16.3 integrated lesson: subject-specific technical instruction, instructional visual, worked examples, guided practice, changed independent scenario, knowledge checks, and required semantic evidence.","Calculate gain for an inverting stage Rin=10 kOhm, Rf=47 kOhm and predict output for +0.2 V input. | For a BJT stage, explain why measuring collector at nearly the supply rail can suggest cutoff while near emitter voltage can suggest saturation, depending on topology. | A stage has correct low-frequency gain but rolls off early. List gain-bandwidth, coupling capacitors, source/load impedance, and probe loading as separate hypotheses.","Analyze an op-amp stage from a datasheet-compatible low-voltage example. Calculate ideal gain, output for two input values, load current, and approximate load power. Then check common-mode input range, output swing, bandwidth/gain-bandwidth, slew rate, and output-current limits. State which calculation would become invalid first if the signal amplitude or frequency is increased.",Required semantic task SEM-11-10-046; required primary lesson gate; v16.3 integrated lesson checks; Week 10 mastery/teach-back.,Correct auto-graded lesson checks where applicable; topic-specific constructed-response/performance evidence; changed-context practice; weekly cumulative mastery; physical evidence when required.,"LAB-010: Schematic, gain/dB math, signal budget, waveforms, measured gain table, fault analysis, and final acceptance statement. Physical proficiency is credited only on the physical route.",LAB-010,16.3,PASS,"BJT and FET amplifier bias, gain, and power",SEM-11-10-046,Identify purpose of bias/DC operating point; Explain common-emitter component roles; Explain common-source gate/drain/source roles; Verify DC state before AC gain; Distinguish signal gain/output power from device dissipation,w10-opamp-amplifier,CETa
CETa,11.4,Explain frequency response of an amplifier circuit and why it is important,11,Amplifiers,10,"Gain, dB, feedback, and ideal op-amp rules","W10-CETA-v16.3 · Amplifier roles, classes, stages, and frequency response","v16.3 integrated lesson: subject-specific technical instruction, instructional visual, worked examples, guided practice, changed independent scenario, knowledge checks, and required semantic evidence.","Calculate gain for an inverting stage Rin=10 kOhm, Rf=47 kOhm and predict output for +0.2 V input. | For a BJT stage, explain why measuring collector at nearly the supply rail can suggest cutoff while near emitter voltage can suggest saturation, depending on topology. | A stage has correct low-frequency gain but rolls off early. List gain-bandwidth, coupling capacitors, source/load impedance, and probe loading as separate hypotheses.","Analyze an op-amp stage from a datasheet-compatible low-voltage example. Calculate ideal gain, output for two input values, load current, and approximate load power. Then check common-mode input range, output swing, bandwidth/gain-bandwidth, slew rate, and output-current limits. State which calculation would become invalid first if the signal amplitude or frequency is increased.",Required semantic task SEM-11-10-045; required primary lesson gate; v16.3 integrated lesson checks; Week 10 mastery/teach-back.,Correct auto-graded lesson checks where applicable; topic-specific constructed-response/performance evidence; changed-context practice; weekly cumulative mastery; physical evidence when required.,"LAB-010: Schematic, gain/dB math, signal budget, waveforms, measured gain table, fault analysis, and final acceptance statement. Physical proficiency is credited only on the physical route.",LAB-010,16.3,PASS,"Amplifier roles, classes, stages, and frequency response",SEM-11-10-045,Differentiate preamp/line/power amplifier roles; Differentiate A/B/AB/D operating concepts; Explain frequency response and bandwidth; Compare broadband and narrow-band requirements; Tie gain/specifications to frequency and loading,w10-opamp-amplifier,CETa
CETa,11.5,Explain the words ‘preamplifier’ and ‘line amplifier’ and where these units are commonly used,11,Amplifiers,10,"Gain, dB, feedback, and ideal op-amp rules","W10-CETA-v16.3 · Amplifier roles, classes, stages, and frequency response","v16.3 integrated lesson: subject-specific technical instruction, instructional visual, worked examples, guided practice, changed independent scenario, knowledge checks, and required semantic evidence.","Calculate gain for an inverting stage Rin=10 kOhm, Rf=47 kOhm and predict output for +0.2 V input. | For a BJT stage, explain why measuring collector at nearly the supply rail can suggest cutoff while near emitter voltage can suggest saturation, depending on topology. | A stage has correct low-frequency gain but rolls off early. List gain-bandwidth, coupling capacitors, source/load impedance, and probe loading as separate hypotheses.","Analyze an op-amp stage from a datasheet-compatible low-voltage example. Calculate ideal gain, output for two input values, load current, and approximate load power. Then check common-mode input range, output swing, bandwidth/gain-bandwidth, slew rate, and output-current limits. State which calculation would become invalid first if the signal amplitude or frequency is increased.",Required semantic task SEM-11-10-045; required primary lesson gate; v16.3 integrated lesson checks; Week 10 mastery/teach-back.,Correct auto-graded lesson checks where applicable; topic-specific constructed-response/performance evidence; changed-context practice; weekly cumulative mastery; physical evidence when required.,"LAB-010: Schematic, gain/dB math, signal budget, waveforms, measured gain table, fault analysis, and final acceptance statement. Physical proficiency is credited only on the physical route.",LAB-010,16.3,PASS,"Amplifier roles, classes, stages, and frequency response",SEM-11-10-045,Differentiate preamp/line/power amplifier roles; Differentiate A/B/AB/D operating concepts; Explain frequency response and bandwidth; Compare broadband and narrow-band requirements; Tie gain/specifications to frequency and loading,w10-opamp-amplifier,CETa
CETa,11.6,Explain the uses of operational amplifiers and how they differ from other amplifiers,11,Amplifiers,10,"Gain, dB, feedback, and ideal op-amp rules",W10-CETA-v16.3 · Operational amplifiers and gain analysis,"v16.3 integrated lesson: subject-specific technical instruction, instructional visual, worked examples, guided practice, changed independent scenario, knowledge checks, and required semantic evidence.","Calculate gain for an inverting stage Rin=10 kOhm, Rf=47 kOhm and predict output for +0.2 V input. | For a BJT stage, explain why measuring collector at nearly the supply rail can suggest cutoff while near emitter voltage can suggest saturation, depending on topology. | A stage has correct low-frequency gain but rolls off early. List gain-bandwidth, coupling capacitors, source/load impedance, and probe loading as separate hypotheses.","Analyze an op-amp stage from a datasheet-compatible low-voltage example. Calculate ideal gain, output for two input values, load current, and approximate load power. Then check common-mode input range, output swing, bandwidth/gain-bandwidth, slew rate, and output-current limits. State which calculation would become invalid first if the signal amplitude or frequency is increased.",Required semantic task SEM-11-10-047; required primary lesson gate; v16.3 integrated lesson checks; Week 10 mastery/teach-back.,Correct auto-graded lesson checks where applicable; topic-specific constructed-response/performance evidence; changed-context practice; weekly cumulative mastery; physical evidence when required.,"LAB-010: Schematic, gain/dB math, signal budget, waveforms, measured gain table, fault analysis, and final acceptance statement. Physical proficiency is credited only on the physical route.",LAB-010,16.3,PASS,Operational amplifiers and gain analysis,SEM-11-10-047,Use inverting and non-inverting gain equations; Explain virtual-equality/near-zero-input-current ideal rules under negative feedback; Check output rail/common-mode/current/bandwidth/slew limits; Distinguish linear feedback from comparator/open-loop use; Include load power/device dissipation checks,w10-opamp-amplifier,CETa
CETa,11.6.1,Analyze op-amp circuits to determine gain and power,11,Amplifiers,10,"Gain, dB, feedback, and ideal op-amp rules",W10-CETA-v16.3 · Operational amplifiers and gain analysis,"v16.3 integrated lesson: subject-specific technical instruction, instructional visual, worked examples, guided practice, changed independent scenario, knowledge checks, and required semantic evidence.","Calculate gain for an inverting stage Rin=10 kOhm, Rf=47 kOhm and predict output for +0.2 V input. | For a BJT stage, explain why measuring collector at nearly the supply rail can suggest cutoff while near emitter voltage can suggest saturation, depending on topology. | A stage has correct low-frequency gain but rolls off early. List gain-bandwidth, coupling capacitors, source/load impedance, and probe loading as separate hypotheses.","Analyze an op-amp stage from a datasheet-compatible low-voltage example. Calculate ideal gain, output for two input values, load current, and approximate load power. Then check common-mode input range, output swing, bandwidth/gain-bandwidth, slew rate, and output-current limits. State which calculation would become invalid first if the signal amplitude or frequency is increased.",Required semantic task SEM-11-10-047; required primary lesson gate; v16.3 integrated lesson checks; Week 10 mastery/teach-back.,Correct auto-graded lesson checks where applicable; topic-specific constructed-response/performance evidence; changed-context practice; weekly cumulative mastery; physical evidence when required.,"LAB-010: Schematic, gain/dB math, signal budget, waveforms, measured gain table, fault analysis, and final acceptance statement. Physical proficiency is credited only on the physical route.",LAB-010,16.3,PASS,Operational amplifiers and gain analysis,SEM-11-10-047,Use inverting and non-inverting gain equations; Explain virtual-equality/near-zero-input-current ideal rules under negative feedback; Check output rail/common-mode/current/bandwidth/slew limits; Distinguish linear feedback from comparator/open-loop use; Include load power/device dissipation checks,w10-opamp-amplifier,CETa
CETa,11.7,Explain how distortion occurs in amplifiers and list ways to reduce or eliminate it,11,Amplifiers,10,"Gain, dB, feedback, and ideal op-amp rules","W10-CETA-v16.3 · Distortion, loading, buffering, and measurement error","v16.3 integrated lesson: subject-specific technical instruction, instructional visual, worked examples, guided practice, changed independent scenario, knowledge checks, and required semantic evidence.","Calculate gain for an inverting stage Rin=10 kOhm, Rf=47 kOhm and predict output for +0.2 V input. | For a BJT stage, explain why measuring collector at nearly the supply rail can suggest cutoff while near emitter voltage can suggest saturation, depending on topology. | A stage has correct low-frequency gain but rolls off early. List gain-bandwidth, coupling capacitors, source/load impedance, and probe loading as separate hypotheses.","Analyze an op-amp stage from a datasheet-compatible low-voltage example. Calculate ideal gain, output for two input values, load current, and approximate load power. Then check common-mode input range, output swing, bandwidth/gain-bandwidth, slew rate, and output-current limits. State which calculation would become invalid first if the signal amplitude or frequency is increased.",Required semantic task SEM-11-10-048; required primary lesson gate; v16.3 integrated lesson checks; Week 10 mastery/teach-back.,Correct auto-graded lesson checks where applicable; topic-specific constructed-response/performance evidence; changed-context practice; weekly cumulative mastery; physical evidence when required.,"LAB-010: Schematic, gain/dB math, signal budget, waveforms, measured gain table, fault analysis, and final acceptance statement. Physical proficiency is credited only on the physical route.",LAB-010,16.3,PASS,"Distortion, loading, buffering, and measurement error",SEM-11-10-048,Identify clipping/crossover/slew/overload distortion mechanisms; Explain finite meter/scope input loading; Explain 1× versus 10× probe tradeoff; Name buffering/high-impedance/short-ground/bandwidth remedies; Distinguish real circuit distortion from measurement-induced error,w10-opamp-amplifier,CETa
CETa,11.8,Explain how inaccurate measurements can be experienced due to meter or scope loading,11,Amplifiers,10,"Gain, dB, feedback, and ideal op-amp rules","W10-CETA-v16.3 · Distortion, loading, buffering, and measurement error","v16.3 integrated lesson: subject-specific technical instruction, instructional visual, worked examples, guided practice, changed independent scenario, knowledge checks, and required semantic evidence.","Calculate gain for an inverting stage Rin=10 kOhm, Rf=47 kOhm and predict output for +0.2 V input. | For a BJT stage, explain why measuring collector at nearly the supply rail can suggest cutoff while near emitter voltage can suggest saturation, depending on topology. | A stage has correct low-frequency gain but rolls off early. List gain-bandwidth, coupling capacitors, source/load impedance, and probe loading as separate hypotheses.","Analyze an op-amp stage from a datasheet-compatible low-voltage example. Calculate ideal gain, output for two input values, load current, and approximate load power. Then check common-mode input range, output swing, bandwidth/gain-bandwidth, slew rate, and output-current limits. State which calculation would become invalid first if the signal amplitude or frequency is increased.",Required semantic task SEM-11-10-048; required primary lesson gate; v16.3 integrated lesson checks; Week 10 mastery/teach-back.,Correct auto-graded lesson checks where applicable; topic-specific constructed-response/performance evidence; changed-context practice; weekly cumulative mastery; physical evidence when required.,"LAB-010: Schematic, gain/dB math, signal budget, waveforms, measured gain table, fault analysis, and final acceptance statement. Physical proficiency is credited only on the physical route.",LAB-010,16.3,PASS,"Distortion, loading, buffering, and measurement error",SEM-11-10-048,Identify clipping/crossover/slew/overload distortion mechanisms; Explain finite meter/scope input loading; Explain 1× versus 10× probe tradeoff; Name buffering/high-impedance/short-ground/bandwidth remedies; Distinguish real circuit distortion from measurement-induced error,w10-opamp-amplifier,CETa
CETa,11.8.1,List ways to overcome loading problems,11,Amplifiers,10,"Gain, dB, feedback, and ideal op-amp rules","W10-CETA-v16.3 · Distortion, loading, buffering, and measurement error","v16.3 integrated lesson: subject-specific technical instruction, instructional visual, worked examples, guided practice, changed independent scenario, knowledge checks, and required semantic evidence.","Calculate gain for an inverting stage Rin=10 kOhm, Rf=47 kOhm and predict output for +0.2 V input. | For a BJT stage, explain why measuring collector at nearly the supply rail can suggest cutoff while near emitter voltage can suggest saturation, depending on topology. | A stage has correct low-frequency gain but rolls off early. List gain-bandwidth, coupling capacitors, source/load impedance, and probe loading as separate hypotheses.","Analyze an op-amp stage from a datasheet-compatible low-voltage example. Calculate ideal gain, output for two input values, load current, and approximate load power. Then check common-mode input range, output swing, bandwidth/gain-bandwidth, slew rate, and output-current limits. State which calculation would become invalid first if the signal amplitude or frequency is increased.",Required semantic task SEM-11-10-048; required primary lesson gate; v16.3 integrated lesson checks; Week 10 mastery/teach-back.,Correct auto-graded lesson checks where applicable; topic-specific constructed-response/performance evidence; changed-context practice; weekly cumulative mastery; physical evidence when required.,"LAB-010: Schematic, gain/dB math, signal budget, waveforms, measured gain table, fault analysis, and final acceptance statement. Physical proficiency is credited only on the physical route.",LAB-010,16.3,PASS,"Distortion, loading, buffering, and measurement error",SEM-11-10-048,Identify clipping/crossover/slew/overload distortion mechanisms; Explain finite meter/scope input loading; Explain 1× versus 10× probe tradeoff; Name buffering/high-impedance/short-ground/bandwidth remedies; Distinguish real circuit distortion from measurement-induced error,w10-opamp-amplifier,CETa
CETa,11.9,Describe specifications for broadband amplifiers as compared with common narrow band units,11,Amplifiers,10,"Gain, dB, feedback, and ideal op-amp rules","W10-CETA-v16.3 · Amplifier roles, classes, stages, and frequency response","v16.3 integrated lesson: subject-specific technical instruction, instructional visual, worked examples, guided practice, changed independent scenario, knowledge checks, and required semantic evidence.","Calculate gain for an inverting stage Rin=10 kOhm, Rf=47 kOhm and predict output for +0.2 V input. | For a BJT stage, explain why measuring collector at nearly the supply rail can suggest cutoff while near emitter voltage can suggest saturation, depending on topology. | A stage has correct low-frequency gain but rolls off early. List gain-bandwidth, coupling capacitors, source/load impedance, and probe loading as separate hypotheses.","Analyze an op-amp stage from a datasheet-compatible low-voltage example. Calculate ideal gain, output for two input values, load current, and approximate load power. Then check common-mode input range, output swing, bandwidth/gain-bandwidth, slew rate, and output-current limits. State which calculation would become invalid first if the signal amplitude or frequency is increased.",Required semantic task SEM-11-10-045; required primary lesson gate; v16.3 integrated lesson checks; Week 10 mastery/teach-back.,Correct auto-graded lesson checks where applicable; topic-specific constructed-response/performance evidence; changed-context practice; weekly cumulative mastery; physical evidence when required.,"LAB-010: Schematic, gain/dB math, signal budget, waveforms, measured gain table, fault analysis, and final acceptance statement. Physical proficiency is credited only on the physical route.",LAB-010,16.3,PASS,"Amplifier roles, classes, stages, and frequency response",SEM-11-10-045,Differentiate preamp/line/power amplifier roles; Differentiate A/B/AB/D operating concepts; Explain frequency response and bandwidth; Compare broadband and narrow-band requirements; Tie gain/specifications to frequency and loading,w10-opamp-amplifier,CETa
CETa,9.5,Explain Boolean algebra and its use in digital circuitry,9,Mathematics and Formulas,4,Waveform language and energy-storage behavior,W04-CETA-v16.3 · Number systems and Boolean algebra,"v16.3 integrated lesson: subject-specific technical instruction, instructional visual, worked examples, guided practice, changed independent scenario, knowledge checks, and required semantic evidence.","For R=1 kOhm and C=10 uF, calculate tau and the approximate time to settle near final value using 5 tau. | A 2 Vpp sine wave centered at 1 V is displayed. State Vpk, maximum voltage, minimum voltage, and what additional information is needed before claiming RMS. | Explain what happens to relay-coil voltage when current is interrupted with and without a flyback diode.",A reset circuit uses a 47 kOhm resistor and 10 uF capacitor. Estimate its time constant and discuss why using '5 tau' as an exact digital reset delay can be misleading. Then sketch the expected capacitor-voltage shape and identify how a leaky capacitor or low-impedance input would change it.,Required semantic task SEM-9-04-039; required primary lesson gate; v16.3 integrated lesson checks; Week 4 mastery/teach-back.,Correct auto-graded lesson checks where applicable; topic-specific constructed-response/performance evidence; changed-context practice; weekly cumulative mastery; physical evidence when required.,"LAB-011: Conversion work, Boolean expression, truth table, schematic, voltage/logic capture, debounce or floating-input observation, and conclusion. Physical proficiency is credited only on the physical route.",LAB-011,16.3,PASS,Number systems and Boolean algebra,SEM-9-04-039,Convert binary/decimal/octal/hex using place values/grouping; Use A-F hex values; Map hex nibble to four bits; Apply basic Boolean identities and NOT/AND/OR; Use a truth table to verify logic including De Morgan relationships,w04-rc-rl-response,CETa
CETa,13.1,Identify each of the basic digital gate(s) and devices,13,Digital Concepts and Circuitry,11,"Binary, hexadecimal, gates, and sequential state","W11-CETA-v16.3 · Logic gates, truth tables, and flip-flops","v16.3 integrated lesson: subject-specific technical instruction, instructional visual, worked examples, guided practice, changed independent scenario, knowledge checks, and required semantic evidence.","Convert decimal 45 to binary and hex, then convert 0x3C back to binary and decimal. | Build a truth table for Y=(A AND B) OR (NOT C). Verify all eight combinations. | A D flip-flop samples on a rising edge. Explain what setup/hold means and why changing D at the same instant as the clock edge can produce an uncertain result.","Design a two-input alarm rule: the alarm should assert when ENABLE is high and either SENSOR_A or SENSOR_B is active, but all signals are active-low at the pins. Write the plain-language rule, convert it to Boolean logic with explicit inversions, create a truth table, and explain how active-low bubbles on a schematic can change your first interpretation.",Required semantic task SEM-13-11-051; required primary lesson gate; v16.3 integrated lesson checks; Week 11 mastery/teach-back.,Correct auto-graded lesson checks where applicable; topic-specific constructed-response/performance evidence; changed-context practice; weekly cumulative mastery; physical evidence when required.,"LAB-011: Conversion work, Boolean expression, truth table, schematic, voltage/logic capture, debounce or floating-input observation, and conclusion. Physical proficiency is credited only on the physical route.",LAB-011,16.3,PASS,"Logic gates, truth tables, and flip-flops",SEM-13-11-051,Identify common gate symbols/functions; Construct full truth tables; Differentiate combinational and sequential logic; Explain D/SR/JK/T roles at introductory level; Recognize clock-edge and setup/hold concept,w11-digital-logic,CETa
CETa,13.2,Construct truth tables for common gates,13,Digital Concepts and Circuitry,11,"Binary, hexadecimal, gates, and sequential state","W11-CETA-v16.3 · Logic gates, truth tables, and flip-flops","v16.3 integrated lesson: subject-specific technical instruction, instructional visual, worked examples, guided practice, changed independent scenario, knowledge checks, and required semantic evidence.","Convert decimal 45 to binary and hex, then convert 0x3C back to binary and decimal. | Build a truth table for Y=(A AND B) OR (NOT C). Verify all eight combinations. | A D flip-flop samples on a rising edge. Explain what setup/hold means and why changing D at the same instant as the clock edge can produce an uncertain result.","Design a two-input alarm rule: the alarm should assert when ENABLE is high and either SENSOR_A or SENSOR_B is active, but all signals are active-low at the pins. Write the plain-language rule, convert it to Boolean logic with explicit inversions, create a truth table, and explain how active-low bubbles on a schematic can change your first interpretation.",Required semantic task SEM-13-11-051; required primary lesson gate; v16.3 integrated lesson checks; Week 11 mastery/teach-back.,Correct auto-graded lesson checks where applicable; topic-specific constructed-response/performance evidence; changed-context practice; weekly cumulative mastery; physical evidence when required.,"LAB-011: Conversion work, Boolean expression, truth table, schematic, voltage/logic capture, debounce or floating-input observation, and conclusion. Physical proficiency is credited only on the physical route.",LAB-011,16.3,PASS,"Logic gates, truth tables, and flip-flops",SEM-13-11-051,Identify common gate symbols/functions; Construct full truth tables; Differentiate combinational and sequential logic; Explain D/SR/JK/T roles at introductory level; Recognize clock-edge and setup/hold concept,w11-digital-logic,CETa
CETa,13.3,Explain how electronic counters operate,13,Digital Concepts and Circuitry,11,"Binary, hexadecimal, gates, and sequential state","W11-CETA-v16.3 · Counters, buses, clocks, timing, and logic families","v16.3 integrated lesson: subject-specific technical instruction, instructional visual, worked examples, guided practice, changed independent scenario, knowledge checks, and required semantic evidence.","Convert decimal 45 to binary and hex, then convert 0x3C back to binary and decimal. | Build a truth table for Y=(A AND B) OR (NOT C). Verify all eight combinations. | A D flip-flop samples on a rising edge. Explain what setup/hold means and why changing D at the same instant as the clock edge can produce an uncertain result.","Design a two-input alarm rule: the alarm should assert when ENABLE is high and either SENSOR_A or SENSOR_B is active, but all signals are active-low at the pins. Write the plain-language rule, convert it to Boolean logic with explicit inversions, create a truth table, and explain how active-low bubbles on a schematic can change your first interpretation.",Required semantic task SEM-13-11-052; required primary lesson gate; v16.3 integrated lesson checks; Week 11 mastery/teach-back.,Correct auto-graded lesson checks where applicable; topic-specific constructed-response/performance evidence; changed-context practice; weekly cumulative mastery; physical evidence when required.,"LAB-011: Conversion work, Boolean expression, truth table, schematic, voltage/logic capture, debounce or floating-input observation, and conclusion. Physical proficiency is credited only on the physical route.",LAB-011,16.3,PASS,"Counters, buses, clocks, timing, and logic families",SEM-13-11-052,Explain counter state progression and ripple vs synchronous concept; Define data/address/control bus and width/direction; Explain clock period/frequency and propagation/jitter/skew/setup/hold; Use logic-family thresholds rather than “any nonzero voltage = 1”; Recognize floating-input and voltage-compatibility problems,w11-digital-logic,CETa
CETa,13.4,Explain the purpose of flip-flops and list common types,13,Digital Concepts and Circuitry,11,"Binary, hexadecimal, gates, and sequential state","W11-CETA-v16.3 · Logic gates, truth tables, and flip-flops","v16.3 integrated lesson: subject-specific technical instruction, instructional visual, worked examples, guided practice, changed independent scenario, knowledge checks, and required semantic evidence.","Convert decimal 45 to binary and hex, then convert 0x3C back to binary and decimal. | Build a truth table for Y=(A AND B) OR (NOT C). Verify all eight combinations. | A D flip-flop samples on a rising edge. Explain what setup/hold means and why changing D at the same instant as the clock edge can produce an uncertain result.","Design a two-input alarm rule: the alarm should assert when ENABLE is high and either SENSOR_A or SENSOR_B is active, but all signals are active-low at the pins. Write the plain-language rule, convert it to Boolean logic with explicit inversions, create a truth table, and explain how active-low bubbles on a schematic can change your first interpretation.",Required semantic task SEM-13-11-051; required primary lesson gate; v16.3 integrated lesson checks; Week 11 mastery/teach-back.,Correct auto-graded lesson checks where applicable; topic-specific constructed-response/performance evidence; changed-context practice; weekly cumulative mastery; physical evidence when required.,"LAB-011: Conversion work, Boolean expression, truth table, schematic, voltage/logic capture, debounce or floating-input observation, and conclusion. Physical proficiency is credited only on the physical route.",LAB-011,16.3,PASS,"Logic gates, truth tables, and flip-flops",SEM-13-11-051,Identify common gate symbols/functions; Construct full truth tables; Differentiate combinational and sequential logic; Explain D/SR/JK/T roles at introductory level; Recognize clock-edge and setup/hold concept,w11-digital-logic,CETa
CETa,13.5,Explain the purpose of a digital electronic circuitry bus and show how it’s connected to various sections of a product,13,Digital Concepts and Circuitry,11,"Binary, hexadecimal, gates, and sequential state","W11-CETA-v16.3 · Counters, buses, clocks, timing, and logic families","v16.3 integrated lesson: subject-specific technical instruction, instructional visual, worked examples, guided practice, changed independent scenario, knowledge checks, and required semantic evidence.","Convert decimal 45 to binary and hex, then convert 0x3C back to binary and decimal. | Build a truth table for Y=(A AND B) OR (NOT C). Verify all eight combinations. | A D flip-flop samples on a rising edge. Explain what setup/hold means and why changing D at the same instant as the clock edge can produce an uncertain result.","Design a two-input alarm rule: the alarm should assert when ENABLE is high and either SENSOR_A or SENSOR_B is active, but all signals are active-low at the pins. Write the plain-language rule, convert it to Boolean logic with explicit inversions, create a truth table, and explain how active-low bubbles on a schematic can change your first interpretation.",Required semantic task SEM-13-11-052; required primary lesson gate; v16.3 integrated lesson checks; Week 11 mastery/teach-back.,Correct auto-graded lesson checks where applicable; topic-specific constructed-response/performance evidence; changed-context practice; weekly cumulative mastery; physical evidence when required.,"LAB-011: Conversion work, Boolean expression, truth table, schematic, voltage/logic capture, debounce or floating-input observation, and conclusion. Physical proficiency is credited only on the physical route.",LAB-011,16.3,PASS,"Counters, buses, clocks, timing, and logic families",SEM-13-11-052,Explain counter state progression and ripple vs synchronous concept; Define data/address/control bus and width/direction; Explain clock period/frequency and propagation/jitter/skew/setup/hold; Use logic-family thresholds rather than “any nonzero voltage = 1”; Recognize floating-input and voltage-compatibility problems,w11-digital-logic,CETa
CETa,13.6,List types of display circuitry and describe how numbers and letters are activated digitally,13,Digital Concepts and Circuitry,11,"Binary, hexadecimal, gates, and sequential state",W11-CETA-v16.3 · Digital displays and microcontrollers,"v16.3 integrated lesson: subject-specific technical instruction, instructional visual, worked examples, guided practice, changed independent scenario, knowledge checks, and required semantic evidence.","Convert decimal 45 to binary and hex, then convert 0x3C back to binary and decimal. | Build a truth table for Y=(A AND B) OR (NOT C). Verify all eight combinations. | A D flip-flop samples on a rising edge. Explain what setup/hold means and why changing D at the same instant as the clock edge can produce an uncertain result.","Design a two-input alarm rule: the alarm should assert when ENABLE is high and either SENSOR_A or SENSOR_B is active, but all signals are active-low at the pins. Write the plain-language rule, convert it to Boolean logic with explicit inversions, create a truth table, and explain how active-low bubbles on a schematic can change your first interpretation.",Required semantic task SEM-13-11-053; required primary lesson gate; v16.3 integrated lesson checks; Week 11 mastery/teach-back.,Correct auto-graded lesson checks where applicable; topic-specific constructed-response/performance evidence; changed-context practice; weekly cumulative mastery; physical evidence when required.,"LAB-011: Conversion work, Boolean expression, truth table, schematic, voltage/logic capture, debounce or floating-input observation, and conclusion. Physical proficiency is credited only on the physical route.",LAB-011,16.3,PASS,Digital displays and microcontrollers,SEM-13-11-053,Explain seven-segment segment/digit drive; Differentiate common-anode/common-cathode polarity; Explain multiplexing; Identify MCU core/memory/GPIO/timer/peripheral/debug blocks; Connect simple program control flow to physical I/O,w11-digital-logic,CETa
CETa,13.7,Distinguish how pulsers are used for digital signal tracing,13,Digital Concepts and Circuitry,11,"Binary, hexadecimal, gates, and sequential state",W11-CETA-v16.3 · Logic pulser/probe digital signal tracing and fault isolation,"v16.3 integrated lesson: subject-specific technical instruction, instructional visual, worked examples, guided practice, changed independent scenario, knowledge checks, and required semantic evidence.","Convert decimal 45 to binary and hex, then convert 0x3C back to binary and decimal. | Build a truth table for Y=(A AND B) OR (NOT C). Verify all eight combinations. | A D flip-flop samples on a rising edge. Explain what setup/hold means and why changing D at the same instant as the clock edge can produce an uncertain result.","Design a two-input alarm rule: the alarm should assert when ENABLE is high and either SENSOR_A or SENSOR_B is active, but all signals are active-low at the pins. Write the plain-language rule, convert it to Boolean logic with explicit inversions, create a truth table, and explain how active-low bubbles on a schematic can change your first interpretation.",Required semantic task SEM-13-11-054; required primary lesson gate; v16.3 integrated lesson checks; Week 11 mastery/teach-back.,Correct auto-graded lesson checks where applicable; topic-specific constructed-response/performance evidence; changed-context practice; weekly cumulative mastery; physical evidence when required.,"LAB-011: Conversion work, Boolean expression, truth table, schematic, voltage/logic capture, debounce or floating-input observation, and conclusion. Physical proficiency is credited only on the physical route.",LAB-011,16.3,PASS,Logic pulser/probe digital signal tracing and fault isolation,SEM-13-11-054,Use known input and expected states; Use probe for HIGH/LOW/activity; Use pulser only on safe eligible node; Escalate to scope/analyzer for timing/pulse/order questions; Locate first violated logic relationship and avoid contention,w11-digital-logic,CETa
CETa,13.8,Describe how logic probes are used to verify states in digital equipment,13,Digital Concepts and Circuitry,11,"Binary, hexadecimal, gates, and sequential state",W11-CETA-v16.3 · Logic pulser/probe digital signal tracing and fault isolation,"v16.3 integrated lesson: subject-specific technical instruction, instructional visual, worked examples, guided practice, changed independent scenario, knowledge checks, and required semantic evidence.","Convert decimal 45 to binary and hex, then convert 0x3C back to binary and decimal. | Build a truth table for Y=(A AND B) OR (NOT C). Verify all eight combinations. | A D flip-flop samples on a rising edge. Explain what setup/hold means and why changing D at the same instant as the clock edge can produce an uncertain result.","Design a two-input alarm rule: the alarm should assert when ENABLE is high and either SENSOR_A or SENSOR_B is active, but all signals are active-low at the pins. Write the plain-language rule, convert it to Boolean logic with explicit inversions, create a truth table, and explain how active-low bubbles on a schematic can change your first interpretation.",Required semantic task SEM-13-11-054; required primary lesson gate; v16.3 integrated lesson checks; Week 11 mastery/teach-back.,Correct auto-graded lesson checks where applicable; topic-specific constructed-response/performance evidence; changed-context practice; weekly cumulative mastery; physical evidence when required.,"LAB-011: Conversion work, Boolean expression, truth table, schematic, voltage/logic capture, debounce or floating-input observation, and conclusion. Physical proficiency is credited only on the physical route.",LAB-011,16.3,PASS,Logic pulser/probe digital signal tracing and fault isolation,SEM-13-11-054,Use known input and expected states; Use probe for HIGH/LOW/activity; Use pulser only on safe eligible node; Escalate to scope/analyzer for timing/pulse/order questions; Locate first violated logic relationship and avoid contention,w11-digital-logic,CETa
CETa,13.9,Explain how to troubleshoot digital signals,13,Digital Concepts and Circuitry,11,"Binary, hexadecimal, gates, and sequential state",W11-CETA-v16.3 · Logic pulser/probe digital signal tracing and fault isolation,"v16.3 integrated lesson: subject-specific technical instruction, instructional visual, worked examples, guided practice, changed independent scenario, knowledge checks, and required semantic evidence.","Convert decimal 45 to binary and hex, then convert 0x3C back to binary and decimal. | Build a truth table for Y=(A AND B) OR (NOT C). Verify all eight combinations. | A D flip-flop samples on a rising edge. Explain what setup/hold means and why changing D at the same instant as the clock edge can produce an uncertain result.","Design a two-input alarm rule: the alarm should assert when ENABLE is high and either SENSOR_A or SENSOR_B is active, but all signals are active-low at the pins. Write the plain-language rule, convert it to Boolean logic with explicit inversions, create a truth table, and explain how active-low bubbles on a schematic can change your first interpretation.",Required semantic task SEM-13-11-054; required primary lesson gate; v16.3 integrated lesson checks; Week 11 mastery/teach-back.,Correct auto-graded lesson checks where applicable; topic-specific constructed-response/performance evidence; changed-context practice; weekly cumulative mastery; physical evidence when required.,"LAB-011: Conversion work, Boolean expression, truth table, schematic, voltage/logic capture, debounce or floating-input observation, and conclusion. Physical proficiency is credited only on the physical route.",LAB-011,16.3,PASS,Logic pulser/probe digital signal tracing and fault isolation,SEM-13-11-054,Use known input and expected states; Use probe for HIGH/LOW/activity; Use pulser only on safe eligible node; Escalate to scope/analyzer for timing/pulse/order questions; Locate first violated logic relationship and avoid contention,w11-digital-logic,CETa
CETa,13.10,Describe digital clock(s) usage and circuitry,13,Digital Concepts and Circuitry,11,"Binary, hexadecimal, gates, and sequential state","W11-CETA-v16.3 · Counters, buses, clocks, timing, and logic families","v16.3 integrated lesson: subject-specific technical instruction, instructional visual, worked examples, guided practice, changed independent scenario, knowledge checks, and required semantic evidence.","Convert decimal 45 to binary and hex, then convert 0x3C back to binary and decimal. | Build a truth table for Y=(A AND B) OR (NOT C). Verify all eight combinations. | A D flip-flop samples on a rising edge. Explain what setup/hold means and why changing D at the same instant as the clock edge can produce an uncertain result.","Design a two-input alarm rule: the alarm should assert when ENABLE is high and either SENSOR_A or SENSOR_B is active, but all signals are active-low at the pins. Write the plain-language rule, convert it to Boolean logic with explicit inversions, create a truth table, and explain how active-low bubbles on a schematic can change your first interpretation.",Required semantic task SEM-13-11-052; required primary lesson gate; v16.3 integrated lesson checks; Week 11 mastery/teach-back.,Correct auto-graded lesson checks where applicable; topic-specific constructed-response/performance evidence; changed-context practice; weekly cumulative mastery; physical evidence when required.,"LAB-011: Conversion work, Boolean expression, truth table, schematic, voltage/logic capture, debounce or floating-input observation, and conclusion. Physical proficiency is credited only on the physical route.",LAB-011,16.3,PASS,"Counters, buses, clocks, timing, and logic families",SEM-13-11-052,Explain counter state progression and ripple vs synchronous concept; Define data/address/control bus and width/direction; Explain clock period/frequency and propagation/jitter/skew/setup/hold; Use logic-family thresholds rather than “any nonzero voltage = 1”; Recognize floating-input and voltage-compatibility problems,w11-digital-logic,CETa
CETa,13.11,"Explain voltages and logic families (TTL, CMOS)",13,Digital Concepts and Circuitry,11,"Binary, hexadecimal, gates, and sequential state","W11-CETA-v16.3 · Counters, buses, clocks, timing, and logic families","v16.3 integrated lesson: subject-specific technical instruction, instructional visual, worked examples, guided practice, changed independent scenario, knowledge checks, and required semantic evidence.","Convert decimal 45 to binary and hex, then convert 0x3C back to binary and decimal. | Build a truth table for Y=(A AND B) OR (NOT C). Verify all eight combinations. | A D flip-flop samples on a rising edge. Explain what setup/hold means and why changing D at the same instant as the clock edge can produce an uncertain result.","Design a two-input alarm rule: the alarm should assert when ENABLE is high and either SENSOR_A or SENSOR_B is active, but all signals are active-low at the pins. Write the plain-language rule, convert it to Boolean logic with explicit inversions, create a truth table, and explain how active-low bubbles on a schematic can change your first interpretation.",Required semantic task SEM-13-11-052; required primary lesson gate; v16.3 integrated lesson checks; Week 11 mastery/teach-back.,Correct auto-graded lesson checks where applicable; topic-specific constructed-response/performance evidence; changed-context practice; weekly cumulative mastery; physical evidence when required.,"LAB-011: Conversion work, Boolean expression, truth table, schematic, voltage/logic capture, debounce or floating-input observation, and conclusion. Physical proficiency is credited only on the physical route.",LAB-011,16.3,PASS,"Counters, buses, clocks, timing, and logic families",SEM-13-11-052,Explain counter state progression and ripple vs synchronous concept; Define data/address/control bus and width/direction; Explain clock period/frequency and propagation/jitter/skew/setup/hold; Use logic-family thresholds rather than “any nonzero voltage = 1”; Recognize floating-input and voltage-compatibility problems,w11-digital-logic,CETa
CETa,13.12,Define microcontrollers and simple programming commands,13,Digital Concepts and Circuitry,11,"Binary, hexadecimal, gates, and sequential state",W11-CETA-v16.3 · Digital displays and microcontrollers,"v16.3 integrated lesson: subject-specific technical instruction, instructional visual, worked examples, guided practice, changed independent scenario, knowledge checks, and required semantic evidence.","Convert decimal 45 to binary and hex, then convert 0x3C back to binary and decimal. | Build a truth table for Y=(A AND B) OR (NOT C). Verify all eight combinations. | A D flip-flop samples on a rising edge. Explain what setup/hold means and why changing D at the same instant as the clock edge can produce an uncertain result.","Design a two-input alarm rule: the alarm should assert when ENABLE is high and either SENSOR_A or SENSOR_B is active, but all signals are active-low at the pins. Write the plain-language rule, convert it to Boolean logic with explicit inversions, create a truth table, and explain how active-low bubbles on a schematic can change your first interpretation.",Required semantic task SEM-13-11-053; required primary lesson gate; v16.3 integrated lesson checks; Week 11 mastery/teach-back.,Correct auto-graded lesson checks where applicable; topic-specific constructed-response/performance evidence; changed-context practice; weekly cumulative mastery; physical evidence when required.,"LAB-011: Conversion work, Boolean expression, truth table, schematic, voltage/logic capture, debounce or floating-input observation, and conclusion. Physical proficiency is credited only on the physical route.",LAB-011,16.3,PASS,Digital displays and microcontrollers,SEM-13-11-053,Explain seven-segment segment/digit drive; Differentiate common-anode/common-cathode polarity; Explain multiplexing; Identify MCU core/memory/GPIO/timer/peripheral/debug blocks; Connect simple program control flow to physical I/O,w11-digital-logic,CETa
Career,C3.5,"Use a logic analyzer to capture and decode digital activity while checking sample rate, thresholds, channel mapping, and timing context.",C3,Measurement & Instrumentation,3,"Measurement planning, probe discipline, and uncertainty",W03-CAREER-v16.3 · Career integration: hypothesis-driven measurement and instruments,"v16.3 integrated lesson: subject-specific technical instruction, instructional visual, worked examples, guided practice, changed independent scenario, knowledge checks, and required semantic evidence.","Write a measurement-plan row for checking a 3.3 V rail during MCU reset: quantity, expected range, instrument, connection, time resolution, and stop condition. | A meter reads 4.998 V three times on a nominal 5 V rail. Explain what you can and cannot claim without the meter accuracy specification and system tolerance. | For a suspected 20 us glitch, explain why a DMM may miss the event and choose scope settings that would make the event observable.","Design a measurement plan for an embedded board that passes self-test on the bench but intermittently fails when a motor starts. Include rail voltage, ground/reference, motor current or switching event, MCU reset line, and one digital interface. For each measurement, state the hypothesis it tests and the evidence that would change your diagnosis.",Required semantic task SEM-C3-03-077; required primary lesson gate; v16.3 integrated lesson checks; Week 3 mastery/teach-back.,Correct auto-graded lesson checks where applicable; topic-specific constructed-response/performance evidence; changed-context practice; weekly cumulative mastery; physical evidence when required.,"LAB-011: Conversion work, Boolean expression, truth table, schematic, voltage/logic capture, debounce or floating-input observation, and conclusion. Physical proficiency is credited only on the physical route.",LAB-011,16.3,PASS,Career integration: hypothesis-driven measurement and instruments,SEM-C3-03-077,"Correct DMM use; Bench supply current-limit diagnostic; Scope setup and waveform measurements; Logic analyzer sample/threshold/channel/decode setup; Measurement limitations; Instrument chosen from hypothesis, not random probing",w03-measurement-plan,Career
Career,C6.4,"Use bitwise AND, OR, XOR, shifts, and masks to inspect or modify individual bits.",C6,C Programming Fundamentals,14,Write and debug small C programs methodically,W14-CAREER-v16.3 · Career integration: C programming as testable technical work,"v16.3 integrated lesson: subject-specific technical instruction, instructional visual, worked examples, guided practice, changed independent scenario, knowledge checks, and required semantic evidence.","Trace a loop that sums five `uint16_t` values and state the value after each iteration. | Given `int x=7; int *p=&x; *p=10;`, explain x, p, &x, and *p in plain language. | Classify bugs as compile/link/runtime/logic/memory and choose an observation method for each.","Write a small C program that parses four comma-separated integer values from a fixed test string, validates range, stores them in an array, computes min/max/average, and returns a clear error for malformed input. Create at least three test cases, including an out-of-range value and missing field, then explain one debugger or logging strategy for a failed case.",Required semantic task SEM-C6-14-080; required primary lesson gate; v16.3 integrated lesson checks; Week 14 mastery/teach-back.,Correct auto-graded lesson checks where applicable; topic-specific constructed-response/performance evidence; changed-context practice; weekly cumulative mastery; physical evidence when required.,"LAB-011: Conversion work, Boolean expression, truth table, schematic, voltage/logic capture, debounce or floating-input observation, and conclusion. Physical proficiency is credited only on the physical route.",LAB-011,16.3,PASS,Career integration: C programming as testable technical work,SEM-C6-14-080,Expressions/control flow; Functions/prototypes/scope; Arrays/strings/structs/enums/pointers and lifetimes; Bitwise masks/shifts; Common defect classes; Warnings and methodical debugging,w14-c-memory,Career
Career,C7.1,"Explain the role of CPU, registers, memory, peripherals, clocking, interrupts, and buses in a microcontroller system.",C7,Embedded C & MCU Architecture,15,"Responsive embedded architecture, volatile, and timing choices","W15-CAREER-v16.3 · Career integration: embedded C, MCU architecture, and nonblocking design","v16.3 integrated lesson: subject-specific technical instruction, instructional visual, worked examples, guided practice, changed independent scenario, knowledge checks, and required semantic evidence.","Convert a 1 MHz timer clock into tick period and determine how many ticks represent 250 us. | Write a three-state machine for IDLE -> MEASURE -> REPORT with explicit transition conditions. | Decide whether each variable should be `volatile`: local loop counter, memory-mapped register, interrupt-updated flag, constant lookup table. Explain why.","Refactor a blocking embedded example into a state-machine or elapsed-time design with at least two concurrent responsibilities, such as LED heartbeat plus sensor sampling or UART command handling. Define timing requirements, state variables, error/recovery state, and external evidence that proves neither responsibility starves the other.",Required semantic task SEM-C7-15-081; required primary lesson gate; v16.3 integrated lesson checks; Week 15 mastery/teach-back.,Correct auto-graded lesson checks where applicable; topic-specific constructed-response/performance evidence; changed-context practice; weekly cumulative mastery; physical evidence when required.,"LAB-011: Conversion work, Boolean expression, truth table, schematic, voltage/logic capture, debounce or floating-input observation, and conclusion. Physical proficiency is credited only on the physical route.",LAB-011,16.3,PASS,"Career integration: embedded C, MCU architecture, and nonblocking design",SEM-C7-15-081,CPU/register/memory/peripheral/clock/interrupt/bus roles; Fixed-width and volatile use/limits; Mask/read-modify-write preserving unrelated bits; Nonblocking state machine; Polling vs interrupt decision; Layer hardware/application/diagnostic responsibilities,w15-state-machine,Career
CETa,1.6,List tools hazards which are associated with technician activities in the workplace and in the field,1,Safety Precautions,1,The four quantities and the circuit they describe,"W01-CETA-v16.3 · ESD, technician tool hazards, and PPE","v16.3 integrated lesson: subject-specific technical instruction, instructional visual, worked examples, guided practice, changed independent scenario, knowledge checks, and required semantic evidence.","A 3.3 V source is applied to 1.5 kOhm. Calculate current, then state whether 1 mA or 10 mA is the more sensible mental estimate before calculating. | A resistor carries 20 mA with 5 V across it. Find resistance and power. Keep units through every step. | Sketch a source, resistor, return path, and reference node. Mark where a voltmeter connects and where an ammeter would have to be inserted.","A 9 V battery powers an LED branch modeled for this exercise as a 2.0 V LED drop plus a series resistor. Choose a resistor that produces approximately 10 mA, calculate resistor power, choose a sensible resistor power rating, and explain what changes if the resistor is accidentally one tenth the intended value.",Required semantic task SEM-1-01-003; required primary lesson gate; v16.3 integrated lesson checks; Week 1 mastery/teach-back.,Correct auto-graded lesson checks where applicable; topic-specific constructed-response/performance evidence; changed-context practice; weekly cumulative mastery; physical evidence when required.,"LAB-012: Safety/ESD setup, defect inspection table, process record, before/after image or virtual analysis, electrical verification, and Git commit/reference. Physical proficiency is credited only on the physical route.",LAB-012,16.3,PASS,"ESD, technician tool hazards, and PPE",SEM-1-01-003,Explain why imperceptible ESD can damage CMOS; Name mat/strap/packaging/handling controls; State that ESD straps are governed by energized-work safety rules; Identify at least three non-ESD technician hazards; Explain that PPE follows hazard assessment and does not replace isolation or correct tools,w01-dc-quantities,CETa
CETa,1.10,Explain personal protection needed by technicians:,1,Safety Precautions,1,The four quantities and the circuit they describe,"W01-CETA-v16.3 · ESD, technician tool hazards, and PPE","v16.3 integrated lesson: subject-specific technical instruction, instructional visual, worked examples, guided practice, changed independent scenario, knowledge checks, and required semantic evidence.","A 3.3 V source is applied to 1.5 kOhm. Calculate current, then state whether 1 mA or 10 mA is the more sensible mental estimate before calculating. | A resistor carries 20 mA with 5 V across it. Find resistance and power. Keep units through every step. | Sketch a source, resistor, return path, and reference node. Mark where a voltmeter connects and where an ammeter would have to be inserted.","A 9 V battery powers an LED branch modeled for this exercise as a 2.0 V LED drop plus a series resistor. Choose a resistor that produces approximately 10 mA, calculate resistor power, choose a sensible resistor power rating, and explain what changes if the resistor is accidentally one tenth the intended value.",Required semantic task SEM-1-01-003; required primary lesson gate; v16.3 integrated lesson checks; Week 1 mastery/teach-back.,Correct auto-graded lesson checks where applicable; topic-specific constructed-response/performance evidence; changed-context practice; weekly cumulative mastery; physical evidence when required.,"LAB-012: Safety/ESD setup, defect inspection table, process record, before/after image or virtual analysis, electrical verification, and Git commit/reference. Physical proficiency is credited only on the physical route.",LAB-012,16.3,PASS,"ESD, technician tool hazards, and PPE",SEM-1-01-003,Explain why imperceptible ESD can damage CMOS; Name mat/strap/packaging/handling controls; State that ESD straps are governed by energized-work safety rules; Identify at least three non-ESD technician hazards; Explain that PPE follows hazard assessment and does not replace isolation or correct tools,w01-dc-quantities,CETa
CETa,5.1,Describe solder safety as it pertains to burns and potential fires or damage to facilities or customer products,5,Soldering - Desoldering Tools,12,ESD control and solder/rework fundamentals,"W12-CETA-v16.3 · Solder safety, fumes, splatter, flux, and alloy choice","v16.3 integrated lesson: subject-specific technical instruction, instructional visual, worked examples, guided practice, changed independent scenario, knowledge checks, and required semantic evidence.","List the purpose of flux, correct heat transfer, solder wick, magnification, and ESD controls in a rework operation. | Classify three cases: solder bridge between adjacent pads, lifted pad after overheating, and insufficient wetting around a lead. For each, name the likely risk and a safe next action. | Explain why a random jumper wire may be unacceptable for a damaged high-speed PCB trace even if continuity is restored.","Using a practice board or detailed inspection images, create a workmanship report for five joints/features. For each, record observed evidence, accept/rework/escalate decision, likely process cause, and required electrical verification. If physical rework is available and approved, correct one low-risk defect and document before/after evidence plus continuity/no-short verification.",Required semantic task SEM-5-12-022; required primary lesson gate; v16.3 integrated lesson checks; Week 12 mastery/teach-back.,Correct auto-graded lesson checks where applicable; topic-specific constructed-response/performance evidence; changed-context practice; weekly cumulative mastery; physical evidence when required.,"LAB-012: Safety/ESD setup, defect inspection table, process record, before/after image or virtual analysis, electrical verification, and Git commit/reference. Physical proficiency is credited only on the physical route.",LAB-012,16.3,PASS,"Solder safety, fumes, splatter, flux, and alloy choice",SEM-5-12-022,Identify hot-tool/fire/splatter controls; Distinguish flux fumes from lead contamination route; Require hand washing/clean bench for lead-bearing solder; Explain flux removes oxides and improves wetting; Explain alloy/process temperature/compatibility tradeoffs,w12-solder-rework,CETa
CETa,5.2,Explain the cause of solder fumes and the effects of lead poisoning,5,Soldering - Desoldering Tools,12,ESD control and solder/rework fundamentals,"W12-CETA-v16.3 · Solder safety, fumes, splatter, flux, and alloy choice","v16.3 integrated lesson: subject-specific technical instruction, instructional visual, worked examples, guided practice, changed independent scenario, knowledge checks, and required semantic evidence.","List the purpose of flux, correct heat transfer, solder wick, magnification, and ESD controls in a rework operation. | Classify three cases: solder bridge between adjacent pads, lifted pad after overheating, and insufficient wetting around a lead. For each, name the likely risk and a safe next action. | Explain why a random jumper wire may be unacceptable for a damaged high-speed PCB trace even if continuity is restored.","Using a practice board or detailed inspection images, create a workmanship report for five joints/features. For each, record observed evidence, accept/rework/escalate decision, likely process cause, and required electrical verification. If physical rework is available and approved, correct one low-risk defect and document before/after evidence plus continuity/no-short verification.",Required semantic task SEM-5-12-022; required primary lesson gate; v16.3 integrated lesson checks; Week 12 mastery/teach-back.,Correct auto-graded lesson checks where applicable; topic-specific constructed-response/performance evidence; changed-context practice; weekly cumulative mastery; physical evidence when required.,"LAB-012: Safety/ESD setup, defect inspection table, process record, before/after image or virtual analysis, electrical verification, and Git commit/reference. Physical proficiency is credited only on the physical route.",LAB-012,16.3,PASS,"Solder safety, fumes, splatter, flux, and alloy choice",SEM-5-12-022,Identify hot-tool/fire/splatter controls; Distinguish flux fumes from lead contamination route; Require hand washing/clean bench for lead-bearing solder; Explain flux removes oxides and improves wetting; Explain alloy/process temperature/compatibility tradeoffs,w12-solder-rework,CETa
CETa,5.3,List causes and precautions to prevent or reduce solder splatter,5,Soldering - Desoldering Tools,12,ESD control and solder/rework fundamentals,"W12-CETA-v16.3 · Solder safety, fumes, splatter, flux, and alloy choice","v16.3 integrated lesson: subject-specific technical instruction, instructional visual, worked examples, guided practice, changed independent scenario, knowledge checks, and required semantic evidence.","List the purpose of flux, correct heat transfer, solder wick, magnification, and ESD controls in a rework operation. | Classify three cases: solder bridge between adjacent pads, lifted pad after overheating, and insufficient wetting around a lead. For each, name the likely risk and a safe next action. | Explain why a random jumper wire may be unacceptable for a damaged high-speed PCB trace even if continuity is restored.","Using a practice board or detailed inspection images, create a workmanship report for five joints/features. For each, record observed evidence, accept/rework/escalate decision, likely process cause, and required electrical verification. If physical rework is available and approved, correct one low-risk defect and document before/after evidence plus continuity/no-short verification.",Required semantic task SEM-5-12-022; required primary lesson gate; v16.3 integrated lesson checks; Week 12 mastery/teach-back.,Correct auto-graded lesson checks where applicable; topic-specific constructed-response/performance evidence; changed-context practice; weekly cumulative mastery; physical evidence when required.,"LAB-012: Safety/ESD setup, defect inspection table, process record, before/after image or virtual analysis, electrical verification, and Git commit/reference. Physical proficiency is credited only on the physical route.",LAB-012,16.3,PASS,"Solder safety, fumes, splatter, flux, and alloy choice",SEM-5-12-022,Identify hot-tool/fire/splatter controls; Distinguish flux fumes from lead contamination route; Require hand washing/clean bench for lead-bearing solder; Explain flux removes oxides and improves wetting; Explain alloy/process temperature/compatibility tradeoffs,w12-solder-rework,CETa
CETa,5.4,Explain the reasons for flux usage and describe types,5,Soldering - Desoldering Tools,12,ESD control and solder/rework fundamentals,"W12-CETA-v16.3 · Solder safety, fumes, splatter, flux, and alloy choice","v16.3 integrated lesson: subject-specific technical instruction, instructional visual, worked examples, guided practice, changed independent scenario, knowledge checks, and required semantic evidence.","List the purpose of flux, correct heat transfer, solder wick, magnification, and ESD controls in a rework operation. | Classify three cases: solder bridge between adjacent pads, lifted pad after overheating, and insufficient wetting around a lead. For each, name the likely risk and a safe next action. | Explain why a random jumper wire may be unacceptable for a damaged high-speed PCB trace even if continuity is restored.","Using a practice board or detailed inspection images, create a workmanship report for five joints/features. For each, record observed evidence, accept/rework/escalate decision, likely process cause, and required electrical verification. If physical rework is available and approved, correct one low-risk defect and document before/after evidence plus continuity/no-short verification.",Required semantic task SEM-5-12-022; required primary lesson gate; v16.3 integrated lesson checks; Week 12 mastery/teach-back.,Correct auto-graded lesson checks where applicable; topic-specific constructed-response/performance evidence; changed-context practice; weekly cumulative mastery; physical evidence when required.,"LAB-012: Safety/ESD setup, defect inspection table, process record, before/after image or virtual analysis, electrical verification, and Git commit/reference. Physical proficiency is credited only on the physical route.",LAB-012,16.3,PASS,"Solder safety, fumes, splatter, flux, and alloy choice",SEM-5-12-022,Identify hot-tool/fire/splatter controls; Distinguish flux fumes from lead contamination route; Require hand washing/clean bench for lead-bearing solder; Explain flux removes oxides and improves wetting; Explain alloy/process temperature/compatibility tradeoffs,w12-solder-rework,CETa
CETa,5.5,List types of solder and reasons for choosing each,5,Soldering - Desoldering Tools,12,ESD control and solder/rework fundamentals,"W12-CETA-v16.3 · Solder safety, fumes, splatter, flux, and alloy choice","v16.3 integrated lesson: subject-specific technical instruction, instructional visual, worked examples, guided practice, changed independent scenario, knowledge checks, and required semantic evidence.","List the purpose of flux, correct heat transfer, solder wick, magnification, and ESD controls in a rework operation. | Classify three cases: solder bridge between adjacent pads, lifted pad after overheating, and insufficient wetting around a lead. For each, name the likely risk and a safe next action. | Explain why a random jumper wire may be unacceptable for a damaged high-speed PCB trace even if continuity is restored.","Using a practice board or detailed inspection images, create a workmanship report for five joints/features. For each, record observed evidence, accept/rework/escalate decision, likely process cause, and required electrical verification. If physical rework is available and approved, correct one low-risk defect and document before/after evidence plus continuity/no-short verification.",Required semantic task SEM-5-12-022; required primary lesson gate; v16.3 integrated lesson checks; Week 12 mastery/teach-back.,Correct auto-graded lesson checks where applicable; topic-specific constructed-response/performance evidence; changed-context practice; weekly cumulative mastery; physical evidence when required.,"LAB-012: Safety/ESD setup, defect inspection table, process record, before/after image or virtual analysis, electrical verification, and Git commit/reference. Physical proficiency is credited only on the physical route.",LAB-012,16.3,PASS,"Solder safety, fumes, splatter, flux, and alloy choice",SEM-5-12-022,Identify hot-tool/fire/splatter controls; Distinguish flux fumes from lead contamination route; Require hand washing/clean bench for lead-bearing solder; Explain flux removes oxides and improves wetting; Explain alloy/process temperature/compatibility tradeoffs,w12-solder-rework,CETa
CETa,5.6,"Explain heat shunts (clip-on heat sinks), why and how they are used",5,Soldering - Desoldering Tools,12,ESD control and solder/rework fundamentals,"W12-CETA-v16.3 · Heat shunts, cold joints, and good mechanical/electrical connections","v16.3 integrated lesson: subject-specific technical instruction, instructional visual, worked examples, guided practice, changed independent scenario, knowledge checks, and required semantic evidence.","List the purpose of flux, correct heat transfer, solder wick, magnification, and ESD controls in a rework operation. | Classify three cases: solder bridge between adjacent pads, lifted pad after overheating, and insufficient wetting around a lead. For each, name the likely risk and a safe next action. | Explain why a random jumper wire may be unacceptable for a damaged high-speed PCB trace even if continuity is restored.","Using a practice board or detailed inspection images, create a workmanship report for five joints/features. For each, record observed evidence, accept/rework/escalate decision, likely process cause, and required electrical verification. If physical rework is available and approved, correct one low-risk defect and document before/after evidence plus continuity/no-short verification.",Required semantic task SEM-5-12-023; required primary lesson gate; v16.3 integrated lesson checks; Week 12 mastery/teach-back.,Correct auto-graded lesson checks where applicable; topic-specific constructed-response/performance evidence; changed-context practice; weekly cumulative mastery; physical evidence when required.,"LAB-012: Safety/ESD setup, defect inspection table, process record, before/after image or virtual analysis, electrical verification, and Git commit/reference. Physical proficiency is credited only on the physical route.",LAB-012,16.3,PASS,"Heat shunts, cold joints, and good mechanical/electrical connections",SEM-5-12-023,Explain when/how a heat shunt may protect a component; Identify causes of cold/disturbed joints; Describe wetting and joint-geometry indicators; Distinguish mechanical support from electrical continuity; Recognize overheating/pad-lift/bridge risks,w12-solder-rework,CETa
CETa,5.7,Identify cold solder joints and explain causes,5,Soldering - Desoldering Tools,12,ESD control and solder/rework fundamentals,"W12-CETA-v16.3 · Heat shunts, cold joints, and good mechanical/electrical connections","v16.3 integrated lesson: subject-specific technical instruction, instructional visual, worked examples, guided practice, changed independent scenario, knowledge checks, and required semantic evidence.","List the purpose of flux, correct heat transfer, solder wick, magnification, and ESD controls in a rework operation. | Classify three cases: solder bridge between adjacent pads, lifted pad after overheating, and insufficient wetting around a lead. For each, name the likely risk and a safe next action. | Explain why a random jumper wire may be unacceptable for a damaged high-speed PCB trace even if continuity is restored.","Using a practice board or detailed inspection images, create a workmanship report for five joints/features. For each, record observed evidence, accept/rework/escalate decision, likely process cause, and required electrical verification. If physical rework is available and approved, correct one low-risk defect and document before/after evidence plus continuity/no-short verification.",Required semantic task SEM-5-12-023; required primary lesson gate; v16.3 integrated lesson checks; Week 12 mastery/teach-back.,Correct auto-graded lesson checks where applicable; topic-specific constructed-response/performance evidence; changed-context practice; weekly cumulative mastery; physical evidence when required.,"LAB-012: Safety/ESD setup, defect inspection table, process record, before/after image or virtual analysis, electrical verification, and Git commit/reference. Physical proficiency is credited only on the physical route.",LAB-012,16.3,PASS,"Heat shunts, cold joints, and good mechanical/electrical connections",SEM-5-12-023,Explain when/how a heat shunt may protect a component; Identify causes of cold/disturbed joints; Describe wetting and joint-geometry indicators; Distinguish mechanical support from electrical continuity; Recognize overheating/pad-lift/bridge risks,w12-solder-rework,CETa
CETa,5.8,Describe the differences between good and bad mechanical and electrical solder connections,5,Soldering - Desoldering Tools,12,ESD control and solder/rework fundamentals,"W12-CETA-v16.3 · Heat shunts, cold joints, and good mechanical/electrical connections","v16.3 integrated lesson: subject-specific technical instruction, instructional visual, worked examples, guided practice, changed independent scenario, knowledge checks, and required semantic evidence.","List the purpose of flux, correct heat transfer, solder wick, magnification, and ESD controls in a rework operation. | Classify three cases: solder bridge between adjacent pads, lifted pad after overheating, and insufficient wetting around a lead. For each, name the likely risk and a safe next action. | Explain why a random jumper wire may be unacceptable for a damaged high-speed PCB trace even if continuity is restored.","Using a practice board or detailed inspection images, create a workmanship report for five joints/features. For each, record observed evidence, accept/rework/escalate decision, likely process cause, and required electrical verification. If physical rework is available and approved, correct one low-risk defect and document before/after evidence plus continuity/no-short verification.",Required semantic task SEM-5-12-023; required primary lesson gate; v16.3 integrated lesson checks; Week 12 mastery/teach-back.,Correct auto-graded lesson checks where applicable; topic-specific constructed-response/performance evidence; changed-context practice; weekly cumulative mastery; physical evidence when required.,"LAB-012: Safety/ESD setup, defect inspection table, process record, before/after image or virtual analysis, electrical verification, and Git commit/reference. Physical proficiency is credited only on the physical route.",LAB-012,16.3,PASS,"Heat shunts, cold joints, and good mechanical/electrical connections",SEM-5-12-023,Explain when/how a heat shunt may protect a component; Identify causes of cold/disturbed joints; Describe wetting and joint-geometry indicators; Distinguish mechanical support from electrical continuity; Recognize overheating/pad-lift/bridge risks,w12-solder-rework,CETa
CETa,5.8.1,"Explain basic handling procedures of surface mount (SMT), ball grid array (BGA), gold finger contacts on a printed circuit board (PCB)",5,Soldering - Desoldering Tools,12,ESD control and solder/rework fundamentals,W12-CETA-v16.3 · SMT/BGA handling and PCB pad/trace/PTH repair boundaries,"v16.3 integrated lesson: subject-specific technical instruction, instructional visual, worked examples, guided practice, changed independent scenario, knowledge checks, and required semantic evidence.","List the purpose of flux, correct heat transfer, solder wick, magnification, and ESD controls in a rework operation. | Classify three cases: solder bridge between adjacent pads, lifted pad after overheating, and insufficient wetting around a lead. For each, name the likely risk and a safe next action. | Explain why a random jumper wire may be unacceptable for a damaged high-speed PCB trace even if continuity is restored.","Using a practice board or detailed inspection images, create a workmanship report for five joints/features. For each, record observed evidence, accept/rework/escalate decision, likely process cause, and required electrical verification. If physical rework is available and approved, correct one low-risk defect and document before/after evidence plus continuity/no-short verification.",Required semantic task SEM-5-12-024; required primary lesson gate; v16.3 integrated lesson checks; Week 12 mastery/teach-back.,Correct auto-graded lesson checks where applicable; topic-specific constructed-response/performance evidence; changed-context practice; weekly cumulative mastery; physical evidence when required.,"LAB-012: Safety/ESD setup, defect inspection table, process record, before/after image or virtual analysis, electrical verification, and Git commit/reference. Physical proficiency is credited only on the physical route.",LAB-012,16.3,PASS,SMT/BGA handling and PCB pad/trace/PTH repair boundaries,SEM-5-12-024,"State ESD/handling/magnification/orientation controls for SMT; Explain why BGA rework requires controlled process/equipment; Distinguish pad, PTH and trace damage; Require restoration of correct net/clearance/mechanical stability; Verify continuity and isolation after repair",w12-solder-rework,CETa
CETa,5.8.2,"Explain basic procedures for pad repairs (SMT, BGA), plated through hole (PTH), and PCB trace repair",5,Soldering - Desoldering Tools,12,ESD control and solder/rework fundamentals,W12-CETA-v16.3 · SMT/BGA handling and PCB pad/trace/PTH repair boundaries,"v16.3 integrated lesson: subject-specific technical instruction, instructional visual, worked examples, guided practice, changed independent scenario, knowledge checks, and required semantic evidence.","List the purpose of flux, correct heat transfer, solder wick, magnification, and ESD controls in a rework operation. | Classify three cases: solder bridge between adjacent pads, lifted pad after overheating, and insufficient wetting around a lead. For each, name the likely risk and a safe next action. | Explain why a random jumper wire may be unacceptable for a damaged high-speed PCB trace even if continuity is restored.","Using a practice board or detailed inspection images, create a workmanship report for five joints/features. For each, record observed evidence, accept/rework/escalate decision, likely process cause, and required electrical verification. If physical rework is available and approved, correct one low-risk defect and document before/after evidence plus continuity/no-short verification.",Required semantic task SEM-5-12-024; required primary lesson gate; v16.3 integrated lesson checks; Week 12 mastery/teach-back.,Correct auto-graded lesson checks where applicable; topic-specific constructed-response/performance evidence; changed-context practice; weekly cumulative mastery; physical evidence when required.,"LAB-012: Safety/ESD setup, defect inspection table, process record, before/after image or virtual analysis, electrical verification, and Git commit/reference. Physical proficiency is credited only on the physical route.",LAB-012,16.3,PASS,SMT/BGA handling and PCB pad/trace/PTH repair boundaries,SEM-5-12-024,"State ESD/handling/magnification/orientation controls for SMT; Explain why BGA rework requires controlled process/equipment; Distinguish pad, PTH and trace damage; Require restoration of correct net/clearance/mechanical stability; Verify continuity and isolation after repair",w12-solder-rework,CETa
CETa,5.9,Describe proper care of solder and de-solder equipment and aids,5,Soldering - Desoldering Tools,12,ESD control and solder/rework fundamentals,"W12-CETA-v16.3 · Desoldering principles, equipment care, and solder wick","v16.3 integrated lesson: subject-specific technical instruction, instructional visual, worked examples, guided practice, changed independent scenario, knowledge checks, and required semantic evidence.","List the purpose of flux, correct heat transfer, solder wick, magnification, and ESD controls in a rework operation. | Classify three cases: solder bridge between adjacent pads, lifted pad after overheating, and insufficient wetting around a lead. For each, name the likely risk and a safe next action. | Explain why a random jumper wire may be unacceptable for a damaged high-speed PCB trace even if continuity is restored.","Using a practice board or detailed inspection images, create a workmanship report for five joints/features. For each, record observed evidence, accept/rework/escalate decision, likely process cause, and required electrical verification. If physical rework is available and approved, correct one low-risk defect and document before/after evidence plus continuity/no-short verification.",Required semantic task SEM-5-12-025; required primary lesson gate; v16.3 integrated lesson checks; Week 12 mastery/teach-back.,Correct auto-graded lesson checks where applicable; topic-specific constructed-response/performance evidence; changed-context practice; weekly cumulative mastery; physical evidence when required.,"LAB-012: Safety/ESD setup, defect inspection table, process record, before/after image or virtual analysis, electrical verification, and Git commit/reference. Physical proficiency is credited only on the physical route.",LAB-012,16.3,PASS,"Desoldering principles, equipment care, and solder wick",SEM-5-12-025,"Explain reflow-before-removal principle; Name pump/vacuum/hot-air/wick tool roles; Explain capillary action of solder wick; Describe flux/fresh-braid/heat/lift-together sequence; Identify prying, scrubbing and excessive dwell as damage risks",w12-solder-rework,CETa
CETa,5.10,Explain de-soldering principles,5,Soldering - Desoldering Tools,12,ESD control and solder/rework fundamentals,"W12-CETA-v16.3 · Desoldering principles, equipment care, and solder wick","v16.3 integrated lesson: subject-specific technical instruction, instructional visual, worked examples, guided practice, changed independent scenario, knowledge checks, and required semantic evidence.","List the purpose of flux, correct heat transfer, solder wick, magnification, and ESD controls in a rework operation. | Classify three cases: solder bridge between adjacent pads, lifted pad after overheating, and insufficient wetting around a lead. For each, name the likely risk and a safe next action. | Explain why a random jumper wire may be unacceptable for a damaged high-speed PCB trace even if continuity is restored.","Using a practice board or detailed inspection images, create a workmanship report for five joints/features. For each, record observed evidence, accept/rework/escalate decision, likely process cause, and required electrical verification. If physical rework is available and approved, correct one low-risk defect and document before/after evidence plus continuity/no-short verification.",Required semantic task SEM-5-12-025; required primary lesson gate; v16.3 integrated lesson checks; Week 12 mastery/teach-back.,Correct auto-graded lesson checks where applicable; topic-specific constructed-response/performance evidence; changed-context practice; weekly cumulative mastery; physical evidence when required.,"LAB-012: Safety/ESD setup, defect inspection table, process record, before/after image or virtual analysis, electrical verification, and Git commit/reference. Physical proficiency is credited only on the physical route.",LAB-012,16.3,PASS,"Desoldering principles, equipment care, and solder wick",SEM-5-12-025,"Explain reflow-before-removal principle; Name pump/vacuum/hot-air/wick tool roles; Explain capillary action of solder wick; Describe flux/fresh-braid/heat/lift-together sequence; Identify prying, scrubbing and excessive dwell as damage risks",w12-solder-rework,CETa
CETa,5.11,Describe various types of de-soldering equipment and how it is used,5,Soldering - Desoldering Tools,12,ESD control and solder/rework fundamentals,"W12-CETA-v16.3 · Desoldering principles, equipment care, and solder wick","v16.3 integrated lesson: subject-specific technical instruction, instructional visual, worked examples, guided practice, changed independent scenario, knowledge checks, and required semantic evidence.","List the purpose of flux, correct heat transfer, solder wick, magnification, and ESD controls in a rework operation. | Classify three cases: solder bridge between adjacent pads, lifted pad after overheating, and insufficient wetting around a lead. For each, name the likely risk and a safe next action. | Explain why a random jumper wire may be unacceptable for a damaged high-speed PCB trace even if continuity is restored.","Using a practice board or detailed inspection images, create a workmanship report for five joints/features. For each, record observed evidence, accept/rework/escalate decision, likely process cause, and required electrical verification. If physical rework is available and approved, correct one low-risk defect and document before/after evidence plus continuity/no-short verification.",Required semantic task SEM-5-12-025; required primary lesson gate; v16.3 integrated lesson checks; Week 12 mastery/teach-back.,Correct auto-graded lesson checks where applicable; topic-specific constructed-response/performance evidence; changed-context practice; weekly cumulative mastery; physical evidence when required.,"LAB-012: Safety/ESD setup, defect inspection table, process record, before/after image or virtual analysis, electrical verification, and Git commit/reference. Physical proficiency is credited only on the physical route.",LAB-012,16.3,PASS,"Desoldering principles, equipment care, and solder wick",SEM-5-12-025,"Explain reflow-before-removal principle; Name pump/vacuum/hot-air/wick tool roles; Explain capillary action of solder wick; Describe flux/fresh-braid/heat/lift-together sequence; Identify prying, scrubbing and excessive dwell as damage risks",w12-solder-rework,CETa
CETa,5.12,Demonstrate the use of solder-wick,5,Soldering - Desoldering Tools,12,ESD control and solder/rework fundamentals,"W12-CETA-v16.3 · Desoldering principles, equipment care, and solder wick","v16.3 integrated lesson: subject-specific technical instruction, instructional visual, worked examples, guided practice, changed independent scenario, knowledge checks, and required semantic evidence.","List the purpose of flux, correct heat transfer, solder wick, magnification, and ESD controls in a rework operation. | Classify three cases: solder bridge between adjacent pads, lifted pad after overheating, and insufficient wetting around a lead. For each, name the likely risk and a safe next action. | Explain why a random jumper wire may be unacceptable for a damaged high-speed PCB trace even if continuity is restored.","Using a practice board or detailed inspection images, create a workmanship report for five joints/features. For each, record observed evidence, accept/rework/escalate decision, likely process cause, and required electrical verification. If physical rework is available and approved, correct one low-risk defect and document before/after evidence plus continuity/no-short verification.",Required semantic task SEM-5-12-025; required primary lesson gate; v16.3 integrated lesson checks; Week 12 mastery/teach-back.,Correct auto-graded lesson checks where applicable; topic-specific constructed-response/performance evidence; changed-context practice; weekly cumulative mastery; physical evidence when required.,"LAB-012: Safety/ESD setup, defect inspection table, process record, before/after image or virtual analysis, electrical verification, and Git commit/reference. Physical proficiency is credited only on the physical route.",LAB-012,16.3,PASS,"Desoldering principles, equipment care, and solder wick",SEM-5-12-025,"Explain reflow-before-removal principle; Name pump/vacuum/hot-air/wick tool roles; Explain capillary action of solder wick; Describe flux/fresh-braid/heat/lift-together sequence; Identify prying, scrubbing and excessive dwell as damage risks",w12-solder-rework,CETa
Career,C1.5,"Choose PPE, ventilation, and tool practices appropriate to soldering, rework, cutting, crimping, and bench assembly.",C1,Bench Safety & ESD,1,"Safe bench setup, prediction, and measurement","W01-CAREER-v16.3 · Career integration: bench safety, ESD, pre-power control, and hazard logging","v16.3 integrated lesson: subject-specific technical instruction, instructional visual, worked examples, guided practice, changed independent scenario, knowledge checks, and required semantic evidence.","Write a pre-power checklist for a 3.3 V sensor breakout connected to a microcontroller board. Include voltage compatibility, polarity, ground reference, current limit, and expected idle current. | For a DMM with leads currently in COM and A jacks, describe exactly what must change before measuring 3.3 V across a rail. | A board draws 18 mA normally. The supply limit is 25 mA and the board enters CC mode after a new cable is connected. List two plausible setup causes and one safe test that distinguishes them.","You receive an unfamiliar low-voltage board and a 5 V bench supply. The board label says 3.3 V only and has no keyed power connector. Write the exact first-power procedure you would follow, including what documentation you would inspect, where you would establish ground, what current limit you would choose initially, what you would measure first, and your stop conditions.",Required semantic task SEM-C1-01-075; required primary lesson gate; v16.3 integrated lesson checks; Week 1 mastery/teach-back.,Correct auto-graded lesson checks where applicable; topic-specific constructed-response/performance evidence; changed-context practice; weekly cumulative mastery; physical evidence when required.,"LAB-012: Safety/ESD setup, defect inspection table, process record, before/after image or virtual analysis, electrical verification, and Git commit/reference. Physical proficiency is credited only on the physical route.",LAB-012,16.3,PASS,"Career integration: bench safety, ESD, pre-power control, and hazard logging",SEM-C1-01-075,Current limit and pre-power inspection; ESD and task-appropriate PPE/ventilation; Low-voltage versus qualified-work boundary; Explicit stop condition; C1.6 hazard-condition/risk/corrective-action/verification record,w01-bench-sequence,Career
Career,C4.1,"Identify acceptable and defective solder joints and explain likely causes of cold joints, bridges, insufficient wetting, and lifted pads.",C4,"Assembly, Soldering, Rework & Harnesses",12,Make physical changes traceable with Git and lab records,W12-CAREER-v16.3 · Career integration: solder/rework workmanship and harness evidence,"v16.3 integrated lesson: subject-specific technical instruction, instructional visual, worked examples, guided practice, changed independent scenario, knowledge checks, and required semantic evidence.","Write a good commit message and lab-note entry for replacing a 10 kOhm resistor with the correct 1 kOhm value after diagnosing a divider error. | Given a folder containing source code, oscilloscope PNGs, a password file, build outputs, and a test report, decide what belongs in version control and what should be excluded or handled differently. | Rewrite the sentence 'the solder joint was bad so I fixed it' into observation, interpretation, corrective action, and verification.","Perform or simulate one controlled hardware change and create a miniature evidence package: baseline description, change record, annotated before/after image or schematic, measurement/check, version-control commit or equivalent revision record, and a one-paragraph handoff explaining what is proven and what still requires physical verification.",Required semantic task SEM-C4-12-078; required primary lesson gate; v16.3 integrated lesson checks; Week 12 mastery/teach-back.,Correct auto-graded lesson checks where applicable; topic-specific constructed-response/performance evidence; changed-context practice; weekly cumulative mastery; physical evidence when required.,"LAB-012: Safety/ESD setup, defect inspection table, process record, before/after image or virtual analysis, electrical verification, and Git commit/reference. Physical proficiency is credited only on the physical route.",LAB-012,16.3,PASS,Career integration: solder/rework workmanship and harness evidence,SEM-C4-12-078,Identify solder defects/causes; Plan safe through-hole/SMT rework; Proper strip/crimp/strain relief; Pin/key/label continuity checks; Before/after evidence and measurements; Repair-versus-replace/escalate decision,w12-traceable-repair,Career
Career,C4.2,"Plan a safe through-hole or basic SMT rework sequence that minimizes heat, mechanical stress, and ESD exposure.",C4,"Assembly, Soldering, Rework & Harnesses",12,Make physical changes traceable with Git and lab records,W12-CAREER-v16.3 · Career integration: solder/rework workmanship and harness evidence,"v16.3 integrated lesson: subject-specific technical instruction, instructional visual, worked examples, guided practice, changed independent scenario, knowledge checks, and required semantic evidence.","Write a good commit message and lab-note entry for replacing a 10 kOhm resistor with the correct 1 kOhm value after diagnosing a divider error. | Given a folder containing source code, oscilloscope PNGs, a password file, build outputs, and a test report, decide what belongs in version control and what should be excluded or handled differently. | Rewrite the sentence 'the solder joint was bad so I fixed it' into observation, interpretation, corrective action, and verification.","Perform or simulate one controlled hardware change and create a miniature evidence package: baseline description, change record, annotated before/after image or schematic, measurement/check, version-control commit or equivalent revision record, and a one-paragraph handoff explaining what is proven and what still requires physical verification.",Required semantic task SEM-C4-12-078; required primary lesson gate; v16.3 integrated lesson checks; Week 12 mastery/teach-back.,Correct auto-graded lesson checks where applicable; topic-specific constructed-response/performance evidence; changed-context practice; weekly cumulative mastery; physical evidence when required.,"LAB-012: Safety/ESD setup, defect inspection table, process record, before/after image or virtual analysis, electrical verification, and Git commit/reference. Physical proficiency is credited only on the physical route.",LAB-012,16.3,PASS,Career integration: solder/rework workmanship and harness evidence,SEM-C4-12-078,Identify solder defects/causes; Plan safe through-hole/SMT rework; Proper strip/crimp/strain relief; Pin/key/label continuity checks; Before/after evidence and measurements; Repair-versus-replace/escalate decision,w12-traceable-repair,Career
Career,C4.5,"Document rework with before/after evidence, component orientation, and verification measurements.",C4,"Assembly, Soldering, Rework & Harnesses",12,Make physical changes traceable with Git and lab records,W12-CAREER-v16.3 · Career integration: solder/rework workmanship and harness evidence,"v16.3 integrated lesson: subject-specific technical instruction, instructional visual, worked examples, guided practice, changed independent scenario, knowledge checks, and required semantic evidence.","Write a good commit message and lab-note entry for replacing a 10 kOhm resistor with the correct 1 kOhm value after diagnosing a divider error. | Given a folder containing source code, oscilloscope PNGs, a password file, build outputs, and a test report, decide what belongs in version control and what should be excluded or handled differently. | Rewrite the sentence 'the solder joint was bad so I fixed it' into observation, interpretation, corrective action, and verification.","Perform or simulate one controlled hardware change and create a miniature evidence package: baseline description, change record, annotated before/after image or schematic, measurement/check, version-control commit or equivalent revision record, and a one-paragraph handoff explaining what is proven and what still requires physical verification.",Required semantic task SEM-C4-12-078; required primary lesson gate; v16.3 integrated lesson checks; Week 12 mastery/teach-back.,Correct auto-graded lesson checks where applicable; topic-specific constructed-response/performance evidence; changed-context practice; weekly cumulative mastery; physical evidence when required.,"LAB-012: Safety/ESD setup, defect inspection table, process record, before/after image or virtual analysis, electrical verification, and Git commit/reference. Physical proficiency is credited only on the physical route.",LAB-012,16.3,PASS,Career integration: solder/rework workmanship and harness evidence,SEM-C4-12-078,Identify solder defects/causes; Plan safe through-hole/SMT rework; Proper strip/crimp/strain relief; Pin/key/label continuity checks; Before/after evidence and measurements; Repair-versus-replace/escalate decision,w12-traceable-repair,Career
Career,C4.6,"Explain when a damaged pad, trace, connector, or harness should be repaired, replaced, or escalated rather than improvised.",C4,"Assembly, Soldering, Rework & Harnesses",12,Make physical changes traceable with Git and lab records,W12-CAREER-v16.3 · Career integration: solder/rework workmanship and harness evidence,"v16.3 integrated lesson: subject-specific technical instruction, instructional visual, worked examples, guided practice, changed independent scenario, knowledge checks, and required semantic evidence.","Write a good commit message and lab-note entry for replacing a 10 kOhm resistor with the correct 1 kOhm value after diagnosing a divider error. | Given a folder containing source code, oscilloscope PNGs, a password file, build outputs, and a test report, decide what belongs in version control and what should be excluded or handled differently. | Rewrite the sentence 'the solder joint was bad so I fixed it' into observation, interpretation, corrective action, and verification.","Perform or simulate one controlled hardware change and create a miniature evidence package: baseline description, change record, annotated before/after image or schematic, measurement/check, version-control commit or equivalent revision record, and a one-paragraph handoff explaining what is proven and what still requires physical verification.",Required semantic task SEM-C4-12-078; required primary lesson gate; v16.3 integrated lesson checks; Week 12 mastery/teach-back.,Correct auto-graded lesson checks where applicable; topic-specific constructed-response/performance evidence; changed-context practice; weekly cumulative mastery; physical evidence when required.,"LAB-012: Safety/ESD setup, defect inspection table, process record, before/after image or virtual analysis, electrical verification, and Git commit/reference. Physical proficiency is credited only on the physical route.",LAB-012,16.3,PASS,Career integration: solder/rework workmanship and harness evidence,SEM-C4-12-078,Identify solder defects/causes; Plan safe through-hole/SMT rework; Proper strip/crimp/strain relief; Pin/key/label continuity checks; Before/after evidence and measurements; Repair-versus-replace/escalate decision,w12-traceable-repair,Career
Career,C12.1,Use Git commits and branches to preserve meaningful firmware/test-script history and make changes reviewable.,C12,Engineering Workflow & Documentation,22,Write requirements and verification before building,"W22-CAREER-v16.3 · Career integration: Git, command line, lab notes, reports, and technical handoff","v16.3 integrated lesson: subject-specific technical instruction, instructional visual, worked examples, guided practice, changed independent scenario, knowledge checks, and required semantic evidence.","Rewrite 'the UART should be fast' into a measurable requirement with baud/response-time/error behavior. | Classify four activities as verification, validation, characterization, or troubleshooting. | Create a three-row requirement-to-test matrix for an MCU + sensor + UART project.","Define the first version of Project 1 using 5-10 measurable requirements, a block diagram, interface table, BOM, risk list, and trace matrix. Every requirement must have at least one planned verification method. Remove or backlog any feature that cannot be tied to the current project goal or tested with available equipment.",Required semantic task SEM-C12-22-086; required primary lesson gate; v16.3 integrated lesson checks; Week 22 mastery/teach-back.,Correct auto-graded lesson checks where applicable; topic-specific constructed-response/performance evidence; changed-context practice; weekly cumulative mastery; physical evidence when required.,"LAB-012: Safety/ESD setup, defect inspection table, process record, before/after image or virtual analysis, electrical verification, and Git commit/reference. Physical proficiency is credited only on the physical route.",LAB-012,16.3,PASS,"Career integration: Git, command line, lab notes, reports, and technical handoff",SEM-C12-22-086,Meaningful Git commits/branches; Repeatable command-line/project structure; Complete dated lab notes; Purpose/setup/method/results/conclusion/risks report; Fact-based engineer handoff with precise question; Organized versioned units/files/screenshots/code/schematics/evidence,w22-requirement-trace,Career
Career,C12.6,"Keep filenames, versions, units, screenshots, code, schematics, and evidence organized so a future reviewer can reconstruct the work.",C12,Engineering Workflow & Documentation,22,Write requirements and verification before building,"W22-CAREER-v16.3 · Career integration: Git, command line, lab notes, reports, and technical handoff","v16.3 integrated lesson: subject-specific technical instruction, instructional visual, worked examples, guided practice, changed independent scenario, knowledge checks, and required semantic evidence.","Rewrite 'the UART should be fast' into a measurable requirement with baud/response-time/error behavior. | Classify four activities as verification, validation, characterization, or troubleshooting. | Create a three-row requirement-to-test matrix for an MCU + sensor + UART project.","Define the first version of Project 1 using 5-10 measurable requirements, a block diagram, interface table, BOM, risk list, and trace matrix. Every requirement must have at least one planned verification method. Remove or backlog any feature that cannot be tied to the current project goal or tested with available equipment.",Required semantic task SEM-C12-22-086; required primary lesson gate; v16.3 integrated lesson checks; Week 22 mastery/teach-back.,Correct auto-graded lesson checks where applicable; topic-specific constructed-response/performance evidence; changed-context practice; weekly cumulative mastery; physical evidence when required.,"LAB-012: Safety/ESD setup, defect inspection table, process record, before/after image or virtual analysis, electrical verification, and Git commit/reference. Physical proficiency is credited only on the physical route.",LAB-012,16.3,PASS,"Career integration: Git, command line, lab notes, reports, and technical handoff",SEM-C12-22-086,Meaningful Git commits/branches; Repeatable command-line/project structure; Complete dated lab notes; Purpose/setup/method/results/conclusion/risks report; Fact-based engineer handoff with precise question; Organized versioned units/files/screenshots/code/schematics/evidence,w22-requirement-trace,Career
CETa,6.1,Describe common electrical/electronic symbols,6,Block Diagrams - Schematics - Wiring Diagrams,13,Read diagram types and turn symbols into behavior,"W13-CETA-v16.3 · Symbols, schematic/wiring/block diagrams, drafting conventions, and IC pinouts","v16.3 integrated lesson: subject-specific technical instruction, instructional visual, worked examples, guided practice, changed independent scenario, knowledge checks, and required semantic evidence.","Given four diagram types—schematic, wiring, block, PCB layout—state one question each answers well and one question it does not answer well. | Trace a simple power-to-load schematic and choose three useful test points. Write the expected quantity at each. | Use an IC datasheet pin table to map a schematic net name to package pin and explain why package orientation must be verified.","Take an unfamiliar but simple open-source circuit schematic. Build a block diagram with 3-5 functional stages, mark power/reference, identify three test points, and write one expected observation at each. Then choose one hypothetical output failure and show how forward, backward, or half-split tracing would narrow the fault region.",Required semantic task SEM-6-13-026; required primary lesson gate; v16.3 integrated lesson checks; Week 13 mastery/teach-back.,Correct auto-graded lesson checks where applicable; topic-specific constructed-response/performance evidence; changed-context practice; weekly cumulative mastery; physical evidence when required.,"LAB-013: Annotated schematic/block diagram, datasheet condition table, symptom statement, hypothesis log, measurements, root cause, corrective action, and verification. Physical proficiency is credited only on the physical route.",LAB-013,16.3,PASS,"Symbols, schematic/wiring/block diagrams, drafting conventions, and IC pinouts",SEM-6-13-026,"Differentiate block, schematic and wiring diagram purposes; Identify common symbol/net/junction/reference conventions; Explain drawing clarity/drafting discipline; Require exact IC part/package/pin-1 verification; Identify power/ground/input/output/control pins before probing",w13-signal-flow,CETa
CETa,6.2,Explain block diagrams use for troubleshooting and maintenance of electronics products,6,Block Diagrams - Schematics - Wiring Diagrams,13,Read diagram types and turn symbols into behavior,"W13-CETA-v16.3 · Block diagrams, test points, signal tracing, and schematic fault location","v16.3 integrated lesson: subject-specific technical instruction, instructional visual, worked examples, guided practice, changed independent scenario, knowledge checks, and required semantic evidence.","Given four diagram types—schematic, wiring, block, PCB layout—state one question each answers well and one question it does not answer well. | Trace a simple power-to-load schematic and choose three useful test points. Write the expected quantity at each. | Use an IC datasheet pin table to map a schematic net name to package pin and explain why package orientation must be verified.","Take an unfamiliar but simple open-source circuit schematic. Build a block diagram with 3-5 functional stages, mark power/reference, identify three test points, and write one expected observation at each. Then choose one hypothetical output failure and show how forward, backward, or half-split tracing would narrow the fault region.",Required semantic task SEM-6-13-027; required primary lesson gate; v16.3 integrated lesson checks; Week 13 mastery/teach-back.,Correct auto-graded lesson checks where applicable; topic-specific constructed-response/performance evidence; changed-context practice; weekly cumulative mastery; physical evidence when required.,"LAB-013: Annotated schematic/block diagram, datasheet condition table, symptom statement, hypothesis log, measurements, root cause, corrective action, and verification. Physical proficiency is credited only on the physical route.",LAB-013,16.3,PASS,"Block diagrams, test points, signal tracing, and schematic fault location",SEM-6-13-027,Use block diagram to identify functional stages; Explain why test points are placed at meaningful boundaries; Describe forward/backward/half-split tracing; Use predicted signal at each point; Translate last-good/first-bad boundary back to schematic suspects,w13-signal-flow,CETa
CETa,6.3,"Explain the differences between wiring diagrams, schematics and block diagrams",6,Block Diagrams - Schematics - Wiring Diagrams,13,Read diagram types and turn symbols into behavior,"W13-CETA-v16.3 · Symbols, schematic/wiring/block diagrams, drafting conventions, and IC pinouts","v16.3 integrated lesson: subject-specific technical instruction, instructional visual, worked examples, guided practice, changed independent scenario, knowledge checks, and required semantic evidence.","Given four diagram types—schematic, wiring, block, PCB layout—state one question each answers well and one question it does not answer well. | Trace a simple power-to-load schematic and choose three useful test points. Write the expected quantity at each. | Use an IC datasheet pin table to map a schematic net name to package pin and explain why package orientation must be verified.","Take an unfamiliar but simple open-source circuit schematic. Build a block diagram with 3-5 functional stages, mark power/reference, identify three test points, and write one expected observation at each. Then choose one hypothetical output failure and show how forward, backward, or half-split tracing would narrow the fault region.",Required semantic task SEM-6-13-026; required primary lesson gate; v16.3 integrated lesson checks; Week 13 mastery/teach-back.,Correct auto-graded lesson checks where applicable; topic-specific constructed-response/performance evidence; changed-context practice; weekly cumulative mastery; physical evidence when required.,"LAB-013: Annotated schematic/block diagram, datasheet condition table, symptom statement, hypothesis log, measurements, root cause, corrective action, and verification. Physical proficiency is credited only on the physical route.",LAB-013,16.3,PASS,"Symbols, schematic/wiring/block diagrams, drafting conventions, and IC pinouts",SEM-6-13-026,"Differentiate block, schematic and wiring diagram purposes; Identify common symbol/net/junction/reference conventions; Explain drawing clarity/drafting discipline; Require exact IC part/package/pin-1 verification; Identify power/ground/input/output/control pins before probing",w13-signal-flow,CETa
CETa,6.4,Describe the purpose and use of test points and indicate their likely placement on schematics,6,Block Diagrams - Schematics - Wiring Diagrams,13,Read diagram types and turn symbols into behavior,"W13-CETA-v16.3 · Block diagrams, test points, signal tracing, and schematic fault location","v16.3 integrated lesson: subject-specific technical instruction, instructional visual, worked examples, guided practice, changed independent scenario, knowledge checks, and required semantic evidence.","Given four diagram types—schematic, wiring, block, PCB layout—state one question each answers well and one question it does not answer well. | Trace a simple power-to-load schematic and choose three useful test points. Write the expected quantity at each. | Use an IC datasheet pin table to map a schematic net name to package pin and explain why package orientation must be verified.","Take an unfamiliar but simple open-source circuit schematic. Build a block diagram with 3-5 functional stages, mark power/reference, identify three test points, and write one expected observation at each. Then choose one hypothetical output failure and show how forward, backward, or half-split tracing would narrow the fault region.",Required semantic task SEM-6-13-027; required primary lesson gate; v16.3 integrated lesson checks; Week 13 mastery/teach-back.,Correct auto-graded lesson checks where applicable; topic-specific constructed-response/performance evidence; changed-context practice; weekly cumulative mastery; physical evidence when required.,"LAB-013: Annotated schematic/block diagram, datasheet condition table, symptom statement, hypothesis log, measurements, root cause, corrective action, and verification. Physical proficiency is credited only on the physical route.",LAB-013,16.3,PASS,"Block diagrams, test points, signal tracing, and schematic fault location",SEM-6-13-027,Use block diagram to identify functional stages; Explain why test points are placed at meaningful boundaries; Describe forward/backward/half-split tracing; Use predicted signal at each point; Translate last-good/first-bad boundary back to schematic suspects,w13-signal-flow,CETa
CETa,6.5,Point out common drafting principles used for electronic and electrical drawings,6,Block Diagrams - Schematics - Wiring Diagrams,13,Read diagram types and turn symbols into behavior,"W13-CETA-v16.3 · Symbols, schematic/wiring/block diagrams, drafting conventions, and IC pinouts","v16.3 integrated lesson: subject-specific technical instruction, instructional visual, worked examples, guided practice, changed independent scenario, knowledge checks, and required semantic evidence.","Given four diagram types—schematic, wiring, block, PCB layout—state one question each answers well and one question it does not answer well. | Trace a simple power-to-load schematic and choose three useful test points. Write the expected quantity at each. | Use an IC datasheet pin table to map a schematic net name to package pin and explain why package orientation must be verified.","Take an unfamiliar but simple open-source circuit schematic. Build a block diagram with 3-5 functional stages, mark power/reference, identify three test points, and write one expected observation at each. Then choose one hypothetical output failure and show how forward, backward, or half-split tracing would narrow the fault region.",Required semantic task SEM-6-13-026; required primary lesson gate; v16.3 integrated lesson checks; Week 13 mastery/teach-back.,Correct auto-graded lesson checks where applicable; topic-specific constructed-response/performance evidence; changed-context practice; weekly cumulative mastery; physical evidence when required.,"LAB-013: Annotated schematic/block diagram, datasheet condition table, symptom statement, hypothesis log, measurements, root cause, corrective action, and verification. Physical proficiency is credited only on the physical route.",LAB-013,16.3,PASS,"Symbols, schematic/wiring/block diagrams, drafting conventions, and IC pinouts",SEM-6-13-026,"Differentiate block, schematic and wiring diagram purposes; Identify common symbol/net/junction/reference conventions; Explain drawing clarity/drafting discipline; Require exact IC part/package/pin-1 verification; Identify power/ground/input/output/control pins before probing",w13-signal-flow,CETa
CETa,6.6,Explain methods used for signal tracing,6,Block Diagrams - Schematics - Wiring Diagrams,13,Read diagram types and turn symbols into behavior,"W13-CETA-v16.3 · Block diagrams, test points, signal tracing, and schematic fault location","v16.3 integrated lesson: subject-specific technical instruction, instructional visual, worked examples, guided practice, changed independent scenario, knowledge checks, and required semantic evidence.","Given four diagram types—schematic, wiring, block, PCB layout—state one question each answers well and one question it does not answer well. | Trace a simple power-to-load schematic and choose three useful test points. Write the expected quantity at each. | Use an IC datasheet pin table to map a schematic net name to package pin and explain why package orientation must be verified.","Take an unfamiliar but simple open-source circuit schematic. Build a block diagram with 3-5 functional stages, mark power/reference, identify three test points, and write one expected observation at each. Then choose one hypothetical output failure and show how forward, backward, or half-split tracing would narrow the fault region.",Required semantic task SEM-6-13-027; required primary lesson gate; v16.3 integrated lesson checks; Week 13 mastery/teach-back.,Correct auto-graded lesson checks where applicable; topic-specific constructed-response/performance evidence; changed-context practice; weekly cumulative mastery; physical evidence when required.,"LAB-013: Annotated schematic/block diagram, datasheet condition table, symptom statement, hypothesis log, measurements, root cause, corrective action, and verification. Physical proficiency is credited only on the physical route.",LAB-013,16.3,PASS,"Block diagrams, test points, signal tracing, and schematic fault location",SEM-6-13-027,Use block diagram to identify functional stages; Explain why test points are placed at meaningful boundaries; Describe forward/backward/half-split tracing; Use predicted signal at each point; Translate last-good/first-bad boundary back to schematic suspects,w13-signal-flow,CETa
CETa,6.7,Describe basic building and house wiring concepts and explain why technicians need to be familiar with them,6,Block Diagrams - Schematics - Wiring Diagrams,13,Read diagram types and turn symbols into behavior,W13-CETA-v16.3 · Building wiring awareness and flowcharts,"v16.3 integrated lesson: subject-specific technical instruction, instructional visual, worked examples, guided practice, changed independent scenario, knowledge checks, and required semantic evidence.","Given four diagram types—schematic, wiring, block, PCB layout—state one question each answers well and one question it does not answer well. | Trace a simple power-to-load schematic and choose three useful test points. Write the expected quantity at each. | Use an IC datasheet pin table to map a schematic net name to package pin and explain why package orientation must be verified.","Take an unfamiliar but simple open-source circuit schematic. Build a block diagram with 3-5 functional stages, mark power/reference, identify three test points, and write one expected observation at each. Then choose one hypothetical output failure and show how forward, backward, or half-split tracing would narrow the fault region.",Required semantic task SEM-6-13-028; required primary lesson gate; v16.3 integrated lesson checks; Week 13 mastery/teach-back.,Correct auto-graded lesson checks where applicable; topic-specific constructed-response/performance evidence; changed-context practice; weekly cumulative mastery; physical evidence when required.,"LAB-013: Annotated schematic/block diagram, datasheet condition table, symptom statement, hypothesis log, measurements, root cause, corrective action, and verification. Physical proficiency is credited only on the physical route.",LAB-013,16.3,PASS,Building wiring awareness and flowcharts,SEM-6-13-028,Recognize source/ground/branch/receptacle context; State electrician/energized-work boundary; Distinguish electrical connectivity from procedural sequence; Use start/action/decision flowchart logic; Choose schematic vs flowchart for the question asked,w13-signal-flow,CETa
CETa,6.8,Explain use of schematics to locate component and wiring failures in electronics products,6,Block Diagrams - Schematics - Wiring Diagrams,13,Read diagram types and turn symbols into behavior,"W13-CETA-v16.3 · Block diagrams, test points, signal tracing, and schematic fault location","v16.3 integrated lesson: subject-specific technical instruction, instructional visual, worked examples, guided practice, changed independent scenario, knowledge checks, and required semantic evidence.","Given four diagram types—schematic, wiring, block, PCB layout—state one question each answers well and one question it does not answer well. | Trace a simple power-to-load schematic and choose three useful test points. Write the expected quantity at each. | Use an IC datasheet pin table to map a schematic net name to package pin and explain why package orientation must be verified.","Take an unfamiliar but simple open-source circuit schematic. Build a block diagram with 3-5 functional stages, mark power/reference, identify three test points, and write one expected observation at each. Then choose one hypothetical output failure and show how forward, backward, or half-split tracing would narrow the fault region.",Required semantic task SEM-6-13-027; required primary lesson gate; v16.3 integrated lesson checks; Week 13 mastery/teach-back.,Correct auto-graded lesson checks where applicable; topic-specific constructed-response/performance evidence; changed-context practice; weekly cumulative mastery; physical evidence when required.,"LAB-013: Annotated schematic/block diagram, datasheet condition table, symptom statement, hypothesis log, measurements, root cause, corrective action, and verification. Physical proficiency is credited only on the physical route.",LAB-013,16.3,PASS,"Block diagrams, test points, signal tracing, and schematic fault location",SEM-6-13-027,Use block diagram to identify functional stages; Explain why test points are placed at meaningful boundaries; Describe forward/backward/half-split tracing; Use predicted signal at each point; Translate last-good/first-bad boundary back to schematic suspects,w13-signal-flow,CETa
CETa,6.9,Explain the methods of using flow diagrams/charts,6,Block Diagrams - Schematics - Wiring Diagrams,13,Read diagram types and turn symbols into behavior,W13-CETA-v16.3 · Building wiring awareness and flowcharts,"v16.3 integrated lesson: subject-specific technical instruction, instructional visual, worked examples, guided practice, changed independent scenario, knowledge checks, and required semantic evidence.","Given four diagram types—schematic, wiring, block, PCB layout—state one question each answers well and one question it does not answer well. | Trace a simple power-to-load schematic and choose three useful test points. Write the expected quantity at each. | Use an IC datasheet pin table to map a schematic net name to package pin and explain why package orientation must be verified.","Take an unfamiliar but simple open-source circuit schematic. Build a block diagram with 3-5 functional stages, mark power/reference, identify three test points, and write one expected observation at each. Then choose one hypothetical output failure and show how forward, backward, or half-split tracing would narrow the fault region.",Required semantic task SEM-6-13-028; required primary lesson gate; v16.3 integrated lesson checks; Week 13 mastery/teach-back.,Correct auto-graded lesson checks where applicable; topic-specific constructed-response/performance evidence; changed-context practice; weekly cumulative mastery; physical evidence when required.,"LAB-013: Annotated schematic/block diagram, datasheet condition table, symptom statement, hypothesis log, measurements, root cause, corrective action, and verification. Physical proficiency is credited only on the physical route.",LAB-013,16.3,PASS,Building wiring awareness and flowcharts,SEM-6-13-028,Recognize source/ground/branch/receptacle context; State electrician/energized-work boundary; Distinguish electrical connectivity from procedural sequence; Use start/action/decision flowchart logic; Choose schematic vs flowchart for the question asked,w13-signal-flow,CETa
CETa,6.10,Describe basic wiring concepts for I.C. types and pinouts,6,Block Diagrams - Schematics - Wiring Diagrams,13,Read diagram types and turn symbols into behavior,"W13-CETA-v16.3 · Symbols, schematic/wiring/block diagrams, drafting conventions, and IC pinouts","v16.3 integrated lesson: subject-specific technical instruction, instructional visual, worked examples, guided practice, changed independent scenario, knowledge checks, and required semantic evidence.","Given four diagram types—schematic, wiring, block, PCB layout—state one question each answers well and one question it does not answer well. | Trace a simple power-to-load schematic and choose three useful test points. Write the expected quantity at each. | Use an IC datasheet pin table to map a schematic net name to package pin and explain why package orientation must be verified.","Take an unfamiliar but simple open-source circuit schematic. Build a block diagram with 3-5 functional stages, mark power/reference, identify three test points, and write one expected observation at each. Then choose one hypothetical output failure and show how forward, backward, or half-split tracing would narrow the fault region.",Required semantic task SEM-6-13-026; required primary lesson gate; v16.3 integrated lesson checks; Week 13 mastery/teach-back.,Correct auto-graded lesson checks where applicable; topic-specific constructed-response/performance evidence; changed-context practice; weekly cumulative mastery; physical evidence when required.,"LAB-013: Annotated schematic/block diagram, datasheet condition table, symptom statement, hypothesis log, measurements, root cause, corrective action, and verification. Physical proficiency is credited only on the physical route.",LAB-013,16.3,PASS,"Symbols, schematic/wiring/block diagrams, drafting conventions, and IC pinouts",SEM-6-13-026,"Differentiate block, schematic and wiring diagram purposes; Identify common symbol/net/junction/reference conventions; Explain drawing clarity/drafting discipline; Require exact IC part/package/pin-1 verification; Identify power/ground/input/output/control pins before probing",w13-signal-flow,CETa
Career,C2.1,"Read a schematic by following power rails, grounds, signal flow, reference designators, and functional blocks.",C2,"Schematics, Datasheets & Design Intent",13,Troubleshoot with competing hypotheses and high-information tests,"W13-CAREER-v16.3 · Career integration: schematics, datasheets, design intent, and test-point prediction","v16.3 integrated lesson: subject-specific technical instruction, instructional visual, worked examples, guided practice, changed independent scenario, knowledge checks, and required semantic evidence.","Rewrite three vague hypotheses into testable statements with predicted observations. | For a four-stage signal chain, choose a half-split measurement and explain what each possible result tells you about the remaining search space. | Given one intermittent failure, state how you would preserve configuration, trigger/capture evidence, and avoid changing multiple variables before reproduction.","Choose a real or simulated fault from a previous lab. Write at least three competing hypotheses from different layers, predict a distinctive observation for each, and rank three candidate tests by information value and safety. Execute the top test, update probabilities/next steps, and document whether the result eliminated, supported, or left each hypothesis unresolved.",Required semantic task SEM-C2-13-076; required primary lesson gate; v16.3 integrated lesson checks; Week 13 mastery/teach-back.,Correct auto-graded lesson checks where applicable; topic-specific constructed-response/performance evidence; changed-context practice; weekly cumulative mastery; physical evidence when required.,"LAB-013: Annotated schematic/block diagram, datasheet condition table, symptom statement, hypothesis log, measurements, root cause, corrective action, and verification. Physical proficiency is credited only on the physical route.",LAB-013,16.3,PASS,"Career integration: schematics, datasheets, design intent, and test-point prediction",SEM-C2-13-076,Trace power/ground/signal/reference designators; Use datasheet pinout/max/recommended/electrical specs correctly; Choose schematic/wiring/block/layout/timing representation; Identify useful test points before probing; Interpret pull/decoupling/limiting/protection support circuitry; Predict expected node behavior,w13-hypothesis-tree,Career
Career,C2.2,"Use a component datasheet to identify pinout, absolute maximum ratings, recommended operating conditions, and key electrical characteristics.",C2,"Schematics, Datasheets & Design Intent",13,Troubleshoot with competing hypotheses and high-information tests,"W13-CAREER-v16.3 · Career integration: schematics, datasheets, design intent, and test-point prediction","v16.3 integrated lesson: subject-specific technical instruction, instructional visual, worked examples, guided practice, changed independent scenario, knowledge checks, and required semantic evidence.","Rewrite three vague hypotheses into testable statements with predicted observations. | For a four-stage signal chain, choose a half-split measurement and explain what each possible result tells you about the remaining search space. | Given one intermittent failure, state how you would preserve configuration, trigger/capture evidence, and avoid changing multiple variables before reproduction.","Choose a real or simulated fault from a previous lab. Write at least three competing hypotheses from different layers, predict a distinctive observation for each, and rank three candidate tests by information value and safety. Execute the top test, update probabilities/next steps, and document whether the result eliminated, supported, or left each hypothesis unresolved.",Required semantic task SEM-C2-13-076; required primary lesson gate; v16.3 integrated lesson checks; Week 13 mastery/teach-back.,Correct auto-graded lesson checks where applicable; topic-specific constructed-response/performance evidence; changed-context practice; weekly cumulative mastery; physical evidence when required.,"LAB-013: Annotated schematic/block diagram, datasheet condition table, symptom statement, hypothesis log, measurements, root cause, corrective action, and verification. Physical proficiency is credited only on the physical route.",LAB-013,16.3,PASS,"Career integration: schematics, datasheets, design intent, and test-point prediction",SEM-C2-13-076,Trace power/ground/signal/reference designators; Use datasheet pinout/max/recommended/electrical specs correctly; Choose schematic/wiring/block/layout/timing representation; Identify useful test points before probing; Interpret pull/decoupling/limiting/protection support circuitry; Predict expected node behavior,w13-hypothesis-tree,Career
Career,C2.3,"Distinguish a schematic, wiring diagram, block diagram, layout/PCB view, and timing diagram and choose the right artifact for a troubleshooting task.",C2,"Schematics, Datasheets & Design Intent",13,Troubleshoot with competing hypotheses and high-information tests,"W13-CAREER-v16.3 · Career integration: schematics, datasheets, design intent, and test-point prediction","v16.3 integrated lesson: subject-specific technical instruction, instructional visual, worked examples, guided practice, changed independent scenario, knowledge checks, and required semantic evidence.","Rewrite three vague hypotheses into testable statements with predicted observations. | For a four-stage signal chain, choose a half-split measurement and explain what each possible result tells you about the remaining search space. | Given one intermittent failure, state how you would preserve configuration, trigger/capture evidence, and avoid changing multiple variables before reproduction.","Choose a real or simulated fault from a previous lab. Write at least three competing hypotheses from different layers, predict a distinctive observation for each, and rank three candidate tests by information value and safety. Execute the top test, update probabilities/next steps, and document whether the result eliminated, supported, or left each hypothesis unresolved.",Required semantic task SEM-C2-13-076; required primary lesson gate; v16.3 integrated lesson checks; Week 13 mastery/teach-back.,Correct auto-graded lesson checks where applicable; topic-specific constructed-response/performance evidence; changed-context practice; weekly cumulative mastery; physical evidence when required.,"LAB-013: Annotated schematic/block diagram, datasheet condition table, symptom statement, hypothesis log, measurements, root cause, corrective action, and verification. Physical proficiency is credited only on the physical route.",LAB-013,16.3,PASS,"Career integration: schematics, datasheets, design intent, and test-point prediction",SEM-C2-13-076,Trace power/ground/signal/reference designators; Use datasheet pinout/max/recommended/electrical specs correctly; Choose schematic/wiring/block/layout/timing representation; Identify useful test points before probing; Interpret pull/decoupling/limiting/protection support circuitry; Predict expected node behavior,w13-hypothesis-tree,Career
Career,C2.4,Trace a signal or power path from connector to load and identify useful test points before probing.,C2,"Schematics, Datasheets & Design Intent",13,Troubleshoot with competing hypotheses and high-information tests,"W13-CAREER-v16.3 · Career integration: schematics, datasheets, design intent, and test-point prediction","v16.3 integrated lesson: subject-specific technical instruction, instructional visual, worked examples, guided practice, changed independent scenario, knowledge checks, and required semantic evidence.","Rewrite three vague hypotheses into testable statements with predicted observations. | For a four-stage signal chain, choose a half-split measurement and explain what each possible result tells you about the remaining search space. | Given one intermittent failure, state how you would preserve configuration, trigger/capture evidence, and avoid changing multiple variables before reproduction.","Choose a real or simulated fault from a previous lab. Write at least three competing hypotheses from different layers, predict a distinctive observation for each, and rank three candidate tests by information value and safety. Execute the top test, update probabilities/next steps, and document whether the result eliminated, supported, or left each hypothesis unresolved.",Required semantic task SEM-C2-13-076; required primary lesson gate; v16.3 integrated lesson checks; Week 13 mastery/teach-back.,Correct auto-graded lesson checks where applicable; topic-specific constructed-response/performance evidence; changed-context practice; weekly cumulative mastery; physical evidence when required.,"LAB-013: Annotated schematic/block diagram, datasheet condition table, symptom statement, hypothesis log, measurements, root cause, corrective action, and verification. Physical proficiency is credited only on the physical route.",LAB-013,16.3,PASS,"Career integration: schematics, datasheets, design intent, and test-point prediction",SEM-C2-13-076,Trace power/ground/signal/reference designators; Use datasheet pinout/max/recommended/electrical specs correctly; Choose schematic/wiring/block/layout/timing representation; Identify useful test points before probing; Interpret pull/decoupling/limiting/protection support circuitry; Predict expected node behavior,w13-hypothesis-tree,Career
Career,C2.6,Explain design intent from a schematic well enough to predict expected node voltages or signal behavior before measuring.,C2,"Schematics, Datasheets & Design Intent",13,Troubleshoot with competing hypotheses and high-information tests,"W13-CAREER-v16.3 · Career integration: schematics, datasheets, design intent, and test-point prediction","v16.3 integrated lesson: subject-specific technical instruction, instructional visual, worked examples, guided practice, changed independent scenario, knowledge checks, and required semantic evidence.","Rewrite three vague hypotheses into testable statements with predicted observations. | For a four-stage signal chain, choose a half-split measurement and explain what each possible result tells you about the remaining search space. | Given one intermittent failure, state how you would preserve configuration, trigger/capture evidence, and avoid changing multiple variables before reproduction.","Choose a real or simulated fault from a previous lab. Write at least three competing hypotheses from different layers, predict a distinctive observation for each, and rank three candidate tests by information value and safety. Execute the top test, update probabilities/next steps, and document whether the result eliminated, supported, or left each hypothesis unresolved.",Required semantic task SEM-C2-13-076; required primary lesson gate; v16.3 integrated lesson checks; Week 13 mastery/teach-back.,Correct auto-graded lesson checks where applicable; topic-specific constructed-response/performance evidence; changed-context practice; weekly cumulative mastery; physical evidence when required.,"LAB-013: Annotated schematic/block diagram, datasheet condition table, symptom statement, hypothesis log, measurements, root cause, corrective action, and verification. Physical proficiency is credited only on the physical route.",LAB-013,16.3,PASS,"Career integration: schematics, datasheets, design intent, and test-point prediction",SEM-C2-13-076,Trace power/ground/signal/reference designators; Use datasheet pinout/max/recommended/electrical specs correctly; Choose schematic/wiring/block/layout/timing representation; Identify useful test points before probing; Interpret pull/decoupling/limiting/protection support circuitry; Predict expected node behavior,w13-hypothesis-tree,Career
Career,C5.1,Reproduce a fault reliably and define the observed symptom before attempting a fix.,C5,Troubleshooting & Root Cause,13,Troubleshoot with competing hypotheses and high-information tests,W13-CAREER-v16.3 · Career integration: reproducible fault isolation and root cause,"v16.3 integrated lesson: subject-specific technical instruction, instructional visual, worked examples, guided practice, changed independent scenario, knowledge checks, and required semantic evidence.","Rewrite three vague hypotheses into testable statements with predicted observations. | For a four-stage signal chain, choose a half-split measurement and explain what each possible result tells you about the remaining search space. | Given one intermittent failure, state how you would preserve configuration, trigger/capture evidence, and avoid changing multiple variables before reproduction.","Choose a real or simulated fault from a previous lab. Write at least three competing hypotheses from different layers, predict a distinctive observation for each, and rank three candidate tests by information value and safety. Execute the top test, update probabilities/next steps, and document whether the result eliminated, supported, or left each hypothesis unresolved.",Required semantic task SEM-C5-13-079; required primary lesson gate; v16.3 integrated lesson checks; Week 13 mastery/teach-back.,Correct auto-graded lesson checks where applicable; topic-specific constructed-response/performance evidence; changed-context practice; weekly cumulative mastery; physical evidence when required.,"LAB-013: Annotated schematic/block diagram, datasheet condition table, symptom statement, hypothesis log, measurements, root cause, corrective action, and verification. Physical proficiency is credited only on the physical route.",LAB-013,16.3,PASS,Career integration: reproducible fault isolation and root cause,SEM-C5-13-079,Reproduce/define symptom; Use competing hypotheses and discriminating measurement; Apply divide-and-conquer/substitution/tracing without multi-variable changes; Distinguish root cause from symptom; Fault injection and recovery verification; Concise failure report,w13-hypothesis-tree,Career
Career,C5.2,Form a testable hypothesis from expected versus actual behavior and choose the next measurement that best separates competing causes.,C5,Troubleshooting & Root Cause,13,Troubleshoot with competing hypotheses and high-information tests,W13-CAREER-v16.3 · Career integration: reproducible fault isolation and root cause,"v16.3 integrated lesson: subject-specific technical instruction, instructional visual, worked examples, guided practice, changed independent scenario, knowledge checks, and required semantic evidence.","Rewrite three vague hypotheses into testable statements with predicted observations. | For a four-stage signal chain, choose a half-split measurement and explain what each possible result tells you about the remaining search space. | Given one intermittent failure, state how you would preserve configuration, trigger/capture evidence, and avoid changing multiple variables before reproduction.","Choose a real or simulated fault from a previous lab. Write at least three competing hypotheses from different layers, predict a distinctive observation for each, and rank three candidate tests by information value and safety. Execute the top test, update probabilities/next steps, and document whether the result eliminated, supported, or left each hypothesis unresolved.",Required semantic task SEM-C5-13-079; required primary lesson gate; v16.3 integrated lesson checks; Week 13 mastery/teach-back.,Correct auto-graded lesson checks where applicable; topic-specific constructed-response/performance evidence; changed-context practice; weekly cumulative mastery; physical evidence when required.,"LAB-013: Annotated schematic/block diagram, datasheet condition table, symptom statement, hypothesis log, measurements, root cause, corrective action, and verification. Physical proficiency is credited only on the physical route.",LAB-013,16.3,PASS,Career integration: reproducible fault isolation and root cause,SEM-C5-13-079,Reproduce/define symptom; Use competing hypotheses and discriminating measurement; Apply divide-and-conquer/substitution/tracing without multi-variable changes; Distinguish root cause from symptom; Fault injection and recovery verification; Concise failure report,w13-hypothesis-tree,Career
Career,C5.3,"Use divide-and-conquer, known-good substitution, signal tracing, or rail-by-rail checks appropriately without changing multiple variables at once.",C5,Troubleshooting & Root Cause,13,Troubleshoot with competing hypotheses and high-information tests,W13-CAREER-v16.3 · Career integration: reproducible fault isolation and root cause,"v16.3 integrated lesson: subject-specific technical instruction, instructional visual, worked examples, guided practice, changed independent scenario, knowledge checks, and required semantic evidence.","Rewrite three vague hypotheses into testable statements with predicted observations. | For a four-stage signal chain, choose a half-split measurement and explain what each possible result tells you about the remaining search space. | Given one intermittent failure, state how you would preserve configuration, trigger/capture evidence, and avoid changing multiple variables before reproduction.","Choose a real or simulated fault from a previous lab. Write at least three competing hypotheses from different layers, predict a distinctive observation for each, and rank three candidate tests by information value and safety. Execute the top test, update probabilities/next steps, and document whether the result eliminated, supported, or left each hypothesis unresolved.",Required semantic task SEM-C5-13-079; required primary lesson gate; v16.3 integrated lesson checks; Week 13 mastery/teach-back.,Correct auto-graded lesson checks where applicable; topic-specific constructed-response/performance evidence; changed-context practice; weekly cumulative mastery; physical evidence when required.,"LAB-013: Annotated schematic/block diagram, datasheet condition table, symptom statement, hypothesis log, measurements, root cause, corrective action, and verification. Physical proficiency is credited only on the physical route.",LAB-013,16.3,PASS,Career integration: reproducible fault isolation and root cause,SEM-C5-13-079,Reproduce/define symptom; Use competing hypotheses and discriminating measurement; Apply divide-and-conquer/substitution/tracing without multi-variable changes; Distinguish root cause from symptom; Fault injection and recovery verification; Concise failure report,w13-hypothesis-tree,Career
Career,C5.4,Distinguish root cause from symptom and verify that a repair removes the cause without creating a new failure.,C5,Troubleshooting & Root Cause,13,Troubleshoot with competing hypotheses and high-information tests,W13-CAREER-v16.3 · Career integration: reproducible fault isolation and root cause,"v16.3 integrated lesson: subject-specific technical instruction, instructional visual, worked examples, guided practice, changed independent scenario, knowledge checks, and required semantic evidence.","Rewrite three vague hypotheses into testable statements with predicted observations. | For a four-stage signal chain, choose a half-split measurement and explain what each possible result tells you about the remaining search space. | Given one intermittent failure, state how you would preserve configuration, trigger/capture evidence, and avoid changing multiple variables before reproduction.","Choose a real or simulated fault from a previous lab. Write at least three competing hypotheses from different layers, predict a distinctive observation for each, and rank three candidate tests by information value and safety. Execute the top test, update probabilities/next steps, and document whether the result eliminated, supported, or left each hypothesis unresolved.",Required semantic task SEM-C5-13-079; required primary lesson gate; v16.3 integrated lesson checks; Week 13 mastery/teach-back.,Correct auto-graded lesson checks where applicable; topic-specific constructed-response/performance evidence; changed-context practice; weekly cumulative mastery; physical evidence when required.,"LAB-013: Annotated schematic/block diagram, datasheet condition table, symptom statement, hypothesis log, measurements, root cause, corrective action, and verification. Physical proficiency is credited only on the physical route.",LAB-013,16.3,PASS,Career integration: reproducible fault isolation and root cause,SEM-C5-13-079,Reproduce/define symptom; Use competing hypotheses and discriminating measurement; Apply divide-and-conquer/substitution/tracing without multi-variable changes; Distinguish root cause from symptom; Fault injection and recovery verification; Concise failure report,w13-hypothesis-tree,Career
Career,C5.6,"Write a concise failure report containing symptom, setup, evidence, root cause, corrective action, and verification.",C5,Troubleshooting & Root Cause,13,Troubleshoot with competing hypotheses and high-information tests,W13-CAREER-v16.3 · Career integration: reproducible fault isolation and root cause,"v16.3 integrated lesson: subject-specific technical instruction, instructional visual, worked examples, guided practice, changed independent scenario, knowledge checks, and required semantic evidence.","Rewrite three vague hypotheses into testable statements with predicted observations. | For a four-stage signal chain, choose a half-split measurement and explain what each possible result tells you about the remaining search space. | Given one intermittent failure, state how you would preserve configuration, trigger/capture evidence, and avoid changing multiple variables before reproduction.","Choose a real or simulated fault from a previous lab. Write at least three competing hypotheses from different layers, predict a distinctive observation for each, and rank three candidate tests by information value and safety. Execute the top test, update probabilities/next steps, and document whether the result eliminated, supported, or left each hypothesis unresolved.",Required semantic task SEM-C5-13-079; required primary lesson gate; v16.3 integrated lesson checks; Week 13 mastery/teach-back.,Correct auto-graded lesson checks where applicable; topic-specific constructed-response/performance evidence; changed-context practice; weekly cumulative mastery; physical evidence when required.,"LAB-013: Annotated schematic/block diagram, datasheet condition table, symptom statement, hypothesis log, measurements, root cause, corrective action, and verification. Physical proficiency is credited only on the physical route.",LAB-013,16.3,PASS,Career integration: reproducible fault isolation and root cause,SEM-C5-13-079,Reproduce/define symptom; Use competing hypotheses and discriminating measurement; Apply divide-and-conquer/substitution/tracing without multi-variable changes; Distinguish root cause from symptom; Fault injection and recovery verification; Concise failure report,w13-hypothesis-tree,Career
CETa,15.1,Describe the major sections of a computer,15,Computer Electronics,14,"Computer blocks, representation, memory, and the build path","W14-CETA-v16.3 · Computer architecture, CPU blocks, memory, block diagrams, and flowcharts","v16.3 integrated lesson: subject-specific technical instruction, instructional visual, worked examples, guided practice, changed independent scenario, knowledge checks, and required semantic evidence.","Classify five failures as compile, link, load/program, or runtime: syntax error, undefined reference, programmer cannot connect, program hard-faults, missing header declaration warning. | Draw CPU, RAM, flash/nonvolatile storage, and peripheral I/O blocks. Trace what happens from power-up to executing an instruction that reads an input. | Explain a PLC scan using a start/stop input and motor output, then identify what field measurement is needed to prove the output actually energized.","Take a tiny C project with at least two source files and one header. Document preprocess/compile/link/run stages, intentionally create one compile error and one link error, capture the messages, and explain how you know which stage failed. Then map the executable behavior onto a simple computer block diagram showing CPU, memory, and I/O.",Required semantic task SEM-15-14-055; required primary lesson gate; v16.3 integrated lesson checks; Week 14 mastery/teach-back.,Correct auto-graded lesson checks where applicable; topic-specific constructed-response/performance evidence; changed-context practice; weekly cumulative mastery; physical evidence when required.,"LAB-014: Architecture sketch, source, build command/output, tests, defect log, corrected result, and commit identifier. Physical proficiency is credited only on the physical route.",LAB-014,16.3,PASS,"Computer architecture, CPU blocks, memory, block diagrams, and flowcharts",SEM-15-14-055,Identify input/processing/memory/storage/communication/output sections; Name control unit/ALU/register/bus/clock-reset roles; Differentiate volatile and nonvolatile memory/storage; Use block diagram for architecture and flowchart for sequence; Trace instruction/data movement at introductory level,w14-build-computer,CETa
CETa,15.2,Differentiate how the computer block diagram and flow charts are utilized,15,Computer Electronics,14,"Computer blocks, representation, memory, and the build path","W14-CETA-v16.3 · Computer architecture, CPU blocks, memory, block diagrams, and flowcharts","v16.3 integrated lesson: subject-specific technical instruction, instructional visual, worked examples, guided practice, changed independent scenario, knowledge checks, and required semantic evidence.","Classify five failures as compile, link, load/program, or runtime: syntax error, undefined reference, programmer cannot connect, program hard-faults, missing header declaration warning. | Draw CPU, RAM, flash/nonvolatile storage, and peripheral I/O blocks. Trace what happens from power-up to executing an instruction that reads an input. | Explain a PLC scan using a start/stop input and motor output, then identify what field measurement is needed to prove the output actually energized.","Take a tiny C project with at least two source files and one header. Document preprocess/compile/link/run stages, intentionally create one compile error and one link error, capture the messages, and explain how you know which stage failed. Then map the executable behavior onto a simple computer block diagram showing CPU, memory, and I/O.",Required semantic task SEM-15-14-055; required primary lesson gate; v16.3 integrated lesson checks; Week 14 mastery/teach-back.,Correct auto-graded lesson checks where applicable; topic-specific constructed-response/performance evidence; changed-context practice; weekly cumulative mastery; physical evidence when required.,"LAB-014: Architecture sketch, source, build command/output, tests, defect log, corrected result, and commit identifier. Physical proficiency is credited only on the physical route.",LAB-014,16.3,PASS,"Computer architecture, CPU blocks, memory, block diagrams, and flowcharts",SEM-15-14-055,Identify input/processing/memory/storage/communication/output sections; Name control unit/ALU/register/bus/clock-reset roles; Differentiate volatile and nonvolatile memory/storage; Use block diagram for architecture and flowchart for sequence; Trace instruction/data movement at introductory level,w14-build-computer,CETa
CETa,15.3,Describe the major blocks contained in a microprocessor chip and describe the purpose of each block,15,Computer Electronics,14,"Computer blocks, representation, memory, and the build path","W14-CETA-v16.3 · Computer architecture, CPU blocks, memory, block diagrams, and flowcharts","v16.3 integrated lesson: subject-specific technical instruction, instructional visual, worked examples, guided practice, changed independent scenario, knowledge checks, and required semantic evidence.","Classify five failures as compile, link, load/program, or runtime: syntax error, undefined reference, programmer cannot connect, program hard-faults, missing header declaration warning. | Draw CPU, RAM, flash/nonvolatile storage, and peripheral I/O blocks. Trace what happens from power-up to executing an instruction that reads an input. | Explain a PLC scan using a start/stop input and motor output, then identify what field measurement is needed to prove the output actually energized.","Take a tiny C project with at least two source files and one header. Document preprocess/compile/link/run stages, intentionally create one compile error and one link error, capture the messages, and explain how you know which stage failed. Then map the executable behavior onto a simple computer block diagram showing CPU, memory, and I/O.",Required semantic task SEM-15-14-055; required primary lesson gate; v16.3 integrated lesson checks; Week 14 mastery/teach-back.,Correct auto-graded lesson checks where applicable; topic-specific constructed-response/performance evidence; changed-context practice; weekly cumulative mastery; physical evidence when required.,"LAB-014: Architecture sketch, source, build command/output, tests, defect log, corrected result, and commit identifier. Physical proficiency is credited only on the physical route.",LAB-014,16.3,PASS,"Computer architecture, CPU blocks, memory, block diagrams, and flowcharts",SEM-15-14-055,Identify input/processing/memory/storage/communication/output sections; Name control unit/ALU/register/bus/clock-reset roles; Differentiate volatile and nonvolatile memory/storage; Use block diagram for architecture and flowchart for sequence; Trace instruction/data movement at introductory level,w14-build-computer,CETa
CETa,15.4,Describe different types of computer memory and how storage is accomplished,15,Computer Electronics,14,"Computer blocks, representation, memory, and the build path","W14-CETA-v16.3 · Computer architecture, CPU blocks, memory, block diagrams, and flowcharts","v16.3 integrated lesson: subject-specific technical instruction, instructional visual, worked examples, guided practice, changed independent scenario, knowledge checks, and required semantic evidence.","Classify five failures as compile, link, load/program, or runtime: syntax error, undefined reference, programmer cannot connect, program hard-faults, missing header declaration warning. | Draw CPU, RAM, flash/nonvolatile storage, and peripheral I/O blocks. Trace what happens from power-up to executing an instruction that reads an input. | Explain a PLC scan using a start/stop input and motor output, then identify what field measurement is needed to prove the output actually energized.","Take a tiny C project with at least two source files and one header. Document preprocess/compile/link/run stages, intentionally create one compile error and one link error, capture the messages, and explain how you know which stage failed. Then map the executable behavior onto a simple computer block diagram showing CPU, memory, and I/O.",Required semantic task SEM-15-14-055; required primary lesson gate; v16.3 integrated lesson checks; Week 14 mastery/teach-back.,Correct auto-graded lesson checks where applicable; topic-specific constructed-response/performance evidence; changed-context practice; weekly cumulative mastery; physical evidence when required.,"LAB-014: Architecture sketch, source, build command/output, tests, defect log, corrected result, and commit identifier. Physical proficiency is credited only on the physical route.",LAB-014,16.3,PASS,"Computer architecture, CPU blocks, memory, block diagrams, and flowcharts",SEM-15-14-055,Identify input/processing/memory/storage/communication/output sections; Name control unit/ALU/register/bus/clock-reset roles; Differentiate volatile and nonvolatile memory/storage; Use block diagram for architecture and flowchart for sequence; Trace instruction/data movement at introductory level,w14-build-computer,CETa
CETa,15.5,Explain programmable logic controls (PLCs) and list usages,15,Computer Electronics,14,"Computer blocks, representation, memory, and the build path","W14-CETA-v16.3 · PLC purpose, scan cycle, programming concepts, and languages","v16.3 integrated lesson: subject-specific technical instruction, instructional visual, worked examples, guided practice, changed independent scenario, knowledge checks, and required semantic evidence.","Classify five failures as compile, link, load/program, or runtime: syntax error, undefined reference, programmer cannot connect, program hard-faults, missing header declaration warning. | Draw CPU, RAM, flash/nonvolatile storage, and peripheral I/O blocks. Trace what happens from power-up to executing an instruction that reads an input. | Explain a PLC scan using a start/stop input and motor output, then identify what field measurement is needed to prove the output actually energized.","Take a tiny C project with at least two source files and one header. Document preprocess/compile/link/run stages, intentionally create one compile error and one link error, capture the messages, and explain how you know which stage failed. Then map the executable behavior onto a simple computer block diagram showing CPU, memory, and I/O.",Required semantic task SEM-15-14-056; required primary lesson gate; v16.3 integrated lesson checks; Week 14 mastery/teach-back.,Correct auto-graded lesson checks where applicable; topic-specific constructed-response/performance evidence; changed-context practice; weekly cumulative mastery; physical evidence when required.,"LAB-014: Architecture sketch, source, build command/output, tests, defect log, corrected result, and commit identifier. Physical proficiency is credited only on the physical route.",LAB-014,16.3,PASS,"PLC purpose, scan cycle, programming concepts, and languages",SEM-15-14-056,Define PLC use and rugged I/O-control role; Describe input-execute-output scan cycle; Identify ladder/function-block/structured-text type differences; Use variables/timers/counters/state concepts; Distinguish software state from physical I/O evidence,w14-build-computer,CETa
CETa,15.6,Describe basic programming concepts,15,Computer Electronics,14,"Computer blocks, representation, memory, and the build path","W14-CETA-v16.3 · PLC purpose, scan cycle, programming concepts, and languages","v16.3 integrated lesson: subject-specific technical instruction, instructional visual, worked examples, guided practice, changed independent scenario, knowledge checks, and required semantic evidence.","Classify five failures as compile, link, load/program, or runtime: syntax error, undefined reference, programmer cannot connect, program hard-faults, missing header declaration warning. | Draw CPU, RAM, flash/nonvolatile storage, and peripheral I/O blocks. Trace what happens from power-up to executing an instruction that reads an input. | Explain a PLC scan using a start/stop input and motor output, then identify what field measurement is needed to prove the output actually energized.","Take a tiny C project with at least two source files and one header. Document preprocess/compile/link/run stages, intentionally create one compile error and one link error, capture the messages, and explain how you know which stage failed. Then map the executable behavior onto a simple computer block diagram showing CPU, memory, and I/O.",Required semantic task SEM-15-14-056; required primary lesson gate; v16.3 integrated lesson checks; Week 14 mastery/teach-back.,Correct auto-graded lesson checks where applicable; topic-specific constructed-response/performance evidence; changed-context practice; weekly cumulative mastery; physical evidence when required.,"LAB-014: Architecture sketch, source, build command/output, tests, defect log, corrected result, and commit identifier. Physical proficiency is credited only on the physical route.",LAB-014,16.3,PASS,"PLC purpose, scan cycle, programming concepts, and languages",SEM-15-14-056,Define PLC use and rugged I/O-control role; Describe input-execute-output scan cycle; Identify ladder/function-block/structured-text type differences; Use variables/timers/counters/state concepts; Distinguish software state from physical I/O evidence,w14-build-computer,CETa
CETa,15.9,Explain the reasons for using interface devices/chips/cards and name common types,15,Computer Electronics,14,"Computer blocks, representation, memory, and the build path",W14-CETA-v16.3 · Peripherals and interface devices/cards,"v16.3 integrated lesson: subject-specific technical instruction, instructional visual, worked examples, guided practice, changed independent scenario, knowledge checks, and required semantic evidence.","Classify five failures as compile, link, load/program, or runtime: syntax error, undefined reference, programmer cannot connect, program hard-faults, missing header declaration warning. | Draw CPU, RAM, flash/nonvolatile storage, and peripheral I/O blocks. Trace what happens from power-up to executing an instruction that reads an input. | Explain a PLC scan using a start/stop input and motor output, then identify what field measurement is needed to prove the output actually energized.","Take a tiny C project with at least two source files and one header. Document preprocess/compile/link/run stages, intentionally create one compile error and one link error, capture the messages, and explain how you know which stage failed. Then map the executable behavior onto a simple computer block diagram showing CPU, memory, and I/O.",Required semantic task SEM-15-14-057; required primary lesson gate; v16.3 integrated lesson checks; Week 14 mastery/teach-back.,Correct auto-graded lesson checks where applicable; topic-specific constructed-response/performance evidence; changed-context practice; weekly cumulative mastery; physical evidence when required.,"LAB-014: Architecture sketch, source, build command/output, tests, defect log, corrected result, and commit identifier. Physical proficiency is credited only on the physical route.",LAB-014,16.3,PASS,Peripherals and interface devices/cards,SEM-15-14-057,Define peripheral with examples; Name common interface chip/card categories; Separate power/physical/bus/driver/configuration layers; Use enumeration/resource evidence; Avoid assuming “powered = communicating”,w14-build-computer,CETa
Career,C6.1,"Write and explain C expressions using integer types, operators, precedence, conditionals, and loops.",C6,C Programming Fundamentals,14,Write and debug small C programs methodically,W14-CAREER-v16.3 · Career integration: C programming as testable technical work,"v16.3 integrated lesson: subject-specific technical instruction, instructional visual, worked examples, guided practice, changed independent scenario, knowledge checks, and required semantic evidence.","Trace a loop that sums five `uint16_t` values and state the value after each iteration. | Given `int x=7; int *p=&x; *p=10;`, explain x, p, &x, and *p in plain language. | Classify bugs as compile/link/runtime/logic/memory and choose an observation method for each.","Write a small C program that parses four comma-separated integer values from a fixed test string, validates range, stores them in an array, computes min/max/average, and returns a clear error for malformed input. Create at least three test cases, including an out-of-range value and missing field, then explain one debugger or logging strategy for a failed case.",Required semantic task SEM-C6-14-080; required primary lesson gate; v16.3 integrated lesson checks; Week 14 mastery/teach-back.,Correct auto-graded lesson checks where applicable; topic-specific constructed-response/performance evidence; changed-context practice; weekly cumulative mastery; physical evidence when required.,"LAB-014: Architecture sketch, source, build command/output, tests, defect log, corrected result, and commit identifier. Physical proficiency is credited only on the physical route.",LAB-014,16.3,PASS,Career integration: C programming as testable technical work,SEM-C6-14-080,Expressions/control flow; Functions/prototypes/scope; Arrays/strings/structs/enums/pointers and lifetimes; Bitwise masks/shifts; Common defect classes; Warnings and methodical debugging,w14-c-memory,Career
Career,C6.2,"Use functions, prototypes, parameters, return values, and scope to organize code into testable units.",C6,C Programming Fundamentals,14,Write and debug small C programs methodically,W14-CAREER-v16.3 · Career integration: C programming as testable technical work,"v16.3 integrated lesson: subject-specific technical instruction, instructional visual, worked examples, guided practice, changed independent scenario, knowledge checks, and required semantic evidence.","Trace a loop that sums five `uint16_t` values and state the value after each iteration. | Given `int x=7; int *p=&x; *p=10;`, explain x, p, &x, and *p in plain language. | Classify bugs as compile/link/runtime/logic/memory and choose an observation method for each.","Write a small C program that parses four comma-separated integer values from a fixed test string, validates range, stores them in an array, computes min/max/average, and returns a clear error for malformed input. Create at least three test cases, including an out-of-range value and missing field, then explain one debugger or logging strategy for a failed case.",Required semantic task SEM-C6-14-080; required primary lesson gate; v16.3 integrated lesson checks; Week 14 mastery/teach-back.,Correct auto-graded lesson checks where applicable; topic-specific constructed-response/performance evidence; changed-context practice; weekly cumulative mastery; physical evidence when required.,"LAB-014: Architecture sketch, source, build command/output, tests, defect log, corrected result, and commit identifier. Physical proficiency is credited only on the physical route.",LAB-014,16.3,PASS,Career integration: C programming as testable technical work,SEM-C6-14-080,Expressions/control flow; Functions/prototypes/scope; Arrays/strings/structs/enums/pointers and lifetimes; Bitwise masks/shifts; Common defect classes; Warnings and methodical debugging,w14-c-memory,Career
Career,C6.3,"Use arrays, strings, structs, enums, and pointers without confusing values, addresses, and object lifetimes.",C6,C Programming Fundamentals,14,Write and debug small C programs methodically,W14-CAREER-v16.3 · Career integration: C programming as testable technical work,"v16.3 integrated lesson: subject-specific technical instruction, instructional visual, worked examples, guided practice, changed independent scenario, knowledge checks, and required semantic evidence.","Trace a loop that sums five `uint16_t` values and state the value after each iteration. | Given `int x=7; int *p=&x; *p=10;`, explain x, p, &x, and *p in plain language. | Classify bugs as compile/link/runtime/logic/memory and choose an observation method for each.","Write a small C program that parses four comma-separated integer values from a fixed test string, validates range, stores them in an array, computes min/max/average, and returns a clear error for malformed input. Create at least three test cases, including an out-of-range value and missing field, then explain one debugger or logging strategy for a failed case.",Required semantic task SEM-C6-14-080; required primary lesson gate; v16.3 integrated lesson checks; Week 14 mastery/teach-back.,Correct auto-graded lesson checks where applicable; topic-specific constructed-response/performance evidence; changed-context practice; weekly cumulative mastery; physical evidence when required.,"LAB-014: Architecture sketch, source, build command/output, tests, defect log, corrected result, and commit identifier. Physical proficiency is credited only on the physical route.",LAB-014,16.3,PASS,Career integration: C programming as testable technical work,SEM-C6-14-080,Expressions/control flow; Functions/prototypes/scope; Arrays/strings/structs/enums/pointers and lifetimes; Bitwise masks/shifts; Common defect classes; Warnings and methodical debugging,w14-c-memory,Career
Career,C6.5,"Identify common C defects such as off-by-one errors, uninitialized variables, invalid pointer use, integer overflow, and missing bounds checks.",C6,C Programming Fundamentals,14,Write and debug small C programs methodically,W14-CAREER-v16.3 · Career integration: C programming as testable technical work,"v16.3 integrated lesson: subject-specific technical instruction, instructional visual, worked examples, guided practice, changed independent scenario, knowledge checks, and required semantic evidence.","Trace a loop that sums five `uint16_t` values and state the value after each iteration. | Given `int x=7; int *p=&x; *p=10;`, explain x, p, &x, and *p in plain language. | Classify bugs as compile/link/runtime/logic/memory and choose an observation method for each.","Write a small C program that parses four comma-separated integer values from a fixed test string, validates range, stores them in an array, computes min/max/average, and returns a clear error for malformed input. Create at least three test cases, including an out-of-range value and missing field, then explain one debugger or logging strategy for a failed case.",Required semantic task SEM-C6-14-080; required primary lesson gate; v16.3 integrated lesson checks; Week 14 mastery/teach-back.,Correct auto-graded lesson checks where applicable; topic-specific constructed-response/performance evidence; changed-context practice; weekly cumulative mastery; physical evidence when required.,"LAB-014: Architecture sketch, source, build command/output, tests, defect log, corrected result, and commit identifier. Physical proficiency is credited only on the physical route.",LAB-014,16.3,PASS,Career integration: C programming as testable technical work,SEM-C6-14-080,Expressions/control flow; Functions/prototypes/scope; Arrays/strings/structs/enums/pointers and lifetimes; Bitwise masks/shifts; Common defect classes; Warnings and methodical debugging,w14-c-memory,Career
Career,C6.6,"Compile with warnings enabled, read diagnostics, and debug a small program methodically rather than changing code at random.",C6,C Programming Fundamentals,14,Write and debug small C programs methodically,W14-CAREER-v16.3 · Career integration: C programming as testable technical work,"v16.3 integrated lesson: subject-specific technical instruction, instructional visual, worked examples, guided practice, changed independent scenario, knowledge checks, and required semantic evidence.","Trace a loop that sums five `uint16_t` values and state the value after each iteration. | Given `int x=7; int *p=&x; *p=10;`, explain x, p, &x, and *p in plain language. | Classify bugs as compile/link/runtime/logic/memory and choose an observation method for each.","Write a small C program that parses four comma-separated integer values from a fixed test string, validates range, stores them in an array, computes min/max/average, and returns a clear error for malformed input. Create at least three test cases, including an out-of-range value and missing field, then explain one debugger or logging strategy for a failed case.",Required semantic task SEM-C6-14-080; required primary lesson gate; v16.3 integrated lesson checks; Week 14 mastery/teach-back.,Correct auto-graded lesson checks where applicable; topic-specific constructed-response/performance evidence; changed-context practice; weekly cumulative mastery; physical evidence when required.,"LAB-014: Architecture sketch, source, build command/output, tests, defect log, corrected result, and commit identifier. Physical proficiency is credited only on the physical route.",LAB-014,16.3,PASS,Career integration: C programming as testable technical work,SEM-C6-14-080,Expressions/control flow; Functions/prototypes/scope; Arrays/strings/structs/enums/pointers and lifetimes; Bitwise masks/shifts; Common defect classes; Warnings and methodical debugging,w14-c-memory,Career
Career,C12.2,"Use basic command-line tools and a repeatable project structure to build, run, inspect, and archive engineering work.",C12,Engineering Workflow & Documentation,22,Write requirements and verification before building,"W22-CAREER-v16.3 · Career integration: Git, command line, lab notes, reports, and technical handoff","v16.3 integrated lesson: subject-specific technical instruction, instructional visual, worked examples, guided practice, changed independent scenario, knowledge checks, and required semantic evidence.","Rewrite 'the UART should be fast' into a measurable requirement with baud/response-time/error behavior. | Classify four activities as verification, validation, characterization, or troubleshooting. | Create a three-row requirement-to-test matrix for an MCU + sensor + UART project.","Define the first version of Project 1 using 5-10 measurable requirements, a block diagram, interface table, BOM, risk list, and trace matrix. Every requirement must have at least one planned verification method. Remove or backlog any feature that cannot be tied to the current project goal or tested with available equipment.",Required semantic task SEM-C12-22-086; required primary lesson gate; v16.3 integrated lesson checks; Week 22 mastery/teach-back.,Correct auto-graded lesson checks where applicable; topic-specific constructed-response/performance evidence; changed-context practice; weekly cumulative mastery; physical evidence when required.,"LAB-014: Architecture sketch, source, build command/output, tests, defect log, corrected result, and commit identifier. Physical proficiency is credited only on the physical route.",LAB-014,16.3,PASS,"Career integration: Git, command line, lab notes, reports, and technical handoff",SEM-C12-22-086,Meaningful Git commits/branches; Repeatable command-line/project structure; Complete dated lab notes; Purpose/setup/method/results/conclusion/risks report; Fact-based engineer handoff with precise question; Organized versioned units/files/screenshots/code/schematics/evidence,w22-requirement-trace,Career
CETa,15.7,Describe the reasons for different computer languages and their relationships,15,Computer Electronics,14,"Computer blocks, representation, memory, and the build path","W14-CETA-v16.3 · PLC purpose, scan cycle, programming concepts, and languages","v16.3 integrated lesson: subject-specific technical instruction, instructional visual, worked examples, guided practice, changed independent scenario, knowledge checks, and required semantic evidence.","Classify five failures as compile, link, load/program, or runtime: syntax error, undefined reference, programmer cannot connect, program hard-faults, missing header declaration warning. | Draw CPU, RAM, flash/nonvolatile storage, and peripheral I/O blocks. Trace what happens from power-up to executing an instruction that reads an input. | Explain a PLC scan using a start/stop input and motor output, then identify what field measurement is needed to prove the output actually energized.","Take a tiny C project with at least two source files and one header. Document preprocess/compile/link/run stages, intentionally create one compile error and one link error, capture the messages, and explain how you know which stage failed. Then map the executable behavior onto a simple computer block diagram showing CPU, memory, and I/O.",Required semantic task SEM-15-14-056; required primary lesson gate; v16.3 integrated lesson checks; Week 14 mastery/teach-back.,Correct auto-graded lesson checks where applicable; topic-specific constructed-response/performance evidence; changed-context practice; weekly cumulative mastery; physical evidence when required.,"LAB-015: Requirements, state diagram/table, source, timing tests, bit-operation checks, injected fault, and commit. Physical proficiency is credited only on the physical route.",LAB-015,16.3,PASS,"PLC purpose, scan cycle, programming concepts, and languages",SEM-15-14-056,Define PLC use and rugged I/O-control role; Describe input-execute-output scan cycle; Identify ladder/function-block/structured-text type differences; Use variables/timers/counters/state concepts; Distinguish software state from physical I/O evidence,w14-build-computer,CETa
Career,C7.2,Use volatile and fixed-width integer types appropriately when code interacts with hardware registers or asynchronous events.,C7,Embedded C & MCU Architecture,15,"Responsive embedded architecture, volatile, and timing choices","W15-CAREER-v16.3 · Career integration: embedded C, MCU architecture, and nonblocking design","v16.3 integrated lesson: subject-specific technical instruction, instructional visual, worked examples, guided practice, changed independent scenario, knowledge checks, and required semantic evidence.","Convert a 1 MHz timer clock into tick period and determine how many ticks represent 250 us. | Write a three-state machine for IDLE -> MEASURE -> REPORT with explicit transition conditions. | Decide whether each variable should be `volatile`: local loop counter, memory-mapped register, interrupt-updated flag, constant lookup table. Explain why.","Refactor a blocking embedded example into a state-machine or elapsed-time design with at least two concurrent responsibilities, such as LED heartbeat plus sensor sampling or UART command handling. Define timing requirements, state variables, error/recovery state, and external evidence that proves neither responsibility starves the other.",Required semantic task SEM-C7-15-081; required primary lesson gate; v16.3 integrated lesson checks; Week 15 mastery/teach-back.,Correct auto-graded lesson checks where applicable; topic-specific constructed-response/performance evidence; changed-context practice; weekly cumulative mastery; physical evidence when required.,"LAB-015: Requirements, state diagram/table, source, timing tests, bit-operation checks, injected fault, and commit. Physical proficiency is credited only on the physical route.",LAB-015,16.3,PASS,"Career integration: embedded C, MCU architecture, and nonblocking design",SEM-C7-15-081,CPU/register/memory/peripheral/clock/interrupt/bus roles; Fixed-width and volatile use/limits; Mask/read-modify-write preserving unrelated bits; Nonblocking state machine; Polling vs interrupt decision; Layer hardware/application/diagnostic responsibilities,w15-state-machine,Career
Career,C7.3,Apply read-modify-write and bit-mask operations to peripheral control registers while preserving unrelated bits.,C7,Embedded C & MCU Architecture,15,"Responsive embedded architecture, volatile, and timing choices","W15-CAREER-v16.3 · Career integration: embedded C, MCU architecture, and nonblocking design","v16.3 integrated lesson: subject-specific technical instruction, instructional visual, worked examples, guided practice, changed independent scenario, knowledge checks, and required semantic evidence.","Convert a 1 MHz timer clock into tick period and determine how many ticks represent 250 us. | Write a three-state machine for IDLE -> MEASURE -> REPORT with explicit transition conditions. | Decide whether each variable should be `volatile`: local loop counter, memory-mapped register, interrupt-updated flag, constant lookup table. Explain why.","Refactor a blocking embedded example into a state-machine or elapsed-time design with at least two concurrent responsibilities, such as LED heartbeat plus sensor sampling or UART command handling. Define timing requirements, state variables, error/recovery state, and external evidence that proves neither responsibility starves the other.",Required semantic task SEM-C7-15-081; required primary lesson gate; v16.3 integrated lesson checks; Week 15 mastery/teach-back.,Correct auto-graded lesson checks where applicable; topic-specific constructed-response/performance evidence; changed-context practice; weekly cumulative mastery; physical evidence when required.,"LAB-015: Requirements, state diagram/table, source, timing tests, bit-operation checks, injected fault, and commit. Physical proficiency is credited only on the physical route.",LAB-015,16.3,PASS,"Career integration: embedded C, MCU architecture, and nonblocking design",SEM-C7-15-081,CPU/register/memory/peripheral/clock/interrupt/bus roles; Fixed-width and volatile use/limits; Mask/read-modify-write preserving unrelated bits; Nonblocking state machine; Polling vs interrupt decision; Layer hardware/application/diagnostic responsibilities,w15-state-machine,Career
Career,C7.4,Design a nonblocking state machine for a simple embedded behavior instead of relying on long blocking delays.,C7,Embedded C & MCU Architecture,15,"Responsive embedded architecture, volatile, and timing choices","W15-CAREER-v16.3 · Career integration: embedded C, MCU architecture, and nonblocking design","v16.3 integrated lesson: subject-specific technical instruction, instructional visual, worked examples, guided practice, changed independent scenario, knowledge checks, and required semantic evidence.","Convert a 1 MHz timer clock into tick period and determine how many ticks represent 250 us. | Write a three-state machine for IDLE -> MEASURE -> REPORT with explicit transition conditions. | Decide whether each variable should be `volatile`: local loop counter, memory-mapped register, interrupt-updated flag, constant lookup table. Explain why.","Refactor a blocking embedded example into a state-machine or elapsed-time design with at least two concurrent responsibilities, such as LED heartbeat plus sensor sampling or UART command handling. Define timing requirements, state variables, error/recovery state, and external evidence that proves neither responsibility starves the other.",Required semantic task SEM-C7-15-081; required primary lesson gate; v16.3 integrated lesson checks; Week 15 mastery/teach-back.,Correct auto-graded lesson checks where applicable; topic-specific constructed-response/performance evidence; changed-context practice; weekly cumulative mastery; physical evidence when required.,"LAB-015: Requirements, state diagram/table, source, timing tests, bit-operation checks, injected fault, and commit. Physical proficiency is credited only on the physical route.",LAB-015,16.3,PASS,"Career integration: embedded C, MCU architecture, and nonblocking design",SEM-C7-15-081,CPU/register/memory/peripheral/clock/interrupt/bus roles; Fixed-width and volatile use/limits; Mask/read-modify-write preserving unrelated bits; Nonblocking state machine; Polling vs interrupt decision; Layer hardware/application/diagnostic responsibilities,w15-state-machine,Career
Career,C7.5,Explain polling versus interrupts and select the simpler correct approach for a given timing requirement.,C7,Embedded C & MCU Architecture,15,"Responsive embedded architecture, volatile, and timing choices","W15-CAREER-v16.3 · Career integration: embedded C, MCU architecture, and nonblocking design","v16.3 integrated lesson: subject-specific technical instruction, instructional visual, worked examples, guided practice, changed independent scenario, knowledge checks, and required semantic evidence.","Convert a 1 MHz timer clock into tick period and determine how many ticks represent 250 us. | Write a three-state machine for IDLE -> MEASURE -> REPORT with explicit transition conditions. | Decide whether each variable should be `volatile`: local loop counter, memory-mapped register, interrupt-updated flag, constant lookup table. Explain why.","Refactor a blocking embedded example into a state-machine or elapsed-time design with at least two concurrent responsibilities, such as LED heartbeat plus sensor sampling or UART command handling. Define timing requirements, state variables, error/recovery state, and external evidence that proves neither responsibility starves the other.",Required semantic task SEM-C7-15-081; required primary lesson gate; v16.3 integrated lesson checks; Week 15 mastery/teach-back.,Correct auto-graded lesson checks where applicable; topic-specific constructed-response/performance evidence; changed-context practice; weekly cumulative mastery; physical evidence when required.,"LAB-015: Requirements, state diagram/table, source, timing tests, bit-operation checks, injected fault, and commit. Physical proficiency is credited only on the physical route.",LAB-015,16.3,PASS,"Career integration: embedded C, MCU architecture, and nonblocking design",SEM-C7-15-081,CPU/register/memory/peripheral/clock/interrupt/bus roles; Fixed-width and volatile use/limits; Mask/read-modify-write preserving unrelated bits; Nonblocking state machine; Polling vs interrupt decision; Layer hardware/application/diagnostic responsibilities,w15-state-machine,Career
Career,C7.6,"Separate hardware abstraction, application logic, and diagnostic output so firmware is easier to test and troubleshoot.",C7,Embedded C & MCU Architecture,15,"Responsive embedded architecture, volatile, and timing choices","W15-CAREER-v16.3 · Career integration: embedded C, MCU architecture, and nonblocking design","v16.3 integrated lesson: subject-specific technical instruction, instructional visual, worked examples, guided practice, changed independent scenario, knowledge checks, and required semantic evidence.","Convert a 1 MHz timer clock into tick period and determine how many ticks represent 250 us. | Write a three-state machine for IDLE -> MEASURE -> REPORT with explicit transition conditions. | Decide whether each variable should be `volatile`: local loop counter, memory-mapped register, interrupt-updated flag, constant lookup table. Explain why.","Refactor a blocking embedded example into a state-machine or elapsed-time design with at least two concurrent responsibilities, such as LED heartbeat plus sensor sampling or UART command handling. Define timing requirements, state variables, error/recovery state, and external evidence that proves neither responsibility starves the other.",Required semantic task SEM-C7-15-081; required primary lesson gate; v16.3 integrated lesson checks; Week 15 mastery/teach-back.,Correct auto-graded lesson checks where applicable; topic-specific constructed-response/performance evidence; changed-context practice; weekly cumulative mastery; physical evidence when required.,"LAB-015: Requirements, state diagram/table, source, timing tests, bit-operation checks, injected fault, and commit. Physical proficiency is credited only on the physical route.",LAB-015,16.3,PASS,"Career integration: embedded C, MCU architecture, and nonblocking design",SEM-C7-15-081,CPU/register/memory/peripheral/clock/interrupt/bus roles; Fixed-width and volatile use/limits; Mask/read-modify-write preserving unrelated bits; Nonblocking state machine; Polling vs interrupt decision; Layer hardware/application/diagnostic responsibilities,w15-state-machine,Career
CETa,15.8,Define a ‘peripheral’ and list various types,15,Computer Electronics,14,"Computer blocks, representation, memory, and the build path",W14-CETA-v16.3 · Peripherals and interface devices/cards,"v16.3 integrated lesson: subject-specific technical instruction, instructional visual, worked examples, guided practice, changed independent scenario, knowledge checks, and required semantic evidence.","Classify five failures as compile, link, load/program, or runtime: syntax error, undefined reference, programmer cannot connect, program hard-faults, missing header declaration warning. | Draw CPU, RAM, flash/nonvolatile storage, and peripheral I/O blocks. Trace what happens from power-up to executing an instruction that reads an input. | Explain a PLC scan using a start/stop input and motor output, then identify what field measurement is needed to prove the output actually energized.","Take a tiny C project with at least two source files and one header. Document preprocess/compile/link/run stages, intentionally create one compile error and one link error, capture the messages, and explain how you know which stage failed. Then map the executable behavior onto a simple computer block diagram showing CPU, memory, and I/O.",Required semantic task SEM-15-14-057; required primary lesson gate; v16.3 integrated lesson checks; Week 14 mastery/teach-back.,Correct auto-graded lesson checks where applicable; topic-specific constructed-response/performance evidence; changed-context practice; weekly cumulative mastery; physical evidence when required.,"LAB-016: Configuration screenshots/files, version/tool record, power/current check, SWD evidence, pin measurement, known-good commit, fault/fix log. Physical proficiency is credited only on the physical route.",LAB-016,16.3,PASS,Peripherals and interface devices/cards,SEM-15-14-057,Define peripheral with examples; Name common interface chip/card categories; Separate power/physical/bus/driver/configuration layers; Use enumeration/resource evidence; Avoid assuming “powered = communicating”,w14-build-computer,CETa
Career,C8.1,"Create an STM32 project with correct MCU/board selection, clock configuration, pin mapping, and generated initialization code.",C8,STM32 Bring-Up & Debugging,16,"Create, flash, verify, and document a minimum STM32 bring-up",W16-CAREER-v16.3 · Career integration: STM32 bring-up and SWD evidence,"v16.3 integrated lesson: subject-specific technical instruction, instructional visual, worked examples, guided practice, changed independent scenario, knowledge checks, and required semantic evidence.","Write a bring-up checklist from unpowered board to verified GPIO including exact evidence at each rung. | Given a board LED connected active-low to PA5, explain what register/pin voltage/LED state you expect when firmware writes logical 1 versus 0. | Create a 'what this proves' table for: flash success, breakpoint at main, GPIO ODR bit, DMM pin voltage, scope toggle, LED state.","Create or use an exact-board STM32 project. Record toolchain and board/MCU identity, configure clocks and one GPIO, build with no unexplained warnings, flash, halt at a known breakpoint, inspect the relevant register, and verify the pin physically or through approved simulation. Introduce one reversible configuration fault—wrong pin mode, disabled peripheral clock, or controlled code change—and document symptom, SWD evidence, physical evidence, correction, and retest.",Required semantic task SEM-C8-16-082; required primary lesson gate; v16.3 integrated lesson checks; Week 16 mastery/teach-back.,Correct auto-graded lesson checks where applicable; topic-specific constructed-response/performance evidence; changed-context practice; weekly cumulative mastery; physical evidence when required.,"LAB-016: Configuration screenshots/files, version/tool record, power/current check, SWD evidence, pin measurement, known-good commit, fault/fix log. Physical proficiency is credited only on the physical route.",LAB-016,16.3,PASS,Career integration: STM32 bring-up and SWD evidence,SEM-C8-16-082,Correct board/clock/pin/generated init; GPIO firmware plus physical verification; SWD halt/step/breakpoint/register use; Timer/ADC/interrupt units/clock assumptions; Current/reset/boot/clock/debug early checks; Reproducible fault evidence with revision/configuration/fix,w16-bringup-ladder,Career
Career,C8.2,Bring up a GPIO input/output and verify both firmware state and physical pin behavior.,C8,STM32 Bring-Up & Debugging,16,"Create, flash, verify, and document a minimum STM32 bring-up",W16-CAREER-v16.3 · Career integration: STM32 bring-up and SWD evidence,"v16.3 integrated lesson: subject-specific technical instruction, instructional visual, worked examples, guided practice, changed independent scenario, knowledge checks, and required semantic evidence.","Write a bring-up checklist from unpowered board to verified GPIO including exact evidence at each rung. | Given a board LED connected active-low to PA5, explain what register/pin voltage/LED state you expect when firmware writes logical 1 versus 0. | Create a 'what this proves' table for: flash success, breakpoint at main, GPIO ODR bit, DMM pin voltage, scope toggle, LED state.","Create or use an exact-board STM32 project. Record toolchain and board/MCU identity, configure clocks and one GPIO, build with no unexplained warnings, flash, halt at a known breakpoint, inspect the relevant register, and verify the pin physically or through approved simulation. Introduce one reversible configuration fault—wrong pin mode, disabled peripheral clock, or controlled code change—and document symptom, SWD evidence, physical evidence, correction, and retest.",Required semantic task SEM-C8-16-082; required primary lesson gate; v16.3 integrated lesson checks; Week 16 mastery/teach-back.,Correct auto-graded lesson checks where applicable; topic-specific constructed-response/performance evidence; changed-context practice; weekly cumulative mastery; physical evidence when required.,"LAB-016: Configuration screenshots/files, version/tool record, power/current check, SWD evidence, pin measurement, known-good commit, fault/fix log. Physical proficiency is credited only on the physical route.",LAB-016,16.3,PASS,Career integration: STM32 bring-up and SWD evidence,SEM-C8-16-082,Correct board/clock/pin/generated init; GPIO firmware plus physical verification; SWD halt/step/breakpoint/register use; Timer/ADC/interrupt units/clock assumptions; Current/reset/boot/clock/debug early checks; Reproducible fault evidence with revision/configuration/fix,w16-bringup-ladder,Career
Career,C8.3,"Use SWD debugging to halt, step, inspect variables/registers, set breakpoints, and distinguish code-flow problems from hardware problems.",C8,STM32 Bring-Up & Debugging,16,"Create, flash, verify, and document a minimum STM32 bring-up",W16-CAREER-v16.3 · Career integration: STM32 bring-up and SWD evidence,"v16.3 integrated lesson: subject-specific technical instruction, instructional visual, worked examples, guided practice, changed independent scenario, knowledge checks, and required semantic evidence.","Write a bring-up checklist from unpowered board to verified GPIO including exact evidence at each rung. | Given a board LED connected active-low to PA5, explain what register/pin voltage/LED state you expect when firmware writes logical 1 versus 0. | Create a 'what this proves' table for: flash success, breakpoint at main, GPIO ODR bit, DMM pin voltage, scope toggle, LED state.","Create or use an exact-board STM32 project. Record toolchain and board/MCU identity, configure clocks and one GPIO, build with no unexplained warnings, flash, halt at a known breakpoint, inspect the relevant register, and verify the pin physically or through approved simulation. Introduce one reversible configuration fault—wrong pin mode, disabled peripheral clock, or controlled code change—and document symptom, SWD evidence, physical evidence, correction, and retest.",Required semantic task SEM-C8-16-082; required primary lesson gate; v16.3 integrated lesson checks; Week 16 mastery/teach-back.,Correct auto-graded lesson checks where applicable; topic-specific constructed-response/performance evidence; changed-context practice; weekly cumulative mastery; physical evidence when required.,"LAB-016: Configuration screenshots/files, version/tool record, power/current check, SWD evidence, pin measurement, known-good commit, fault/fix log. Physical proficiency is credited only on the physical route.",LAB-016,16.3,PASS,Career integration: STM32 bring-up and SWD evidence,SEM-C8-16-082,Correct board/clock/pin/generated init; GPIO firmware plus physical verification; SWD halt/step/breakpoint/register use; Timer/ADC/interrupt units/clock assumptions; Current/reset/boot/clock/debug early checks; Reproducible fault evidence with revision/configuration/fix,w16-bringup-ladder,Career
Career,C8.5,"Use current draw, reset behavior, clock configuration, boot configuration, and debug connectivity as early board bring-up checks.",C8,STM32 Bring-Up & Debugging,16,"Create, flash, verify, and document a minimum STM32 bring-up",W16-CAREER-v16.3 · Career integration: STM32 bring-up and SWD evidence,"v16.3 integrated lesson: subject-specific technical instruction, instructional visual, worked examples, guided practice, changed independent scenario, knowledge checks, and required semantic evidence.","Write a bring-up checklist from unpowered board to verified GPIO including exact evidence at each rung. | Given a board LED connected active-low to PA5, explain what register/pin voltage/LED state you expect when firmware writes logical 1 versus 0. | Create a 'what this proves' table for: flash success, breakpoint at main, GPIO ODR bit, DMM pin voltage, scope toggle, LED state.","Create or use an exact-board STM32 project. Record toolchain and board/MCU identity, configure clocks and one GPIO, build with no unexplained warnings, flash, halt at a known breakpoint, inspect the relevant register, and verify the pin physically or through approved simulation. Introduce one reversible configuration fault—wrong pin mode, disabled peripheral clock, or controlled code change—and document symptom, SWD evidence, physical evidence, correction, and retest.",Required semantic task SEM-C8-16-082; required primary lesson gate; v16.3 integrated lesson checks; Week 16 mastery/teach-back.,Correct auto-graded lesson checks where applicable; topic-specific constructed-response/performance evidence; changed-context practice; weekly cumulative mastery; physical evidence when required.,"LAB-016: Configuration screenshots/files, version/tool record, power/current check, SWD evidence, pin measurement, known-good commit, fault/fix log. Physical proficiency is credited only on the physical route.",LAB-016,16.3,PASS,Career integration: STM32 bring-up and SWD evidence,SEM-C8-16-082,Correct board/clock/pin/generated init; GPIO firmware plus physical verification; SWD halt/step/breakpoint/register use; Timer/ADC/interrupt units/clock assumptions; Current/reset/boot/clock/debug early checks; Reproducible fault evidence with revision/configuration/fix,w16-bringup-ladder,Career
Career,C8.6,"Capture a reproducible STM32 fault with firmware revision, configuration, measurements, and a verified fix.",C8,STM32 Bring-Up & Debugging,16,"Create, flash, verify, and document a minimum STM32 bring-up",W16-CAREER-v16.3 · Career integration: STM32 bring-up and SWD evidence,"v16.3 integrated lesson: subject-specific technical instruction, instructional visual, worked examples, guided practice, changed independent scenario, knowledge checks, and required semantic evidence.","Write a bring-up checklist from unpowered board to verified GPIO including exact evidence at each rung. | Given a board LED connected active-low to PA5, explain what register/pin voltage/LED state you expect when firmware writes logical 1 versus 0. | Create a 'what this proves' table for: flash success, breakpoint at main, GPIO ODR bit, DMM pin voltage, scope toggle, LED state.","Create or use an exact-board STM32 project. Record toolchain and board/MCU identity, configure clocks and one GPIO, build with no unexplained warnings, flash, halt at a known breakpoint, inspect the relevant register, and verify the pin physically or through approved simulation. Introduce one reversible configuration fault—wrong pin mode, disabled peripheral clock, or controlled code change—and document symptom, SWD evidence, physical evidence, correction, and retest.",Required semantic task SEM-C8-16-082; required primary lesson gate; v16.3 integrated lesson checks; Week 16 mastery/teach-back.,Correct auto-graded lesson checks where applicable; topic-specific constructed-response/performance evidence; changed-context practice; weekly cumulative mastery; physical evidence when required.,"LAB-016: Configuration screenshots/files, version/tool record, power/current check, SWD evidence, pin measurement, known-good commit, fault/fix log. Physical proficiency is credited only on the physical route.",LAB-016,16.3,PASS,Career integration: STM32 bring-up and SWD evidence,SEM-C8-16-082,Correct board/clock/pin/generated init; GPIO firmware plus physical verification; SWD halt/step/breakpoint/register use; Timer/ADC/interrupt units/clock assumptions; Current/reset/boot/clock/debug early checks; Reproducible fault evidence with revision/configuration/fix,w16-bringup-ladder,Career
CETa,16.1,Explain knowledge of basic computer operation,16,Computer Applications and Software,17,"UART frames, parameters, levels, and error causes","W17-CETA-v16.3 · Basic operation, setup/configuration, and stand-alone versus networked computers","v16.3 integrated lesson: subject-specific technical instruction, instructional visual, worked examples, guided practice, changed independent scenario, knowledge checks, and required semantic evidence.","Draw an 8N1 frame for data byte 0x55 assuming idle-high and LSB-first. Label start, each data bit, and stop. | A logic analyzer decodes nonsense at 115200 but the raw bit period measures about 104 us. Estimate the actual baud rate and state the likely problem. | List the physical checks before blaming parsing: voltage levels, ground/reference, TX/RX crossover, idle level, actual baud, frame settings.","Configure or simulate a UART link. Send a repeating known byte sequence such as 0x55, 0xA5, or readable text. Capture raw waveform, measure bit time, decode it, and document framing settings. Then intentionally create one mismatch—baud, parity, crossed/missing wire, or logic-voltage assumption where safe—and explain the raw and decoded symptom that identifies the layer.",Required semantic task SEM-16-17-058; required primary lesson gate; v16.3 integrated lesson checks; Week 17 mastery/teach-back.,Correct auto-graded lesson checks where applicable; topic-specific constructed-response/performance evidence; changed-context practice; weekly cumulative mastery; physical evidence when required.,"LAB-017: Interface table, waveform/decode capture, firmware/host code, transcript, structured log, error-case results, and commit. Physical proficiency is credited only on the physical route.",LAB-017,16.3,PASS,"Basic operation, setup/configuration, and stand-alone versus networked computers",SEM-16-17-058,Explain boot/OS/driver/application relationship; Outline setup and configuration stages; Explain why configuration choices are purpose-specific; Differentiate stand-alone from network dependencies; Use layered network troubleshooting rather than indiscriminate reinstall,w17-uart-frame,CETa
CETa,16.2,Explain steps in installation/set up of a computer,16,Computer Applications and Software,17,"UART frames, parameters, levels, and error causes","W17-CETA-v16.3 · Basic operation, setup/configuration, and stand-alone versus networked computers","v16.3 integrated lesson: subject-specific technical instruction, instructional visual, worked examples, guided practice, changed independent scenario, knowledge checks, and required semantic evidence.","Draw an 8N1 frame for data byte 0x55 assuming idle-high and LSB-first. Label start, each data bit, and stop. | A logic analyzer decodes nonsense at 115200 but the raw bit period measures about 104 us. Estimate the actual baud rate and state the likely problem. | List the physical checks before blaming parsing: voltage levels, ground/reference, TX/RX crossover, idle level, actual baud, frame settings.","Configure or simulate a UART link. Send a repeating known byte sequence such as 0x55, 0xA5, or readable text. Capture raw waveform, measure bit time, decode it, and document framing settings. Then intentionally create one mismatch—baud, parity, crossed/missing wire, or logic-voltage assumption where safe—and explain the raw and decoded symptom that identifies the layer.",Required semantic task SEM-16-17-058; required primary lesson gate; v16.3 integrated lesson checks; Week 17 mastery/teach-back.,Correct auto-graded lesson checks where applicable; topic-specific constructed-response/performance evidence; changed-context practice; weekly cumulative mastery; physical evidence when required.,"LAB-017: Interface table, waveform/decode capture, firmware/host code, transcript, structured log, error-case results, and commit. Physical proficiency is credited only on the physical route.",LAB-017,16.3,PASS,"Basic operation, setup/configuration, and stand-alone versus networked computers",SEM-16-17-058,Explain boot/OS/driver/application relationship; Outline setup and configuration stages; Explain why configuration choices are purpose-specific; Differentiate stand-alone from network dependencies; Use layered network troubleshooting rather than indiscriminate reinstall,w17-uart-frame,CETa
CETa,16.3,Explain the reasons and choices used in configuring a computer,16,Computer Applications and Software,17,"UART frames, parameters, levels, and error causes","W17-CETA-v16.3 · Basic operation, setup/configuration, and stand-alone versus networked computers","v16.3 integrated lesson: subject-specific technical instruction, instructional visual, worked examples, guided practice, changed independent scenario, knowledge checks, and required semantic evidence.","Draw an 8N1 frame for data byte 0x55 assuming idle-high and LSB-first. Label start, each data bit, and stop. | A logic analyzer decodes nonsense at 115200 but the raw bit period measures about 104 us. Estimate the actual baud rate and state the likely problem. | List the physical checks before blaming parsing: voltage levels, ground/reference, TX/RX crossover, idle level, actual baud, frame settings.","Configure or simulate a UART link. Send a repeating known byte sequence such as 0x55, 0xA5, or readable text. Capture raw waveform, measure bit time, decode it, and document framing settings. Then intentionally create one mismatch—baud, parity, crossed/missing wire, or logic-voltage assumption where safe—and explain the raw and decoded symptom that identifies the layer.",Required semantic task SEM-16-17-058; required primary lesson gate; v16.3 integrated lesson checks; Week 17 mastery/teach-back.,Correct auto-graded lesson checks where applicable; topic-specific constructed-response/performance evidence; changed-context practice; weekly cumulative mastery; physical evidence when required.,"LAB-017: Interface table, waveform/decode capture, firmware/host code, transcript, structured log, error-case results, and commit. Physical proficiency is credited only on the physical route.",LAB-017,16.3,PASS,"Basic operation, setup/configuration, and stand-alone versus networked computers",SEM-16-17-058,Explain boot/OS/driver/application relationship; Outline setup and configuration stages; Explain why configuration choices are purpose-specific; Differentiate stand-alone from network dependencies; Use layered network troubleshooting rather than indiscriminate reinstall,w17-uart-frame,CETa
CETa,16.4,Describe proper loading and storage of common programs and applications,16,Computer Applications and Software,17,"UART frames, parameters, levels, and error causes","W17-CETA-v16.3 · Program installation, utilities, backups, downloads, and recovery","v16.3 integrated lesson: subject-specific technical instruction, instructional visual, worked examples, guided practice, changed independent scenario, knowledge checks, and required semantic evidence.","Draw an 8N1 frame for data byte 0x55 assuming idle-high and LSB-first. Label start, each data bit, and stop. | A logic analyzer decodes nonsense at 115200 but the raw bit period measures about 104 us. Estimate the actual baud rate and state the likely problem. | List the physical checks before blaming parsing: voltage levels, ground/reference, TX/RX crossover, idle level, actual baud, frame settings.","Configure or simulate a UART link. Send a repeating known byte sequence such as 0x55, 0xA5, or readable text. Capture raw waveform, measure bit time, decode it, and document framing settings. Then intentionally create one mismatch—baud, parity, crossed/missing wire, or logic-voltage assumption where safe—and explain the raw and decoded symptom that identifies the layer.",Required semantic task SEM-16-17-059; required primary lesson gate; v16.3 integrated lesson checks; Week 17 mastery/teach-back.,Correct auto-graded lesson checks where applicable; topic-specific constructed-response/performance evidence; changed-context practice; weekly cumulative mastery; physical evidence when required.,"LAB-017: Interface table, waveform/decode capture, firmware/host code, transcript, structured log, error-case results, and commit. Physical proficiency is credited only on the physical route.",LAB-017,16.3,PASS,"Program installation, utilities, backups, downloads, and recovery",SEM-16-17-059,Use trusted/download-verification practices; Identify utility software purposes; Distinguish backup from sync; Require restore testing; Record version/configuration/rollback evidence,w17-uart-frame,CETa
CETa,16.5,Explain basic common utilities software and list reasons for their use,16,Computer Applications and Software,17,"UART frames, parameters, levels, and error causes","W17-CETA-v16.3 · Program installation, utilities, backups, downloads, and recovery","v16.3 integrated lesson: subject-specific technical instruction, instructional visual, worked examples, guided practice, changed independent scenario, knowledge checks, and required semantic evidence.","Draw an 8N1 frame for data byte 0x55 assuming idle-high and LSB-first. Label start, each data bit, and stop. | A logic analyzer decodes nonsense at 115200 but the raw bit period measures about 104 us. Estimate the actual baud rate and state the likely problem. | List the physical checks before blaming parsing: voltage levels, ground/reference, TX/RX crossover, idle level, actual baud, frame settings.","Configure or simulate a UART link. Send a repeating known byte sequence such as 0x55, 0xA5, or readable text. Capture raw waveform, measure bit time, decode it, and document framing settings. Then intentionally create one mismatch—baud, parity, crossed/missing wire, or logic-voltage assumption where safe—and explain the raw and decoded symptom that identifies the layer.",Required semantic task SEM-16-17-059; required primary lesson gate; v16.3 integrated lesson checks; Week 17 mastery/teach-back.,Correct auto-graded lesson checks where applicable; topic-specific constructed-response/performance evidence; changed-context practice; weekly cumulative mastery; physical evidence when required.,"LAB-017: Interface table, waveform/decode capture, firmware/host code, transcript, structured log, error-case results, and commit. Physical proficiency is credited only on the physical route.",LAB-017,16.3,PASS,"Program installation, utilities, backups, downloads, and recovery",SEM-16-17-059,Use trusted/download-verification practices; Identify utility software purposes; Distinguish backup from sync; Require restore testing; Record version/configuration/rollback evidence,w17-uart-frame,CETa
CETa,16.6,List ways to backup data and the vital importance of doing so,16,Computer Applications and Software,17,"UART frames, parameters, levels, and error causes","W17-CETA-v16.3 · Program installation, utilities, backups, downloads, and recovery","v16.3 integrated lesson: subject-specific technical instruction, instructional visual, worked examples, guided practice, changed independent scenario, knowledge checks, and required semantic evidence.","Draw an 8N1 frame for data byte 0x55 assuming idle-high and LSB-first. Label start, each data bit, and stop. | A logic analyzer decodes nonsense at 115200 but the raw bit period measures about 104 us. Estimate the actual baud rate and state the likely problem. | List the physical checks before blaming parsing: voltage levels, ground/reference, TX/RX crossover, idle level, actual baud, frame settings.","Configure or simulate a UART link. Send a repeating known byte sequence such as 0x55, 0xA5, or readable text. Capture raw waveform, measure bit time, decode it, and document framing settings. Then intentionally create one mismatch—baud, parity, crossed/missing wire, or logic-voltage assumption where safe—and explain the raw and decoded symptom that identifies the layer.",Required semantic task SEM-16-17-059; required primary lesson gate; v16.3 integrated lesson checks; Week 17 mastery/teach-back.,Correct auto-graded lesson checks where applicable; topic-specific constructed-response/performance evidence; changed-context practice; weekly cumulative mastery; physical evidence when required.,"LAB-017: Interface table, waveform/decode capture, firmware/host code, transcript, structured log, error-case results, and commit. Physical proficiency is credited only on the physical route.",LAB-017,16.3,PASS,"Program installation, utilities, backups, downloads, and recovery",SEM-16-17-059,Use trusted/download-verification practices; Identify utility software purposes; Distinguish backup from sync; Require restore testing; Record version/configuration/rollback evidence,w17-uart-frame,CETa
CETa,16.7,Explain the causes of line surges and viruses and protection procedures against each,16,Computer Applications and Software,17,"UART frames, parameters, levels, and error causes",W17-CETA-v16.3 · Surges versus malware and practical cybersecurity/network use,"v16.3 integrated lesson: subject-specific technical instruction, instructional visual, worked examples, guided practice, changed independent scenario, knowledge checks, and required semantic evidence.","Draw an 8N1 frame for data byte 0x55 assuming idle-high and LSB-first. Label start, each data bit, and stop. | A logic analyzer decodes nonsense at 115200 but the raw bit period measures about 104 us. Estimate the actual baud rate and state the likely problem. | List the physical checks before blaming parsing: voltage levels, ground/reference, TX/RX crossover, idle level, actual baud, frame settings.","Configure or simulate a UART link. Send a repeating known byte sequence such as 0x55, 0xA5, or readable text. Capture raw waveform, measure bit time, decode it, and document framing settings. Then intentionally create one mismatch—baud, parity, crossed/missing wire, or logic-voltage assumption where safe—and explain the raw and decoded symptom that identifies the layer.",Required semantic task SEM-16-17-060; required primary lesson gate; v16.3 integrated lesson checks; Week 17 mastery/teach-back.,Correct auto-graded lesson checks where applicable; topic-specific constructed-response/performance evidence; changed-context practice; weekly cumulative mastery; physical evidence when required.,"LAB-017: Interface table, waveform/decode capture, firmware/host code, transcript, structured log, error-case results, and commit. Physical proficiency is credited only on the physical route.",LAB-017,16.3,PASS,Surges versus malware and practical cybersecurity/network use,SEM-16-17-060,Differentiate surge/transient from malware; Name electrical surge-protection controls; Name patching/least-privilege/MFA/source-control/security controls; Explain link/IP/router/DNS/application layers; Preserve/report evidence on suspected compromise,w17-uart-frame,CETa
CETa,16.8,"Explain how to access the Internet, cybersecurity best practices and common applications",16,Computer Applications and Software,17,"UART frames, parameters, levels, and error causes",W17-CETA-v16.3 · Surges versus malware and practical cybersecurity/network use,"v16.3 integrated lesson: subject-specific technical instruction, instructional visual, worked examples, guided practice, changed independent scenario, knowledge checks, and required semantic evidence.","Draw an 8N1 frame for data byte 0x55 assuming idle-high and LSB-first. Label start, each data bit, and stop. | A logic analyzer decodes nonsense at 115200 but the raw bit period measures about 104 us. Estimate the actual baud rate and state the likely problem. | List the physical checks before blaming parsing: voltage levels, ground/reference, TX/RX crossover, idle level, actual baud, frame settings.","Configure or simulate a UART link. Send a repeating known byte sequence such as 0x55, 0xA5, or readable text. Capture raw waveform, measure bit time, decode it, and document framing settings. Then intentionally create one mismatch—baud, parity, crossed/missing wire, or logic-voltage assumption where safe—and explain the raw and decoded symptom that identifies the layer.",Required semantic task SEM-16-17-060; required primary lesson gate; v16.3 integrated lesson checks; Week 17 mastery/teach-back.,Correct auto-graded lesson checks where applicable; topic-specific constructed-response/performance evidence; changed-context practice; weekly cumulative mastery; physical evidence when required.,"LAB-017: Interface table, waveform/decode capture, firmware/host code, transcript, structured log, error-case results, and commit. Physical proficiency is credited only on the physical route.",LAB-017,16.3,PASS,Surges versus malware and practical cybersecurity/network use,SEM-16-17-060,Differentiate surge/transient from malware; Name electrical surge-protection controls; Name patching/least-privilege/MFA/source-control/security controls; Explain link/IP/router/DNS/application layers; Preserve/report evidence on suspected compromise,w17-uart-frame,CETa
CETa,16.9,"Describe how to download a service or application, data or software",16,Computer Applications and Software,17,"UART frames, parameters, levels, and error causes","W17-CETA-v16.3 · Program installation, utilities, backups, downloads, and recovery","v16.3 integrated lesson: subject-specific technical instruction, instructional visual, worked examples, guided practice, changed independent scenario, knowledge checks, and required semantic evidence.","Draw an 8N1 frame for data byte 0x55 assuming idle-high and LSB-first. Label start, each data bit, and stop. | A logic analyzer decodes nonsense at 115200 but the raw bit period measures about 104 us. Estimate the actual baud rate and state the likely problem. | List the physical checks before blaming parsing: voltage levels, ground/reference, TX/RX crossover, idle level, actual baud, frame settings.","Configure or simulate a UART link. Send a repeating known byte sequence such as 0x55, 0xA5, or readable text. Capture raw waveform, measure bit time, decode it, and document framing settings. Then intentionally create one mismatch—baud, parity, crossed/missing wire, or logic-voltage assumption where safe—and explain the raw and decoded symptom that identifies the layer.",Required semantic task SEM-16-17-059; required primary lesson gate; v16.3 integrated lesson checks; Week 17 mastery/teach-back.,Correct auto-graded lesson checks where applicable; topic-specific constructed-response/performance evidence; changed-context practice; weekly cumulative mastery; physical evidence when required.,"LAB-017: Interface table, waveform/decode capture, firmware/host code, transcript, structured log, error-case results, and commit. Physical proficiency is credited only on the physical route.",LAB-017,16.3,PASS,"Program installation, utilities, backups, downloads, and recovery",SEM-16-17-059,Use trusted/download-verification practices; Identify utility software purposes; Distinguish backup from sync; Require restore testing; Record version/configuration/rollback evidence,w17-uart-frame,CETa
Career,C9.1,"Configure UART parameters and diagnose mismatched baud rate, data bits, parity, stop bits, logic level, or crossed TX/RX connections.",C9,"UART, I²C & SPI Interfaces",18,Datasheet-to-wire integration and bus fault isolation,"W18-CAREER-v16.3 · Career integration: UART, I²C, SPI, datasheets, and protocol captures","v16.3 integrated lesson: subject-specific technical instruction, instructional visual, worked examples, guided practice, changed independent scenario, knowledge checks, and required semantic evidence.","Build a pin/interface table from a real sensor datasheet: VDD, GND, SDA/SCL or SCLK/MOSI/MISO/CS, interrupt, address pins, voltage and idle states. | Given an I2C capture with slow SDA rise but correct address, decide which hardware parameters you inspect before firmware. | Given an SPI capture where data appears shifted by one bit, list CPOL/CPHA, bit order, chip-select timing, and sample-edge checks.","Integrate one real or simulated sensor/peripheral from datasheet to working transaction. Save the wiring/interface table, initialization settings, raw logic-analyzer capture, decoded transaction, ID/register result, and one intentional fault such as wrong address, missing pull-up, wrong SPI mode, or disconnected device. Diagnose, correct, and retest while changing only the supported cause.",Required semantic task SEM-C9-18-083; required primary lesson gate; v16.3 integrated lesson checks; Week 18 mastery/teach-back.,Correct auto-graded lesson checks where applicable; topic-specific constructed-response/performance evidence; changed-context practice; weekly cumulative mastery; physical evidence when required.,"LAB-017: Interface table, waveform/decode capture, firmware/host code, transcript, structured log, error-case results, and commit. Physical proficiency is credited only on the physical route.",LAB-017,16.3,PASS,"Career integration: UART, I²C, SPI, datasheets, and protocol captures",SEM-C9-18-083,UART parameter/level/TX-RX diagnosis; I2C open-drain/pull-up/address/ACK/stuck-bus; SPI clock/data/CS/CPOL/CPHA/word configuration; Logic analyzer correlation; Datasheet register/timing/response extraction; Layered failure classification,w18-peripheral-stack,Career
CETa,12.1,List input circuit signal levels which may be expected for various common electronics products or test equipment,12,Interfacing of Electronics Products,18,"Interface roles, signaling, and conversion","W18-CETA-v16.3 · Signal levels, connectors, grounding, mismatch, and conflict symptoms","v16.3 integrated lesson: subject-specific technical instruction, instructional visual, worked examples, guided practice, changed independent scenario, knowledge checks, and required semantic evidence.","Draw a START, 7-bit address, R/W, ACK, one data byte, ACK, STOP I2C transaction and label who drives/releases SDA. | For SPI mode 0 and a stated datasheet timing diagram, identify idle clock polarity and the edge on which data is sampled. | Create an interface contract for a 3.3 V MCU connecting to a 5 V peripheral and decide whether direct connection, level shifting, or a transceiver is required based on documented thresholds.","Choose a real I2C or SPI sensor datasheet. Extract supply/IO voltage, address or chip-select behavior, maximum bus frequency, relevant pull-up/timing requirements, register used for device identity, and one configuration register. Draw the wiring and one expected transaction, then state the measurements/capture that would prove electrical activity, protocol correctness, and meaningful register data separately.",Required semantic task SEM-12-18-049; required primary lesson gate; v16.3 integrated lesson checks; Week 18 mastery/teach-back.,Correct auto-graded lesson checks where applicable; topic-specific constructed-response/performance evidence; changed-context practice; weekly cumulative mastery; physical evidence when required.,"LAB-018: Datasheet interface table, wiring, driver code, ID/measurement transcript, analyzer capture, conversion calculation, fault matrix, and verified fix. Physical proficiency is credited only on the physical route.",LAB-018,16.3,PASS,"Signal levels, connectors, grounding, mismatch, and conflict symptoms",SEM-12-18-049,Identify expected signal levels/current/impedance/reference; Verify connector pinout/rating/keying rather than shape alone; Differentiate protective earth/chassis/signal reference concepts at technician level; Recognize mismatch/conflict symptoms; Choose level shifting/buffering/isolation/matching based on actual mismatch,w18-i2c-spi,CETa
CETa,12.2,Explain the purposes of plugs and connectors and why it is necessary to use the proper ones per application,12,Interfacing of Electronics Products,18,"Interface roles, signaling, and conversion","W18-CETA-v16.3 · Signal levels, connectors, grounding, mismatch, and conflict symptoms","v16.3 integrated lesson: subject-specific technical instruction, instructional visual, worked examples, guided practice, changed independent scenario, knowledge checks, and required semantic evidence.","Draw a START, 7-bit address, R/W, ACK, one data byte, ACK, STOP I2C transaction and label who drives/releases SDA. | For SPI mode 0 and a stated datasheet timing diagram, identify idle clock polarity and the edge on which data is sampled. | Create an interface contract for a 3.3 V MCU connecting to a 5 V peripheral and decide whether direct connection, level shifting, or a transceiver is required based on documented thresholds.","Choose a real I2C or SPI sensor datasheet. Extract supply/IO voltage, address or chip-select behavior, maximum bus frequency, relevant pull-up/timing requirements, register used for device identity, and one configuration register. Draw the wiring and one expected transaction, then state the measurements/capture that would prove electrical activity, protocol correctness, and meaningful register data separately.",Required semantic task SEM-12-18-049; required primary lesson gate; v16.3 integrated lesson checks; Week 18 mastery/teach-back.,Correct auto-graded lesson checks where applicable; topic-specific constructed-response/performance evidence; changed-context practice; weekly cumulative mastery; physical evidence when required.,"LAB-018: Datasheet interface table, wiring, driver code, ID/measurement transcript, analyzer capture, conversion calculation, fault matrix, and verified fix. Physical proficiency is credited only on the physical route.",LAB-018,16.3,PASS,"Signal levels, connectors, grounding, mismatch, and conflict symptoms",SEM-12-18-049,Identify expected signal levels/current/impedance/reference; Verify connector pinout/rating/keying rather than shape alone; Differentiate protective earth/chassis/signal reference concepts at technician level; Recognize mismatch/conflict symptoms; Choose level shifting/buffering/isolation/matching based on actual mismatch,w18-i2c-spi,CETa
CETa,12.3,"Explain grounding, proper and improper methods, and the results of power source mismatch",12,Interfacing of Electronics Products,18,"Interface roles, signaling, and conversion","W18-CETA-v16.3 · Signal levels, connectors, grounding, mismatch, and conflict symptoms","v16.3 integrated lesson: subject-specific technical instruction, instructional visual, worked examples, guided practice, changed independent scenario, knowledge checks, and required semantic evidence.","Draw a START, 7-bit address, R/W, ACK, one data byte, ACK, STOP I2C transaction and label who drives/releases SDA. | For SPI mode 0 and a stated datasheet timing diagram, identify idle clock polarity and the edge on which data is sampled. | Create an interface contract for a 3.3 V MCU connecting to a 5 V peripheral and decide whether direct connection, level shifting, or a transceiver is required based on documented thresholds.","Choose a real I2C or SPI sensor datasheet. Extract supply/IO voltage, address or chip-select behavior, maximum bus frequency, relevant pull-up/timing requirements, register used for device identity, and one configuration register. Draw the wiring and one expected transaction, then state the measurements/capture that would prove electrical activity, protocol correctness, and meaningful register data separately.",Required semantic task SEM-12-18-049; required primary lesson gate; v16.3 integrated lesson checks; Week 18 mastery/teach-back.,Correct auto-graded lesson checks where applicable; topic-specific constructed-response/performance evidence; changed-context practice; weekly cumulative mastery; physical evidence when required.,"LAB-018: Datasheet interface table, wiring, driver code, ID/measurement transcript, analyzer capture, conversion calculation, fault matrix, and verified fix. Physical proficiency is credited only on the physical route.",LAB-018,16.3,PASS,"Signal levels, connectors, grounding, mismatch, and conflict symptoms",SEM-12-18-049,Identify expected signal levels/current/impedance/reference; Verify connector pinout/rating/keying rather than shape alone; Differentiate protective earth/chassis/signal reference concepts at technician level; Recognize mismatch/conflict symptoms; Choose level shifting/buffering/isolation/matching based on actual mismatch,w18-i2c-spi,CETa
CETa,12.4,List potential signal conflict symptoms,12,Interfacing of Electronics Products,18,"Interface roles, signaling, and conversion","W18-CETA-v16.3 · Signal levels, connectors, grounding, mismatch, and conflict symptoms","v16.3 integrated lesson: subject-specific technical instruction, instructional visual, worked examples, guided practice, changed independent scenario, knowledge checks, and required semantic evidence.","Draw a START, 7-bit address, R/W, ACK, one data byte, ACK, STOP I2C transaction and label who drives/releases SDA. | For SPI mode 0 and a stated datasheet timing diagram, identify idle clock polarity and the edge on which data is sampled. | Create an interface contract for a 3.3 V MCU connecting to a 5 V peripheral and decide whether direct connection, level shifting, or a transceiver is required based on documented thresholds.","Choose a real I2C or SPI sensor datasheet. Extract supply/IO voltage, address or chip-select behavior, maximum bus frequency, relevant pull-up/timing requirements, register used for device identity, and one configuration register. Draw the wiring and one expected transaction, then state the measurements/capture that would prove electrical activity, protocol correctness, and meaningful register data separately.",Required semantic task SEM-12-18-049; required primary lesson gate; v16.3 integrated lesson checks; Week 18 mastery/teach-back.,Correct auto-graded lesson checks where applicable; topic-specific constructed-response/performance evidence; changed-context practice; weekly cumulative mastery; physical evidence when required.,"LAB-018: Datasheet interface table, wiring, driver code, ID/measurement transcript, analyzer capture, conversion calculation, fault matrix, and verified fix. Physical proficiency is credited only on the physical route.",LAB-018,16.3,PASS,"Signal levels, connectors, grounding, mismatch, and conflict symptoms",SEM-12-18-049,Identify expected signal levels/current/impedance/reference; Verify connector pinout/rating/keying rather than shape alone; Differentiate protective earth/chassis/signal reference concepts at technician level; Recognize mismatch/conflict symptoms; Choose level shifting/buffering/isolation/matching based on actual mismatch,w18-i2c-spi,CETa
CETa,12.5,"Describe other electronic interfacing such as USB, Zigbee, I2C (inter-integrated circuit)",12,Interfacing of Electronics Products,18,"Interface roles, signaling, and conversion","W18-CETA-v16.3 · USB, I2C, and Zigbee interfaces","v16.3 integrated lesson: subject-specific technical instruction, instructional visual, worked examples, guided practice, changed independent scenario, knowledge checks, and required semantic evidence.","Draw a START, 7-bit address, R/W, ACK, one data byte, ACK, STOP I2C transaction and label who drives/releases SDA. | For SPI mode 0 and a stated datasheet timing diagram, identify idle clock polarity and the edge on which data is sampled. | Create an interface contract for a 3.3 V MCU connecting to a 5 V peripheral and decide whether direct connection, level shifting, or a transceiver is required based on documented thresholds.","Choose a real I2C or SPI sensor datasheet. Extract supply/IO voltage, address or chip-select behavior, maximum bus frequency, relevant pull-up/timing requirements, register used for device identity, and one configuration register. Draw the wiring and one expected transaction, then state the measurements/capture that would prove electrical activity, protocol correctness, and meaningful register data separately.",Required semantic task SEM-12-18-050; required primary lesson gate; v16.3 integrated lesson checks; Week 18 mastery/teach-back.,Correct auto-graded lesson checks where applicable; topic-specific constructed-response/performance evidence; changed-context practice; weekly cumulative mastery; physical evidence when required.,"LAB-018: Datasheet interface table, wiring, driver code, ID/measurement transcript, analyzer capture, conversion calculation, fault matrix, and verified fix. Physical proficiency is credited only on the physical route.",LAB-018,16.3,PASS,"USB, I2C, and Zigbee interfaces",SEM-12-18-050,"Explain USB host/device, differential connection and enumeration concept; Explain I2C SDA/SCL/open-drain/pull-up/address/ACK behavior; Identify common I2C electrical/protocol failures; Explain Zigbee as IEEE 802.15.4-based low-power wireless network; Distinguish physical/electrical connection from protocol success",w18-i2c-spi,CETa
Career,C8.4,"Configure and validate a timer, ADC, or interrupt source while checking assumptions about clocks and units.",C8,STM32 Bring-Up & Debugging,16,"Create, flash, verify, and document a minimum STM32 bring-up",W16-CAREER-v16.3 · Career integration: STM32 bring-up and SWD evidence,"v16.3 integrated lesson: subject-specific technical instruction, instructional visual, worked examples, guided practice, changed independent scenario, knowledge checks, and required semantic evidence.","Write a bring-up checklist from unpowered board to verified GPIO including exact evidence at each rung. | Given a board LED connected active-low to PA5, explain what register/pin voltage/LED state you expect when firmware writes logical 1 versus 0. | Create a 'what this proves' table for: flash success, breakpoint at main, GPIO ODR bit, DMM pin voltage, scope toggle, LED state.","Create or use an exact-board STM32 project. Record toolchain and board/MCU identity, configure clocks and one GPIO, build with no unexplained warnings, flash, halt at a known breakpoint, inspect the relevant register, and verify the pin physically or through approved simulation. Introduce one reversible configuration fault—wrong pin mode, disabled peripheral clock, or controlled code change—and document symptom, SWD evidence, physical evidence, correction, and retest.",Required semantic task SEM-C8-16-082; required primary lesson gate; v16.3 integrated lesson checks; Week 16 mastery/teach-back.,Correct auto-graded lesson checks where applicable; topic-specific constructed-response/performance evidence; changed-context practice; weekly cumulative mastery; physical evidence when required.,"LAB-018: Datasheet interface table, wiring, driver code, ID/measurement transcript, analyzer capture, conversion calculation, fault matrix, and verified fix. Physical proficiency is credited only on the physical route.",LAB-018,16.3,PASS,Career integration: STM32 bring-up and SWD evidence,SEM-C8-16-082,Correct board/clock/pin/generated init; GPIO firmware plus physical verification; SWD halt/step/breakpoint/register use; Timer/ADC/interrupt units/clock assumptions; Current/reset/boot/clock/debug early checks; Reproducible fault evidence with revision/configuration/fix,w16-bringup-ladder,Career
Career,C9.2,"Explain I²C addressing, open-drain signaling, pull-up resistors, START/STOP conditions, ACK/NACK, and common stuck-bus faults.",C9,"UART, I²C & SPI Interfaces",18,Datasheet-to-wire integration and bus fault isolation,"W18-CAREER-v16.3 · Career integration: UART, I²C, SPI, datasheets, and protocol captures","v16.3 integrated lesson: subject-specific technical instruction, instructional visual, worked examples, guided practice, changed independent scenario, knowledge checks, and required semantic evidence.","Build a pin/interface table from a real sensor datasheet: VDD, GND, SDA/SCL or SCLK/MOSI/MISO/CS, interrupt, address pins, voltage and idle states. | Given an I2C capture with slow SDA rise but correct address, decide which hardware parameters you inspect before firmware. | Given an SPI capture where data appears shifted by one bit, list CPOL/CPHA, bit order, chip-select timing, and sample-edge checks.","Integrate one real or simulated sensor/peripheral from datasheet to working transaction. Save the wiring/interface table, initialization settings, raw logic-analyzer capture, decoded transaction, ID/register result, and one intentional fault such as wrong address, missing pull-up, wrong SPI mode, or disconnected device. Diagnose, correct, and retest while changing only the supported cause.",Required semantic task SEM-C9-18-083; required primary lesson gate; v16.3 integrated lesson checks; Week 18 mastery/teach-back.,Correct auto-graded lesson checks where applicable; topic-specific constructed-response/performance evidence; changed-context practice; weekly cumulative mastery; physical evidence when required.,"LAB-018: Datasheet interface table, wiring, driver code, ID/measurement transcript, analyzer capture, conversion calculation, fault matrix, and verified fix. Physical proficiency is credited only on the physical route.",LAB-018,16.3,PASS,"Career integration: UART, I²C, SPI, datasheets, and protocol captures",SEM-C9-18-083,UART parameter/level/TX-RX diagnosis; I2C open-drain/pull-up/address/ACK/stuck-bus; SPI clock/data/CS/CPOL/CPHA/word configuration; Logic analyzer correlation; Datasheet register/timing/response extraction; Layered failure classification,w18-peripheral-stack,Career
Career,C9.3,"Explain SPI clock, MOSI/MISO, chip select, mode/polarity/phase, word length, and common configuration mismatches.",C9,"UART, I²C & SPI Interfaces",18,Datasheet-to-wire integration and bus fault isolation,"W18-CAREER-v16.3 · Career integration: UART, I²C, SPI, datasheets, and protocol captures","v16.3 integrated lesson: subject-specific technical instruction, instructional visual, worked examples, guided practice, changed independent scenario, knowledge checks, and required semantic evidence.","Build a pin/interface table from a real sensor datasheet: VDD, GND, SDA/SCL or SCLK/MOSI/MISO/CS, interrupt, address pins, voltage and idle states. | Given an I2C capture with slow SDA rise but correct address, decide which hardware parameters you inspect before firmware. | Given an SPI capture where data appears shifted by one bit, list CPOL/CPHA, bit order, chip-select timing, and sample-edge checks.","Integrate one real or simulated sensor/peripheral from datasheet to working transaction. Save the wiring/interface table, initialization settings, raw logic-analyzer capture, decoded transaction, ID/register result, and one intentional fault such as wrong address, missing pull-up, wrong SPI mode, or disconnected device. Diagnose, correct, and retest while changing only the supported cause.",Required semantic task SEM-C9-18-083; required primary lesson gate; v16.3 integrated lesson checks; Week 18 mastery/teach-back.,Correct auto-graded lesson checks where applicable; topic-specific constructed-response/performance evidence; changed-context practice; weekly cumulative mastery; physical evidence when required.,"LAB-018: Datasheet interface table, wiring, driver code, ID/measurement transcript, analyzer capture, conversion calculation, fault matrix, and verified fix. Physical proficiency is credited only on the physical route.",LAB-018,16.3,PASS,"Career integration: UART, I²C, SPI, datasheets, and protocol captures",SEM-C9-18-083,UART parameter/level/TX-RX diagnosis; I2C open-drain/pull-up/address/ACK/stuck-bus; SPI clock/data/CS/CPOL/CPHA/word configuration; Logic analyzer correlation; Datasheet register/timing/response extraction; Layered failure classification,w18-peripheral-stack,Career
Career,C9.4,"Use a logic analyzer capture to correlate firmware actions with actual UART, I²C, or SPI bus transactions.",C9,"UART, I²C & SPI Interfaces",18,Datasheet-to-wire integration and bus fault isolation,"W18-CAREER-v16.3 · Career integration: UART, I²C, SPI, datasheets, and protocol captures","v16.3 integrated lesson: subject-specific technical instruction, instructional visual, worked examples, guided practice, changed independent scenario, knowledge checks, and required semantic evidence.","Build a pin/interface table from a real sensor datasheet: VDD, GND, SDA/SCL or SCLK/MOSI/MISO/CS, interrupt, address pins, voltage and idle states. | Given an I2C capture with slow SDA rise but correct address, decide which hardware parameters you inspect before firmware. | Given an SPI capture where data appears shifted by one bit, list CPOL/CPHA, bit order, chip-select timing, and sample-edge checks.","Integrate one real or simulated sensor/peripheral from datasheet to working transaction. Save the wiring/interface table, initialization settings, raw logic-analyzer capture, decoded transaction, ID/register result, and one intentional fault such as wrong address, missing pull-up, wrong SPI mode, or disconnected device. Diagnose, correct, and retest while changing only the supported cause.",Required semantic task SEM-C9-18-083; required primary lesson gate; v16.3 integrated lesson checks; Week 18 mastery/teach-back.,Correct auto-graded lesson checks where applicable; topic-specific constructed-response/performance evidence; changed-context practice; weekly cumulative mastery; physical evidence when required.,"LAB-018: Datasheet interface table, wiring, driver code, ID/measurement transcript, analyzer capture, conversion calculation, fault matrix, and verified fix. Physical proficiency is credited only on the physical route.",LAB-018,16.3,PASS,"Career integration: UART, I²C, SPI, datasheets, and protocol captures",SEM-C9-18-083,UART parameter/level/TX-RX diagnosis; I2C open-drain/pull-up/address/ACK/stuck-bus; SPI clock/data/CS/CPOL/CPHA/word configuration; Logic analyzer correlation; Datasheet register/timing/response extraction; Layered failure classification,w18-peripheral-stack,Career
Career,C9.5,"Read a sensor/interface datasheet to determine register address, transaction sequence, timing, and expected response.",C9,"UART, I²C & SPI Interfaces",18,Datasheet-to-wire integration and bus fault isolation,"W18-CAREER-v16.3 · Career integration: UART, I²C, SPI, datasheets, and protocol captures","v16.3 integrated lesson: subject-specific technical instruction, instructional visual, worked examples, guided practice, changed independent scenario, knowledge checks, and required semantic evidence.","Build a pin/interface table from a real sensor datasheet: VDD, GND, SDA/SCL or SCLK/MOSI/MISO/CS, interrupt, address pins, voltage and idle states. | Given an I2C capture with slow SDA rise but correct address, decide which hardware parameters you inspect before firmware. | Given an SPI capture where data appears shifted by one bit, list CPOL/CPHA, bit order, chip-select timing, and sample-edge checks.","Integrate one real or simulated sensor/peripheral from datasheet to working transaction. Save the wiring/interface table, initialization settings, raw logic-analyzer capture, decoded transaction, ID/register result, and one intentional fault such as wrong address, missing pull-up, wrong SPI mode, or disconnected device. Diagnose, correct, and retest while changing only the supported cause.",Required semantic task SEM-C9-18-083; required primary lesson gate; v16.3 integrated lesson checks; Week 18 mastery/teach-back.,Correct auto-graded lesson checks where applicable; topic-specific constructed-response/performance evidence; changed-context practice; weekly cumulative mastery; physical evidence when required.,"LAB-018: Datasheet interface table, wiring, driver code, ID/measurement transcript, analyzer capture, conversion calculation, fault matrix, and verified fix. Physical proficiency is credited only on the physical route.",LAB-018,16.3,PASS,"Career integration: UART, I²C, SPI, datasheets, and protocol captures",SEM-C9-18-083,UART parameter/level/TX-RX diagnosis; I2C open-drain/pull-up/address/ACK/stuck-bus; SPI clock/data/CS/CPOL/CPHA/word configuration; Logic analyzer correlation; Datasheet register/timing/response extraction; Layered failure classification,w18-peripheral-stack,Career
Career,C9.6,"Diagnose whether an interface failure is most likely firmware configuration, electrical connection, signal integrity, device addressing, or protocol sequencing.",C9,"UART, I²C & SPI Interfaces",18,Datasheet-to-wire integration and bus fault isolation,"W18-CAREER-v16.3 · Career integration: UART, I²C, SPI, datasheets, and protocol captures","v16.3 integrated lesson: subject-specific technical instruction, instructional visual, worked examples, guided practice, changed independent scenario, knowledge checks, and required semantic evidence.","Build a pin/interface table from a real sensor datasheet: VDD, GND, SDA/SCL or SCLK/MOSI/MISO/CS, interrupt, address pins, voltage and idle states. | Given an I2C capture with slow SDA rise but correct address, decide which hardware parameters you inspect before firmware. | Given an SPI capture where data appears shifted by one bit, list CPOL/CPHA, bit order, chip-select timing, and sample-edge checks.","Integrate one real or simulated sensor/peripheral from datasheet to working transaction. Save the wiring/interface table, initialization settings, raw logic-analyzer capture, decoded transaction, ID/register result, and one intentional fault such as wrong address, missing pull-up, wrong SPI mode, or disconnected device. Diagnose, correct, and retest while changing only the supported cause.",Required semantic task SEM-C9-18-083; required primary lesson gate; v16.3 integrated lesson checks; Week 18 mastery/teach-back.,Correct auto-graded lesson checks where applicable; topic-specific constructed-response/performance evidence; changed-context practice; weekly cumulative mastery; physical evidence when required.,"LAB-018: Datasheet interface table, wiring, driver code, ID/measurement transcript, analyzer capture, conversion calculation, fault matrix, and verified fix. Physical proficiency is credited only on the physical route.",LAB-018,16.3,PASS,"Career integration: UART, I²C, SPI, datasheets, and protocol captures",SEM-C9-18-083,UART parameter/level/TX-RX diagnosis; I2C open-drain/pull-up/address/ACK/stuck-bus; SPI clock/data/CS/CPOL/CPHA/word configuration; Logic analyzer correlation; Datasheet register/timing/response extraction; Layered failure classification,w18-peripheral-stack,Career
CETa,1.9,List optical fibers hazards to skin and eyes,1,Safety Precautions,1,The four quantities and the circuit they describe,W01-CETA-v16.3 · RF exposure and fiber-optic hazards,"v16.3 integrated lesson: subject-specific technical instruction, instructional visual, worked examples, guided practice, changed independent scenario, knowledge checks, and required semantic evidence.","A 3.3 V source is applied to 1.5 kOhm. Calculate current, then state whether 1 mA or 10 mA is the more sensible mental estimate before calculating. | A resistor carries 20 mA with 5 V across it. Find resistance and power. Keep units through every step. | Sketch a source, resistor, return path, and reference node. Mark where a voltmeter connects and where an ammeter would have to be inserted.","A 9 V battery powers an LED branch modeled for this exercise as a 2.0 V LED drop plus a series resistor. Choose a resistor that produces approximately 10 mA, calculate resistor power, choose a sensible resistor power rating, and explain what changes if the resistor is accidentally one tenth the intended value.",Required semantic task SEM-1-01-004; required primary lesson gate; v16.3 integrated lesson checks; Week 1 mastery/teach-back.,Correct auto-graded lesson checks where applicable; topic-specific constructed-response/performance evidence; changed-context practice; weekly cumulative mastery; physical evidence when required.,"LAB-019: Identification table, pin/path map, inspection, measurements or virtual evidence, fault isolation, safety statement, and scope-limited conclusion. Physical proficiency is credited only on the physical route.",LAB-019,16.3,PASS,RF exposure and fiber-optic hazards,SEM-1-01-004,"Name the factors that determine RF exposure/MPE; Follow boundaries/interlocks/site procedures rather than using a universal safe distance; Never look into an unknown/active fiber; Identify invisible IR and glass-shard hazards; Describe fiber scrap, capping, eye-protection and test-instrument controls",w01-dc-quantities,CETa
CETa,7.1,List wire types and construction,7,Cabling,19,"Media, connectors, signal paths, and optical fundamentals","W19-CETA-v16.3 · Wire construction, gauge, and identification","v16.3 integrated lesson: subject-specific technical instruction, instructional visual, worked examples, guided practice, changed independent scenario, knowledge checks, and required semantic evidence.","Compare twisted pair, coax, and fiber by signal mechanism, common application, major test method, and one handling concern. | Explain the difference between a common-anode and common-cathode seven-segment display and how segment drive polarity changes. | Compare photovoltaic cell, photodiode, phototransistor, and LDR by output behavior and a suitable application.","Build a media-and-opto fault table for four scenarios: intermittent crimp, wrong coax impedance, dirty fiber connector, and reversed LED/opto input. For each, state expected symptoms, the correct instrument/inspection method, and what evidence would prove the repair without claiming capabilities the instrument does not have.",Required semantic task SEM-7-19-029; required primary lesson gate; v16.3 integrated lesson checks; Week 19 mastery/teach-back.,Correct auto-graded lesson checks where applicable; topic-specific constructed-response/performance evidence; changed-context practice; weekly cumulative mastery; physical evidence when required.,"LAB-019: Identification table, pin/path map, inspection, measurements or virtual evidence, fault isolation, safety statement, and scope-limited conclusion. Physical proficiency is credited only on the physical route.",LAB-019,16.3,PASS,"Wire construction, gauge, and identification",SEM-7-19-029,Describe solid vs stranded construction; Explain inverse AWG numbering; Relate gauge to resistance/current/voltage-drop constraints; Identify twisted-pair/shielding roles; State that application/code/temperature/connector conditions affect allowable use,w19-media-opto,CETa
CETa,7.2,List wire gauges used for various purposes,7,Cabling,19,"Media, connectors, signal paths, and optical fundamentals","W19-CETA-v16.3 · Wire construction, gauge, and identification","v16.3 integrated lesson: subject-specific technical instruction, instructional visual, worked examples, guided practice, changed independent scenario, knowledge checks, and required semantic evidence.","Compare twisted pair, coax, and fiber by signal mechanism, common application, major test method, and one handling concern. | Explain the difference between a common-anode and common-cathode seven-segment display and how segment drive polarity changes. | Compare photovoltaic cell, photodiode, phototransistor, and LDR by output behavior and a suitable application.","Build a media-and-opto fault table for four scenarios: intermittent crimp, wrong coax impedance, dirty fiber connector, and reversed LED/opto input. For each, state expected symptoms, the correct instrument/inspection method, and what evidence would prove the repair without claiming capabilities the instrument does not have.",Required semantic task SEM-7-19-029; required primary lesson gate; v16.3 integrated lesson checks; Week 19 mastery/teach-back.,Correct auto-graded lesson checks where applicable; topic-specific constructed-response/performance evidence; changed-context practice; weekly cumulative mastery; physical evidence when required.,"LAB-019: Identification table, pin/path map, inspection, measurements or virtual evidence, fault isolation, safety statement, and scope-limited conclusion. Physical proficiency is credited only on the physical route.",LAB-019,16.3,PASS,"Wire construction, gauge, and identification",SEM-7-19-029,Describe solid vs stranded construction; Explain inverse AWG numbering; Relate gauge to resistance/current/voltage-drop constraints; Identify twisted-pair/shielding roles; State that application/code/temperature/connector conditions affect allowable use,w19-media-opto,CETa
CETa,7.3,Explain construction of coaxial cable and the impedance characteristics,7,Cabling,19,"Media, connectors, signal paths, and optical fundamentals","W19-CETA-v16.3 · Coax, copper pairs, fiber, impedance, and termination","v16.3 integrated lesson: subject-specific technical instruction, instructional visual, worked examples, guided practice, changed independent scenario, knowledge checks, and required semantic evidence.","Compare twisted pair, coax, and fiber by signal mechanism, common application, major test method, and one handling concern. | Explain the difference between a common-anode and common-cathode seven-segment display and how segment drive polarity changes. | Compare photovoltaic cell, photodiode, phototransistor, and LDR by output behavior and a suitable application.","Build a media-and-opto fault table for four scenarios: intermittent crimp, wrong coax impedance, dirty fiber connector, and reversed LED/opto input. For each, state expected symptoms, the correct instrument/inspection method, and what evidence would prove the repair without claiming capabilities the instrument does not have.",Required semantic task SEM-7-19-030; required primary lesson gate; v16.3 integrated lesson checks; Week 19 mastery/teach-back.,Correct auto-graded lesson checks where applicable; topic-specific constructed-response/performance evidence; changed-context practice; weekly cumulative mastery; physical evidence when required.,"LAB-019: Identification table, pin/path map, inspection, measurements or virtual evidence, fault isolation, safety statement, and scope-limited conclusion. Physical proficiency is credited only on the physical route.",LAB-019,16.3,PASS,"Coax, copper pairs, fiber, impedance, and termination",SEM-7-19-030,Identify coax center/dielectric/shield/jacket construction; Distinguish characteristic impedance from DC resistance; Differentiate copper/coax/fiber signal media; Explain mismatch/reflection from improper termination; Explain why continuity alone does not prove high-frequency/optical integrity,w19-media-opto,CETa
CETa,7.4,"List common identifications for copper cables in standards, such as #18 and #24 diameter in the American Wire Gauge (AWG) and UTP cable in ANSI/TIA 568",7,Cabling,19,"Media, connectors, signal paths, and optical fundamentals","W19-CETA-v16.3 · Wire construction, gauge, and identification","v16.3 integrated lesson: subject-specific technical instruction, instructional visual, worked examples, guided practice, changed independent scenario, knowledge checks, and required semantic evidence.","Compare twisted pair, coax, and fiber by signal mechanism, common application, major test method, and one handling concern. | Explain the difference between a common-anode and common-cathode seven-segment display and how segment drive polarity changes. | Compare photovoltaic cell, photodiode, phototransistor, and LDR by output behavior and a suitable application.","Build a media-and-opto fault table for four scenarios: intermittent crimp, wrong coax impedance, dirty fiber connector, and reversed LED/opto input. For each, state expected symptoms, the correct instrument/inspection method, and what evidence would prove the repair without claiming capabilities the instrument does not have.",Required semantic task SEM-7-19-029; required primary lesson gate; v16.3 integrated lesson checks; Week 19 mastery/teach-back.,Correct auto-graded lesson checks where applicable; topic-specific constructed-response/performance evidence; changed-context practice; weekly cumulative mastery; physical evidence when required.,"LAB-019: Identification table, pin/path map, inspection, measurements or virtual evidence, fault isolation, safety statement, and scope-limited conclusion. Physical proficiency is credited only on the physical route.",LAB-019,16.3,PASS,"Wire construction, gauge, and identification",SEM-7-19-029,Describe solid vs stranded construction; Explain inverse AWG numbering; Relate gauge to resistance/current/voltage-drop constraints; Identify twisted-pair/shielding roles; State that application/code/temperature/connector conditions affect allowable use,w19-media-opto,CETa
CETa,7.5,"Explain major differences between copper, coaxial and fiber optic cables",7,Cabling,19,"Media, connectors, signal paths, and optical fundamentals","W19-CETA-v16.3 · Coax, copper pairs, fiber, impedance, and termination","v16.3 integrated lesson: subject-specific technical instruction, instructional visual, worked examples, guided practice, changed independent scenario, knowledge checks, and required semantic evidence.","Compare twisted pair, coax, and fiber by signal mechanism, common application, major test method, and one handling concern. | Explain the difference between a common-anode and common-cathode seven-segment display and how segment drive polarity changes. | Compare photovoltaic cell, photodiode, phototransistor, and LDR by output behavior and a suitable application.","Build a media-and-opto fault table for four scenarios: intermittent crimp, wrong coax impedance, dirty fiber connector, and reversed LED/opto input. For each, state expected symptoms, the correct instrument/inspection method, and what evidence would prove the repair without claiming capabilities the instrument does not have.",Required semantic task SEM-7-19-030; required primary lesson gate; v16.3 integrated lesson checks; Week 19 mastery/teach-back.,Correct auto-graded lesson checks where applicable; topic-specific constructed-response/performance evidence; changed-context practice; weekly cumulative mastery; physical evidence when required.,"LAB-019: Identification table, pin/path map, inspection, measurements or virtual evidence, fault isolation, safety statement, and scope-limited conclusion. Physical proficiency is credited only on the physical route.",LAB-019,16.3,PASS,"Coax, copper pairs, fiber, impedance, and termination",SEM-7-19-030,Identify coax center/dielectric/shield/jacket construction; Distinguish characteristic impedance from DC resistance; Differentiate copper/coax/fiber signal media; Explain mismatch/reflection from improper termination; Explain why continuity alone does not prove high-frequency/optical integrity,w19-media-opto,CETa
CETa,7.6,Describe impedance and its causes:,7,Cabling,19,"Media, connectors, signal paths, and optical fundamentals","W19-CETA-v16.3 · Coax, copper pairs, fiber, impedance, and termination","v16.3 integrated lesson: subject-specific technical instruction, instructional visual, worked examples, guided practice, changed independent scenario, knowledge checks, and required semantic evidence.","Compare twisted pair, coax, and fiber by signal mechanism, common application, major test method, and one handling concern. | Explain the difference between a common-anode and common-cathode seven-segment display and how segment drive polarity changes. | Compare photovoltaic cell, photodiode, phototransistor, and LDR by output behavior and a suitable application.","Build a media-and-opto fault table for four scenarios: intermittent crimp, wrong coax impedance, dirty fiber connector, and reversed LED/opto input. For each, state expected symptoms, the correct instrument/inspection method, and what evidence would prove the repair without claiming capabilities the instrument does not have.",Required semantic task SEM-7-19-030; required primary lesson gate; v16.3 integrated lesson checks; Week 19 mastery/teach-back.,Correct auto-graded lesson checks where applicable; topic-specific constructed-response/performance evidence; changed-context practice; weekly cumulative mastery; physical evidence when required.,"LAB-019: Identification table, pin/path map, inspection, measurements or virtual evidence, fault isolation, safety statement, and scope-limited conclusion. Physical proficiency is credited only on the physical route.",LAB-019,16.3,PASS,"Coax, copper pairs, fiber, impedance, and termination",SEM-7-19-030,Identify coax center/dielectric/shield/jacket construction; Distinguish characteristic impedance from DC resistance; Differentiate copper/coax/fiber signal media; Explain mismatch/reflection from improper termination; Explain why continuity alone does not prove high-frequency/optical integrity,w19-media-opto,CETa
CETa,7.6.1,Explain reasons for maintaining a cable’s characteristics,7,Cabling,19,"Media, connectors, signal paths, and optical fundamentals","W19-CETA-v16.3 · Coax, copper pairs, fiber, impedance, and termination","v16.3 integrated lesson: subject-specific technical instruction, instructional visual, worked examples, guided practice, changed independent scenario, knowledge checks, and required semantic evidence.","Compare twisted pair, coax, and fiber by signal mechanism, common application, major test method, and one handling concern. | Explain the difference between a common-anode and common-cathode seven-segment display and how segment drive polarity changes. | Compare photovoltaic cell, photodiode, phototransistor, and LDR by output behavior and a suitable application.","Build a media-and-opto fault table for four scenarios: intermittent crimp, wrong coax impedance, dirty fiber connector, and reversed LED/opto input. For each, state expected symptoms, the correct instrument/inspection method, and what evidence would prove the repair without claiming capabilities the instrument does not have.",Required semantic task SEM-7-19-030; required primary lesson gate; v16.3 integrated lesson checks; Week 19 mastery/teach-back.,Correct auto-graded lesson checks where applicable; topic-specific constructed-response/performance evidence; changed-context practice; weekly cumulative mastery; physical evidence when required.,"LAB-019: Identification table, pin/path map, inspection, measurements or virtual evidence, fault isolation, safety statement, and scope-limited conclusion. Physical proficiency is credited only on the physical route.",LAB-019,16.3,PASS,"Coax, copper pairs, fiber, impedance, and termination",SEM-7-19-030,Identify coax center/dielectric/shield/jacket construction; Distinguish characteristic impedance from DC resistance; Differentiate copper/coax/fiber signal media; Explain mismatch/reflection from improper termination; Explain why continuity alone does not prove high-frequency/optical integrity,w19-media-opto,CETa
CETa,7.7,Explain the effects of proper and improper termination,7,Cabling,19,"Media, connectors, signal paths, and optical fundamentals","W19-CETA-v16.3 · Coax, copper pairs, fiber, impedance, and termination","v16.3 integrated lesson: subject-specific technical instruction, instructional visual, worked examples, guided practice, changed independent scenario, knowledge checks, and required semantic evidence.","Compare twisted pair, coax, and fiber by signal mechanism, common application, major test method, and one handling concern. | Explain the difference between a common-anode and common-cathode seven-segment display and how segment drive polarity changes. | Compare photovoltaic cell, photodiode, phototransistor, and LDR by output behavior and a suitable application.","Build a media-and-opto fault table for four scenarios: intermittent crimp, wrong coax impedance, dirty fiber connector, and reversed LED/opto input. For each, state expected symptoms, the correct instrument/inspection method, and what evidence would prove the repair without claiming capabilities the instrument does not have.",Required semantic task SEM-7-19-030; required primary lesson gate; v16.3 integrated lesson checks; Week 19 mastery/teach-back.,Correct auto-graded lesson checks where applicable; topic-specific constructed-response/performance evidence; changed-context practice; weekly cumulative mastery; physical evidence when required.,"LAB-019: Identification table, pin/path map, inspection, measurements or virtual evidence, fault isolation, safety statement, and scope-limited conclusion. Physical proficiency is credited only on the physical route.",LAB-019,16.3,PASS,"Coax, copper pairs, fiber, impedance, and termination",SEM-7-19-030,Identify coax center/dielectric/shield/jacket construction; Distinguish characteristic impedance from DC resistance; Differentiate copper/coax/fiber signal media; Explain mismatch/reflection from improper termination; Explain why continuity alone does not prove high-frequency/optical integrity,w19-media-opto,CETa
CETa,7.8,Explain the purposes and types of cabling grounding (bonding) and common conventions used in electrical / electronic work,7,Cabling,19,"Media, connectors, signal paths, and optical fundamentals","W19-CETA-v16.3 · Bonding, splicing, crimping, and cable preparation","v16.3 integrated lesson: subject-specific technical instruction, instructional visual, worked examples, guided practice, changed independent scenario, knowledge checks, and required semantic evidence.","Compare twisted pair, coax, and fiber by signal mechanism, common application, major test method, and one handling concern. | Explain the difference between a common-anode and common-cathode seven-segment display and how segment drive polarity changes. | Compare photovoltaic cell, photodiode, phototransistor, and LDR by output behavior and a suitable application.","Build a media-and-opto fault table for four scenarios: intermittent crimp, wrong coax impedance, dirty fiber connector, and reversed LED/opto input. For each, state expected symptoms, the correct instrument/inspection method, and what evidence would prove the repair without claiming capabilities the instrument does not have.",Required semantic task SEM-7-19-031; required primary lesson gate; v16.3 integrated lesson checks; Week 19 mastery/teach-back.,Correct auto-graded lesson checks where applicable; topic-specific constructed-response/performance evidence; changed-context practice; weekly cumulative mastery; physical evidence when required.,"LAB-019: Identification table, pin/path map, inspection, measurements or virtual evidence, fault isolation, safety statement, and scope-limited conclusion. Physical proficiency is credited only on the physical route.",LAB-019,16.3,PASS,"Bonding, splicing, crimping, and cable preparation",SEM-7-19-031,Explain bonding/shield purpose and high-frequency quality concerns; Differentiate copper/coax splice requirements; Differentiate fusion and mechanical fiber splices; Match conductor/terminal/tool/die and strip length; Require visual/pull/electrical or optical verification,w19-media-opto,CETa
CETa,7.9,Describe splicing knowledge and ability of coaxial and copper cable,7,Cabling,19,"Media, connectors, signal paths, and optical fundamentals","W19-CETA-v16.3 · Bonding, splicing, crimping, and cable preparation","v16.3 integrated lesson: subject-specific technical instruction, instructional visual, worked examples, guided practice, changed independent scenario, knowledge checks, and required semantic evidence.","Compare twisted pair, coax, and fiber by signal mechanism, common application, major test method, and one handling concern. | Explain the difference between a common-anode and common-cathode seven-segment display and how segment drive polarity changes. | Compare photovoltaic cell, photodiode, phototransistor, and LDR by output behavior and a suitable application.","Build a media-and-opto fault table for four scenarios: intermittent crimp, wrong coax impedance, dirty fiber connector, and reversed LED/opto input. For each, state expected symptoms, the correct instrument/inspection method, and what evidence would prove the repair without claiming capabilities the instrument does not have.",Required semantic task SEM-7-19-031; required primary lesson gate; v16.3 integrated lesson checks; Week 19 mastery/teach-back.,Correct auto-graded lesson checks where applicable; topic-specific constructed-response/performance evidence; changed-context practice; weekly cumulative mastery; physical evidence when required.,"LAB-019: Identification table, pin/path map, inspection, measurements or virtual evidence, fault isolation, safety statement, and scope-limited conclusion. Physical proficiency is credited only on the physical route.",LAB-019,16.3,PASS,"Bonding, splicing, crimping, and cable preparation",SEM-7-19-031,Explain bonding/shield purpose and high-frequency quality concerns; Differentiate copper/coax splice requirements; Differentiate fusion and mechanical fiber splices; Match conductor/terminal/tool/die and strip length; Require visual/pull/electrical or optical verification,w19-media-opto,CETa
CETa,7.9.1,Explain types of fiber splices,7,Cabling,19,"Media, connectors, signal paths, and optical fundamentals","W19-CETA-v16.3 · Bonding, splicing, crimping, and cable preparation","v16.3 integrated lesson: subject-specific technical instruction, instructional visual, worked examples, guided practice, changed independent scenario, knowledge checks, and required semantic evidence.","Compare twisted pair, coax, and fiber by signal mechanism, common application, major test method, and one handling concern. | Explain the difference between a common-anode and common-cathode seven-segment display and how segment drive polarity changes. | Compare photovoltaic cell, photodiode, phototransistor, and LDR by output behavior and a suitable application.","Build a media-and-opto fault table for four scenarios: intermittent crimp, wrong coax impedance, dirty fiber connector, and reversed LED/opto input. For each, state expected symptoms, the correct instrument/inspection method, and what evidence would prove the repair without claiming capabilities the instrument does not have.",Required semantic task SEM-7-19-031; required primary lesson gate; v16.3 integrated lesson checks; Week 19 mastery/teach-back.,Correct auto-graded lesson checks where applicable; topic-specific constructed-response/performance evidence; changed-context practice; weekly cumulative mastery; physical evidence when required.,"LAB-019: Identification table, pin/path map, inspection, measurements or virtual evidence, fault isolation, safety statement, and scope-limited conclusion. Physical proficiency is credited only on the physical route.",LAB-019,16.3,PASS,"Bonding, splicing, crimping, and cable preparation",SEM-7-19-031,Explain bonding/shield purpose and high-frequency quality concerns; Differentiate copper/coax splice requirements; Differentiate fusion and mechanical fiber splices; Match conductor/terminal/tool/die and strip length; Require visual/pull/electrical or optical verification,w19-media-opto,CETa
CETa,7.10,Briefly explain testing methods for all three types of cables and compare decibel (dB) loss measurements and techniques,7,Cabling,19,"Media, connectors, signal paths, and optical fundamentals","W19-CETA-v16.3 · Cable testing, dB loss, connectors, and defects","v16.3 integrated lesson: subject-specific technical instruction, instructional visual, worked examples, guided practice, changed independent scenario, knowledge checks, and required semantic evidence.","Compare twisted pair, coax, and fiber by signal mechanism, common application, major test method, and one handling concern. | Explain the difference between a common-anode and common-cathode seven-segment display and how segment drive polarity changes. | Compare photovoltaic cell, photodiode, phototransistor, and LDR by output behavior and a suitable application.","Build a media-and-opto fault table for four scenarios: intermittent crimp, wrong coax impedance, dirty fiber connector, and reversed LED/opto input. For each, state expected symptoms, the correct instrument/inspection method, and what evidence would prove the repair without claiming capabilities the instrument does not have.",Required semantic task SEM-7-19-032; required primary lesson gate; v16.3 integrated lesson checks; Week 19 mastery/teach-back.,Correct auto-graded lesson checks where applicable; topic-specific constructed-response/performance evidence; changed-context practice; weekly cumulative mastery; physical evidence when required.,"LAB-019: Identification table, pin/path map, inspection, measurements or virtual evidence, fault isolation, safety statement, and scope-limited conclusion. Physical proficiency is credited only on the physical route.",LAB-019,16.3,PASS,"Cable testing, dB loss, connectors, and defects",SEM-7-19-032,Match continuity/TDR/light-source-power-meter/OTDR to purpose; Use 10log power-ratio concept; Explain insertion loss sign/meaning; Identify common connector/termination defects; Record reference level/configuration/acceptance limit,w19-media-opto,CETa
CETa,7.11,Compare the fittings and connectors used in cabling and list potential defects a technician may encounter,7,Cabling,19,"Media, connectors, signal paths, and optical fundamentals","W19-CETA-v16.3 · Cable testing, dB loss, connectors, and defects","v16.3 integrated lesson: subject-specific technical instruction, instructional visual, worked examples, guided practice, changed independent scenario, knowledge checks, and required semantic evidence.","Compare twisted pair, coax, and fiber by signal mechanism, common application, major test method, and one handling concern. | Explain the difference between a common-anode and common-cathode seven-segment display and how segment drive polarity changes. | Compare photovoltaic cell, photodiode, phototransistor, and LDR by output behavior and a suitable application.","Build a media-and-opto fault table for four scenarios: intermittent crimp, wrong coax impedance, dirty fiber connector, and reversed LED/opto input. For each, state expected symptoms, the correct instrument/inspection method, and what evidence would prove the repair without claiming capabilities the instrument does not have.",Required semantic task SEM-7-19-032; required primary lesson gate; v16.3 integrated lesson checks; Week 19 mastery/teach-back.,Correct auto-graded lesson checks where applicable; topic-specific constructed-response/performance evidence; changed-context practice; weekly cumulative mastery; physical evidence when required.,"LAB-019: Identification table, pin/path map, inspection, measurements or virtual evidence, fault isolation, safety statement, and scope-limited conclusion. Physical proficiency is credited only on the physical route.",LAB-019,16.3,PASS,"Cable testing, dB loss, connectors, and defects",SEM-7-19-032,Match continuity/TDR/light-source-power-meter/OTDR to purpose; Use 10log power-ratio concept; Explain insertion loss sign/meaning; Identify common connector/termination defects; Record reference level/configuration/acceptance limit,w19-media-opto,CETa
CETa,7.12,Describe proper crimping of communications wiring connectors,7,Cabling,19,"Media, connectors, signal paths, and optical fundamentals","W19-CETA-v16.3 · Bonding, splicing, crimping, and cable preparation","v16.3 integrated lesson: subject-specific technical instruction, instructional visual, worked examples, guided practice, changed independent scenario, knowledge checks, and required semantic evidence.","Compare twisted pair, coax, and fiber by signal mechanism, common application, major test method, and one handling concern. | Explain the difference between a common-anode and common-cathode seven-segment display and how segment drive polarity changes. | Compare photovoltaic cell, photodiode, phototransistor, and LDR by output behavior and a suitable application.","Build a media-and-opto fault table for four scenarios: intermittent crimp, wrong coax impedance, dirty fiber connector, and reversed LED/opto input. For each, state expected symptoms, the correct instrument/inspection method, and what evidence would prove the repair without claiming capabilities the instrument does not have.",Required semantic task SEM-7-19-031; required primary lesson gate; v16.3 integrated lesson checks; Week 19 mastery/teach-back.,Correct auto-graded lesson checks where applicable; topic-specific constructed-response/performance evidence; changed-context practice; weekly cumulative mastery; physical evidence when required.,"LAB-019: Identification table, pin/path map, inspection, measurements or virtual evidence, fault isolation, safety statement, and scope-limited conclusion. Physical proficiency is credited only on the physical route.",LAB-019,16.3,PASS,"Bonding, splicing, crimping, and cable preparation",SEM-7-19-031,Explain bonding/shield purpose and high-frequency quality concerns; Differentiate copper/coax splice requirements; Differentiate fusion and mechanical fiber splices; Match conductor/terminal/tool/die and strip length; Require visual/pull/electrical or optical verification,w19-media-opto,CETa
CETa,7.13,Explain how cable prep tools are used and demonstrate proper and improper crimp applications,7,Cabling,19,"Media, connectors, signal paths, and optical fundamentals","W19-CETA-v16.3 · Bonding, splicing, crimping, and cable preparation","v16.3 integrated lesson: subject-specific technical instruction, instructional visual, worked examples, guided practice, changed independent scenario, knowledge checks, and required semantic evidence.","Compare twisted pair, coax, and fiber by signal mechanism, common application, major test method, and one handling concern. | Explain the difference between a common-anode and common-cathode seven-segment display and how segment drive polarity changes. | Compare photovoltaic cell, photodiode, phototransistor, and LDR by output behavior and a suitable application.","Build a media-and-opto fault table for four scenarios: intermittent crimp, wrong coax impedance, dirty fiber connector, and reversed LED/opto input. For each, state expected symptoms, the correct instrument/inspection method, and what evidence would prove the repair without claiming capabilities the instrument does not have.",Required semantic task SEM-7-19-031; required primary lesson gate; v16.3 integrated lesson checks; Week 19 mastery/teach-back.,Correct auto-graded lesson checks where applicable; topic-specific constructed-response/performance evidence; changed-context practice; weekly cumulative mastery; physical evidence when required.,"LAB-019: Identification table, pin/path map, inspection, measurements or virtual evidence, fault isolation, safety statement, and scope-limited conclusion. Physical proficiency is credited only on the physical route.",LAB-019,16.3,PASS,"Bonding, splicing, crimping, and cable preparation",SEM-7-19-031,Explain bonding/shield purpose and high-frequency quality concerns; Differentiate copper/coax splice requirements; Differentiate fusion and mechanical fiber splices; Match conductor/terminal/tool/die and strip length; Require visual/pull/electrical or optical verification,w19-media-opto,CETa
CETa,17.1,Explain major components of the most common home entertainment products,17,Audio and Video Systems,19,"Media, connectors, signal paths, and optical fundamentals","W19-CETA-v16.3 · Audio/video blocks, microphones, speakers, recording and playback","v16.3 integrated lesson: subject-specific technical instruction, instructional visual, worked examples, guided practice, changed independent scenario, knowledge checks, and required semantic evidence.","Compare twisted pair, coax, and fiber by signal mechanism, common application, major test method, and one handling concern. | Explain the difference between a common-anode and common-cathode seven-segment display and how segment drive polarity changes. | Compare photovoltaic cell, photodiode, phototransistor, and LDR by output behavior and a suitable application.","Build a media-and-opto fault table for four scenarios: intermittent crimp, wrong coax impedance, dirty fiber connector, and reversed LED/opto input. For each, state expected symptoms, the correct instrument/inspection method, and what evidence would prove the repair without claiming capabilities the instrument does not have.",Required semantic task SEM-17-19-061; required primary lesson gate; v16.3 integrated lesson checks; Week 19 mastery/teach-back.,Correct auto-graded lesson checks where applicable; topic-specific constructed-response/performance evidence; changed-context practice; weekly cumulative mastery; physical evidence when required.,"LAB-019: Identification table, pin/path map, inspection, measurements or virtual evidence, fault isolation, safety statement, and scope-limited conclusion. Physical proficiency is credited only on the physical route.",LAB-019,16.3,PASS,"Audio/video blocks, microphones, speakers, recording and playback",SEM-17-19-061,Identify major entertainment/audio-video blocks; Differentiate dynamic and condenser microphone concepts; Explain speaker electromechanical conversion and ratings; Explain ADC/DAC/codec role in digital recording/playback; Trace signal format/level boundary by boundary,w19-media-opto,CETa
CETa,17.2,Describe microphone technology usage,17,Audio and Video Systems,19,"Media, connectors, signal paths, and optical fundamentals","W19-CETA-v16.3 · Audio/video blocks, microphones, speakers, recording and playback","v16.3 integrated lesson: subject-specific technical instruction, instructional visual, worked examples, guided practice, changed independent scenario, knowledge checks, and required semantic evidence.","Compare twisted pair, coax, and fiber by signal mechanism, common application, major test method, and one handling concern. | Explain the difference between a common-anode and common-cathode seven-segment display and how segment drive polarity changes. | Compare photovoltaic cell, photodiode, phototransistor, and LDR by output behavior and a suitable application.","Build a media-and-opto fault table for four scenarios: intermittent crimp, wrong coax impedance, dirty fiber connector, and reversed LED/opto input. For each, state expected symptoms, the correct instrument/inspection method, and what evidence would prove the repair without claiming capabilities the instrument does not have.",Required semantic task SEM-17-19-061; required primary lesson gate; v16.3 integrated lesson checks; Week 19 mastery/teach-back.,Correct auto-graded lesson checks where applicable; topic-specific constructed-response/performance evidence; changed-context practice; weekly cumulative mastery; physical evidence when required.,"LAB-019: Identification table, pin/path map, inspection, measurements or virtual evidence, fault isolation, safety statement, and scope-limited conclusion. Physical proficiency is credited only on the physical route.",LAB-019,16.3,PASS,"Audio/video blocks, microphones, speakers, recording and playback",SEM-17-19-061,Identify major entertainment/audio-video blocks; Differentiate dynamic and condenser microphone concepts; Explain speaker electromechanical conversion and ratings; Explain ADC/DAC/codec role in digital recording/playback; Trace signal format/level boundary by boundary,w19-media-opto,CETa
CETa,17.3,Explain speaker construction and precautions,17,Audio and Video Systems,19,"Media, connectors, signal paths, and optical fundamentals","W19-CETA-v16.3 · Audio/video blocks, microphones, speakers, recording and playback","v16.3 integrated lesson: subject-specific technical instruction, instructional visual, worked examples, guided practice, changed independent scenario, knowledge checks, and required semantic evidence.","Compare twisted pair, coax, and fiber by signal mechanism, common application, major test method, and one handling concern. | Explain the difference between a common-anode and common-cathode seven-segment display and how segment drive polarity changes. | Compare photovoltaic cell, photodiode, phototransistor, and LDR by output behavior and a suitable application.","Build a media-and-opto fault table for four scenarios: intermittent crimp, wrong coax impedance, dirty fiber connector, and reversed LED/opto input. For each, state expected symptoms, the correct instrument/inspection method, and what evidence would prove the repair without claiming capabilities the instrument does not have.",Required semantic task SEM-17-19-061; required primary lesson gate; v16.3 integrated lesson checks; Week 19 mastery/teach-back.,Correct auto-graded lesson checks where applicable; topic-specific constructed-response/performance evidence; changed-context practice; weekly cumulative mastery; physical evidence when required.,"LAB-019: Identification table, pin/path map, inspection, measurements or virtual evidence, fault isolation, safety statement, and scope-limited conclusion. Physical proficiency is credited only on the physical route.",LAB-019,16.3,PASS,"Audio/video blocks, microphones, speakers, recording and playback",SEM-17-19-061,Identify major entertainment/audio-video blocks; Differentiate dynamic and condenser microphone concepts; Explain speaker electromechanical conversion and ratings; Explain ADC/DAC/codec role in digital recording/playback; Trace signal format/level boundary by boundary,w19-media-opto,CETa
CETa,17.4,Explain basic recording and playback technology,17,Audio and Video Systems,19,"Media, connectors, signal paths, and optical fundamentals","W19-CETA-v16.3 · Audio/video blocks, microphones, speakers, recording and playback","v16.3 integrated lesson: subject-specific technical instruction, instructional visual, worked examples, guided practice, changed independent scenario, knowledge checks, and required semantic evidence.","Compare twisted pair, coax, and fiber by signal mechanism, common application, major test method, and one handling concern. | Explain the difference between a common-anode and common-cathode seven-segment display and how segment drive polarity changes. | Compare photovoltaic cell, photodiode, phototransistor, and LDR by output behavior and a suitable application.","Build a media-and-opto fault table for four scenarios: intermittent crimp, wrong coax impedance, dirty fiber connector, and reversed LED/opto input. For each, state expected symptoms, the correct instrument/inspection method, and what evidence would prove the repair without claiming capabilities the instrument does not have.",Required semantic task SEM-17-19-061; required primary lesson gate; v16.3 integrated lesson checks; Week 19 mastery/teach-back.,Correct auto-graded lesson checks where applicable; topic-specific constructed-response/performance evidence; changed-context practice; weekly cumulative mastery; physical evidence when required.,"LAB-019: Identification table, pin/path map, inspection, measurements or virtual evidence, fault isolation, safety statement, and scope-limited conclusion. Physical proficiency is credited only on the physical route.",LAB-019,16.3,PASS,"Audio/video blocks, microphones, speakers, recording and playback",SEM-17-19-061,Identify major entertainment/audio-video blocks; Differentiate dynamic and condenser microphone concepts; Explain speaker electromechanical conversion and ratings; Explain ADC/DAC/codec role in digital recording/playback; Trace signal format/level boundary by boundary,w19-media-opto,CETa
CETa,17.5,Explain how alarm-security systems may be interfaced with entertainment/information products,17,Audio and Video Systems,19,"Media, connectors, signal paths, and optical fundamentals","W19-CETA-v16.3 · Interfacing, distortion, conflicts, fault isolation, and signal levels","v16.3 integrated lesson: subject-specific technical instruction, instructional visual, worked examples, guided practice, changed independent scenario, knowledge checks, and required semantic evidence.","Compare twisted pair, coax, and fiber by signal mechanism, common application, major test method, and one handling concern. | Explain the difference between a common-anode and common-cathode seven-segment display and how segment drive polarity changes. | Compare photovoltaic cell, photodiode, phototransistor, and LDR by output behavior and a suitable application.","Build a media-and-opto fault table for four scenarios: intermittent crimp, wrong coax impedance, dirty fiber connector, and reversed LED/opto input. For each, state expected symptoms, the correct instrument/inspection method, and what evidence would prove the repair without claiming capabilities the instrument does not have.",Required semantic task SEM-17-19-062; required primary lesson gate; v16.3 integrated lesson checks; Week 19 mastery/teach-back.,Correct auto-graded lesson checks where applicable; topic-specific constructed-response/performance evidence; changed-context practice; weekly cumulative mastery; physical evidence when required.,"LAB-019: Identification table, pin/path map, inspection, measurements or virtual evidence, fault isolation, safety statement, and scope-limited conclusion. Physical proficiency is credited only on the physical route.",LAB-019,16.3,PASS,"Interfacing, distortion, conflicts, fault isolation, and signal levels",SEM-17-19-062,Distinguish mic/line/headphone/speaker level categories; Recognize overload/impedance/ground/format conflict symptoms; Identify common distortion mechanisms; Use known-good substitution/interface measurement; Explain alarm/security interface still requires electrical/protocol compatibility,w19-media-opto,CETa
CETa,17.6,"Differentiate between good quality sound output and distorted sound, then the electronic/acoustical reasons for each",17,Audio and Video Systems,19,"Media, connectors, signal paths, and optical fundamentals","W19-CETA-v16.3 · Interfacing, distortion, conflicts, fault isolation, and signal levels","v16.3 integrated lesson: subject-specific technical instruction, instructional visual, worked examples, guided practice, changed independent scenario, knowledge checks, and required semantic evidence.","Compare twisted pair, coax, and fiber by signal mechanism, common application, major test method, and one handling concern. | Explain the difference between a common-anode and common-cathode seven-segment display and how segment drive polarity changes. | Compare photovoltaic cell, photodiode, phototransistor, and LDR by output behavior and a suitable application.","Build a media-and-opto fault table for four scenarios: intermittent crimp, wrong coax impedance, dirty fiber connector, and reversed LED/opto input. For each, state expected symptoms, the correct instrument/inspection method, and what evidence would prove the repair without claiming capabilities the instrument does not have.",Required semantic task SEM-17-19-062; required primary lesson gate; v16.3 integrated lesson checks; Week 19 mastery/teach-back.,Correct auto-graded lesson checks where applicable; topic-specific constructed-response/performance evidence; changed-context practice; weekly cumulative mastery; physical evidence when required.,"LAB-019: Identification table, pin/path map, inspection, measurements or virtual evidence, fault isolation, safety statement, and scope-limited conclusion. Physical proficiency is credited only on the physical route.",LAB-019,16.3,PASS,"Interfacing, distortion, conflicts, fault isolation, and signal levels",SEM-17-19-062,Distinguish mic/line/headphone/speaker level categories; Recognize overload/impedance/ground/format conflict symptoms; Identify common distortion mechanisms; Use known-good substitution/interface measurement; Explain alarm/security interface still requires electrical/protocol compatibility,w19-media-opto,CETa
CETa,17.7,Explain how signals may conflict and the symptoms that conflict may produce,17,Audio and Video Systems,19,"Media, connectors, signal paths, and optical fundamentals","W19-CETA-v16.3 · Interfacing, distortion, conflicts, fault isolation, and signal levels","v16.3 integrated lesson: subject-specific technical instruction, instructional visual, worked examples, guided practice, changed independent scenario, knowledge checks, and required semantic evidence.","Compare twisted pair, coax, and fiber by signal mechanism, common application, major test method, and one handling concern. | Explain the difference between a common-anode and common-cathode seven-segment display and how segment drive polarity changes. | Compare photovoltaic cell, photodiode, phototransistor, and LDR by output behavior and a suitable application.","Build a media-and-opto fault table for four scenarios: intermittent crimp, wrong coax impedance, dirty fiber connector, and reversed LED/opto input. For each, state expected symptoms, the correct instrument/inspection method, and what evidence would prove the repair without claiming capabilities the instrument does not have.",Required semantic task SEM-17-19-062; required primary lesson gate; v16.3 integrated lesson checks; Week 19 mastery/teach-back.,Correct auto-graded lesson checks where applicable; topic-specific constructed-response/performance evidence; changed-context practice; weekly cumulative mastery; physical evidence when required.,"LAB-019: Identification table, pin/path map, inspection, measurements or virtual evidence, fault isolation, safety statement, and scope-limited conclusion. Physical proficiency is credited only on the physical route.",LAB-019,16.3,PASS,"Interfacing, distortion, conflicts, fault isolation, and signal levels",SEM-17-19-062,Distinguish mic/line/headphone/speaker level categories; Recognize overload/impedance/ground/format conflict symptoms; Identify common distortion mechanisms; Use known-good substitution/interface measurement; Explain alarm/security interface still requires electrical/protocol compatibility,w19-media-opto,CETa
CETa,17.8,Explain how to isolate faults/glitches between discrete equipment units,17,Audio and Video Systems,19,"Media, connectors, signal paths, and optical fundamentals","W19-CETA-v16.3 · Interfacing, distortion, conflicts, fault isolation, and signal levels","v16.3 integrated lesson: subject-specific technical instruction, instructional visual, worked examples, guided practice, changed independent scenario, knowledge checks, and required semantic evidence.","Compare twisted pair, coax, and fiber by signal mechanism, common application, major test method, and one handling concern. | Explain the difference between a common-anode and common-cathode seven-segment display and how segment drive polarity changes. | Compare photovoltaic cell, photodiode, phototransistor, and LDR by output behavior and a suitable application.","Build a media-and-opto fault table for four scenarios: intermittent crimp, wrong coax impedance, dirty fiber connector, and reversed LED/opto input. For each, state expected symptoms, the correct instrument/inspection method, and what evidence would prove the repair without claiming capabilities the instrument does not have.",Required semantic task SEM-17-19-062; required primary lesson gate; v16.3 integrated lesson checks; Week 19 mastery/teach-back.,Correct auto-graded lesson checks where applicable; topic-specific constructed-response/performance evidence; changed-context practice; weekly cumulative mastery; physical evidence when required.,"LAB-019: Identification table, pin/path map, inspection, measurements or virtual evidence, fault isolation, safety statement, and scope-limited conclusion. Physical proficiency is credited only on the physical route.",LAB-019,16.3,PASS,"Interfacing, distortion, conflicts, fault isolation, and signal levels",SEM-17-19-062,Distinguish mic/line/headphone/speaker level categories; Recognize overload/impedance/ground/format conflict symptoms; Identify common distortion mechanisms; Use known-good substitution/interface measurement; Explain alarm/security interface still requires electrical/protocol compatibility,w19-media-opto,CETa
CETa,17.9,List anticipated signal or voltage levels for output circuits in audio and video equipment,17,Audio and Video Systems,19,"Media, connectors, signal paths, and optical fundamentals","W19-CETA-v16.3 · Interfacing, distortion, conflicts, fault isolation, and signal levels","v16.3 integrated lesson: subject-specific technical instruction, instructional visual, worked examples, guided practice, changed independent scenario, knowledge checks, and required semantic evidence.","Compare twisted pair, coax, and fiber by signal mechanism, common application, major test method, and one handling concern. | Explain the difference between a common-anode and common-cathode seven-segment display and how segment drive polarity changes. | Compare photovoltaic cell, photodiode, phototransistor, and LDR by output behavior and a suitable application.","Build a media-and-opto fault table for four scenarios: intermittent crimp, wrong coax impedance, dirty fiber connector, and reversed LED/opto input. For each, state expected symptoms, the correct instrument/inspection method, and what evidence would prove the repair without claiming capabilities the instrument does not have.",Required semantic task SEM-17-19-062; required primary lesson gate; v16.3 integrated lesson checks; Week 19 mastery/teach-back.,Correct auto-graded lesson checks where applicable; topic-specific constructed-response/performance evidence; changed-context practice; weekly cumulative mastery; physical evidence when required.,"LAB-019: Identification table, pin/path map, inspection, measurements or virtual evidence, fault isolation, safety statement, and scope-limited conclusion. Physical proficiency is credited only on the physical route.",LAB-019,16.3,PASS,"Interfacing, distortion, conflicts, fault isolation, and signal levels",SEM-17-19-062,Distinguish mic/line/headphone/speaker level categories; Recognize overload/impedance/ground/format conflict symptoms; Identify common distortion mechanisms; Use known-good substitution/interface measurement; Explain alarm/security interface still requires electrical/protocol compatibility,w19-media-opto,CETa
CETa,18.1,List common electronics display devices,18,Optical Electronics,19,"Media, connectors, signal paths, and optical fundamentals","W19-CETA-v16.3 · Display technologies: LED, seven-segment, LCD, OLED, and tradeoffs","v16.3 integrated lesson: subject-specific technical instruction, instructional visual, worked examples, guided practice, changed independent scenario, knowledge checks, and required semantic evidence.","Compare twisted pair, coax, and fiber by signal mechanism, common application, major test method, and one handling concern. | Explain the difference between a common-anode and common-cathode seven-segment display and how segment drive polarity changes. | Compare photovoltaic cell, photodiode, phototransistor, and LDR by output behavior and a suitable application.","Build a media-and-opto fault table for four scenarios: intermittent crimp, wrong coax impedance, dirty fiber connector, and reversed LED/opto input. For each, state expected symptoms, the correct instrument/inspection method, and what evidence would prove the repair without claiming capabilities the instrument does not have.",Required semantic task SEM-18-19-063; required primary lesson gate; v16.3 integrated lesson checks; Week 19 mastery/teach-back.,Correct auto-graded lesson checks where applicable; topic-specific constructed-response/performance evidence; changed-context practice; weekly cumulative mastery; physical evidence when required.,"LAB-019: Identification table, pin/path map, inspection, measurements or virtual evidence, fault isolation, safety statement, and scope-limited conclusion. Physical proficiency is credited only on the physical route.",LAB-019,16.3,PASS,"Display technologies: LED, seven-segment, LCD, OLED, and tradeoffs",SEM-18-19-063,Explain LED forward/current-limited operation; Explain seven-segment common-anode/cathode and multiplexing; Explain LCD light-modulation/backlight concept; Explain OLED emissive-pixel concept; Compare power/contrast/aging/drive tradeoffs,w19-media-opto,CETa
CETa,18.1.1,"Explain how displays operate, their advantages and disadvantages",18,Optical Electronics,19,"Media, connectors, signal paths, and optical fundamentals","W19-CETA-v16.3 · Display technologies: LED, seven-segment, LCD, OLED, and tradeoffs","v16.3 integrated lesson: subject-specific technical instruction, instructional visual, worked examples, guided practice, changed independent scenario, knowledge checks, and required semantic evidence.","Compare twisted pair, coax, and fiber by signal mechanism, common application, major test method, and one handling concern. | Explain the difference between a common-anode and common-cathode seven-segment display and how segment drive polarity changes. | Compare photovoltaic cell, photodiode, phototransistor, and LDR by output behavior and a suitable application.","Build a media-and-opto fault table for four scenarios: intermittent crimp, wrong coax impedance, dirty fiber connector, and reversed LED/opto input. For each, state expected symptoms, the correct instrument/inspection method, and what evidence would prove the repair without claiming capabilities the instrument does not have.",Required semantic task SEM-18-19-063; required primary lesson gate; v16.3 integrated lesson checks; Week 19 mastery/teach-back.,Correct auto-graded lesson checks where applicable; topic-specific constructed-response/performance evidence; changed-context practice; weekly cumulative mastery; physical evidence when required.,"LAB-019: Identification table, pin/path map, inspection, measurements or virtual evidence, fault isolation, safety statement, and scope-limited conclusion. Physical proficiency is credited only on the physical route.",LAB-019,16.3,PASS,"Display technologies: LED, seven-segment, LCD, OLED, and tradeoffs",SEM-18-19-063,Explain LED forward/current-limited operation; Explain seven-segment common-anode/cathode and multiplexing; Explain LCD light-modulation/backlight concept; Explain OLED emissive-pixel concept; Compare power/contrast/aging/drive tradeoffs,w19-media-opto,CETa
CETa,18.2,List common optical devices as to type and applications:,18,Optical Electronics,19,"Media, connectors, signal paths, and optical fundamentals","W19-CETA-v16.3 · Display technologies: LED, seven-segment, LCD, OLED, and tradeoffs","v16.3 integrated lesson: subject-specific technical instruction, instructional visual, worked examples, guided practice, changed independent scenario, knowledge checks, and required semantic evidence.","Compare twisted pair, coax, and fiber by signal mechanism, common application, major test method, and one handling concern. | Explain the difference between a common-anode and common-cathode seven-segment display and how segment drive polarity changes. | Compare photovoltaic cell, photodiode, phototransistor, and LDR by output behavior and a suitable application.","Build a media-and-opto fault table for four scenarios: intermittent crimp, wrong coax impedance, dirty fiber connector, and reversed LED/opto input. For each, state expected symptoms, the correct instrument/inspection method, and what evidence would prove the repair without claiming capabilities the instrument does not have.",Required semantic task SEM-18-19-063; required primary lesson gate; v16.3 integrated lesson checks; Week 19 mastery/teach-back.,Correct auto-graded lesson checks where applicable; topic-specific constructed-response/performance evidence; changed-context practice; weekly cumulative mastery; physical evidence when required.,"LAB-019: Identification table, pin/path map, inspection, measurements or virtual evidence, fault isolation, safety statement, and scope-limited conclusion. Physical proficiency is credited only on the physical route.",LAB-019,16.3,PASS,"Display technologies: LED, seven-segment, LCD, OLED, and tradeoffs",SEM-18-19-063,Explain LED forward/current-limited operation; Explain seven-segment common-anode/cathode and multiplexing; Explain LCD light-modulation/backlight concept; Explain OLED emissive-pixel concept; Compare power/contrast/aging/drive tradeoffs,w19-media-opto,CETa
CETa,18.2.1,Describe operation and application of component LEDs and Seven-Segment displays,18,Optical Electronics,19,"Media, connectors, signal paths, and optical fundamentals","W19-CETA-v16.3 · Display technologies: LED, seven-segment, LCD, OLED, and tradeoffs","v16.3 integrated lesson: subject-specific technical instruction, instructional visual, worked examples, guided practice, changed independent scenario, knowledge checks, and required semantic evidence.","Compare twisted pair, coax, and fiber by signal mechanism, common application, major test method, and one handling concern. | Explain the difference between a common-anode and common-cathode seven-segment display and how segment drive polarity changes. | Compare photovoltaic cell, photodiode, phototransistor, and LDR by output behavior and a suitable application.","Build a media-and-opto fault table for four scenarios: intermittent crimp, wrong coax impedance, dirty fiber connector, and reversed LED/opto input. For each, state expected symptoms, the correct instrument/inspection method, and what evidence would prove the repair without claiming capabilities the instrument does not have.",Required semantic task SEM-18-19-063; required primary lesson gate; v16.3 integrated lesson checks; Week 19 mastery/teach-back.,Correct auto-graded lesson checks where applicable; topic-specific constructed-response/performance evidence; changed-context practice; weekly cumulative mastery; physical evidence when required.,"LAB-019: Identification table, pin/path map, inspection, measurements or virtual evidence, fault isolation, safety statement, and scope-limited conclusion. Physical proficiency is credited only on the physical route.",LAB-019,16.3,PASS,"Display technologies: LED, seven-segment, LCD, OLED, and tradeoffs",SEM-18-19-063,Explain LED forward/current-limited operation; Explain seven-segment common-anode/cathode and multiplexing; Explain LCD light-modulation/backlight concept; Explain OLED emissive-pixel concept; Compare power/contrast/aging/drive tradeoffs,w19-media-opto,CETa
CETa,18.2.2,"Describe operation and application of LCDs and OLEDs, other display types",18,Optical Electronics,19,"Media, connectors, signal paths, and optical fundamentals","W19-CETA-v16.3 · Display technologies: LED, seven-segment, LCD, OLED, and tradeoffs","v16.3 integrated lesson: subject-specific technical instruction, instructional visual, worked examples, guided practice, changed independent scenario, knowledge checks, and required semantic evidence.","Compare twisted pair, coax, and fiber by signal mechanism, common application, major test method, and one handling concern. | Explain the difference between a common-anode and common-cathode seven-segment display and how segment drive polarity changes. | Compare photovoltaic cell, photodiode, phototransistor, and LDR by output behavior and a suitable application.","Build a media-and-opto fault table for four scenarios: intermittent crimp, wrong coax impedance, dirty fiber connector, and reversed LED/opto input. For each, state expected symptoms, the correct instrument/inspection method, and what evidence would prove the repair without claiming capabilities the instrument does not have.",Required semantic task SEM-18-19-063; required primary lesson gate; v16.3 integrated lesson checks; Week 19 mastery/teach-back.,Correct auto-graded lesson checks where applicable; topic-specific constructed-response/performance evidence; changed-context practice; weekly cumulative mastery; physical evidence when required.,"LAB-019: Identification table, pin/path map, inspection, measurements or virtual evidence, fault isolation, safety statement, and scope-limited conclusion. Physical proficiency is credited only on the physical route.",LAB-019,16.3,PASS,"Display technologies: LED, seven-segment, LCD, OLED, and tradeoffs",SEM-18-19-063,Explain LED forward/current-limited operation; Explain seven-segment common-anode/cathode and multiplexing; Explain LCD light-modulation/backlight concept; Explain OLED emissive-pixel concept; Compare power/contrast/aging/drive tradeoffs,w19-media-opto,CETa
CETa,18.3,Describe how photo-electronic components operate:,18,Optical Electronics,19,"Media, connectors, signal paths, and optical fundamentals","W19-CETA-v16.3 · Photovoltaic cells, photodiodes, phototransistors, LDRs, materials, and symbols","v16.3 integrated lesson: subject-specific technical instruction, instructional visual, worked examples, guided practice, changed independent scenario, knowledge checks, and required semantic evidence.","Compare twisted pair, coax, and fiber by signal mechanism, common application, major test method, and one handling concern. | Explain the difference between a common-anode and common-cathode seven-segment display and how segment drive polarity changes. | Compare photovoltaic cell, photodiode, phototransistor, and LDR by output behavior and a suitable application.","Build a media-and-opto fault table for four scenarios: intermittent crimp, wrong coax impedance, dirty fiber connector, and reversed LED/opto input. For each, state expected symptoms, the correct instrument/inspection method, and what evidence would prove the repair without claiming capabilities the instrument does not have.",Required semantic task SEM-18-19-064; required primary lesson gate; v16.3 integrated lesson checks; Week 19 mastery/teach-back.,Correct auto-graded lesson checks where applicable; topic-specific constructed-response/performance evidence; changed-context practice; weekly cumulative mastery; physical evidence when required.,"LAB-019: Identification table, pin/path map, inspection, measurements or virtual evidence, fault isolation, safety statement, and scope-limited conclusion. Physical proficiency is credited only on the physical route.",LAB-019,16.3,PASS,"Photovoltaic cells, photodiodes, phototransistors, LDRs, materials, and symbols",SEM-18-19-064,Explain photovoltaic activation and load-dependent output; Differentiate photodiode/phototransistor/LDR mechanisms; Identify representative semiconductor-material concept without overgeneralizing; Recognize schematic symbols via light arrows/device symbol; Connect sensor output to light-activated control circuitry,w19-media-opto,CETa
CETa,18.3.1,Explain how photovoltaic cells are activated,18,Optical Electronics,19,"Media, connectors, signal paths, and optical fundamentals","W19-CETA-v16.3 · Photovoltaic cells, photodiodes, phototransistors, LDRs, materials, and symbols","v16.3 integrated lesson: subject-specific technical instruction, instructional visual, worked examples, guided practice, changed independent scenario, knowledge checks, and required semantic evidence.","Compare twisted pair, coax, and fiber by signal mechanism, common application, major test method, and one handling concern. | Explain the difference between a common-anode and common-cathode seven-segment display and how segment drive polarity changes. | Compare photovoltaic cell, photodiode, phototransistor, and LDR by output behavior and a suitable application.","Build a media-and-opto fault table for four scenarios: intermittent crimp, wrong coax impedance, dirty fiber connector, and reversed LED/opto input. For each, state expected symptoms, the correct instrument/inspection method, and what evidence would prove the repair without claiming capabilities the instrument does not have.",Required semantic task SEM-18-19-064; required primary lesson gate; v16.3 integrated lesson checks; Week 19 mastery/teach-back.,Correct auto-graded lesson checks where applicable; topic-specific constructed-response/performance evidence; changed-context practice; weekly cumulative mastery; physical evidence when required.,"LAB-019: Identification table, pin/path map, inspection, measurements or virtual evidence, fault isolation, safety statement, and scope-limited conclusion. Physical proficiency is credited only on the physical route.",LAB-019,16.3,PASS,"Photovoltaic cells, photodiodes, phototransistors, LDRs, materials, and symbols",SEM-18-19-064,Explain photovoltaic activation and load-dependent output; Differentiate photodiode/phototransistor/LDR mechanisms; Identify representative semiconductor-material concept without overgeneralizing; Recognize schematic symbols via light arrows/device symbol; Connect sensor output to light-activated control circuitry,w19-media-opto,CETa
CETa,18.3.2,Identify materials from which these devices are made,18,Optical Electronics,19,"Media, connectors, signal paths, and optical fundamentals","W19-CETA-v16.3 · Photovoltaic cells, photodiodes, phototransistors, LDRs, materials, and symbols","v16.3 integrated lesson: subject-specific technical instruction, instructional visual, worked examples, guided practice, changed independent scenario, knowledge checks, and required semantic evidence.","Compare twisted pair, coax, and fiber by signal mechanism, common application, major test method, and one handling concern. | Explain the difference between a common-anode and common-cathode seven-segment display and how segment drive polarity changes. | Compare photovoltaic cell, photodiode, phototransistor, and LDR by output behavior and a suitable application.","Build a media-and-opto fault table for four scenarios: intermittent crimp, wrong coax impedance, dirty fiber connector, and reversed LED/opto input. For each, state expected symptoms, the correct instrument/inspection method, and what evidence would prove the repair without claiming capabilities the instrument does not have.",Required semantic task SEM-18-19-064; required primary lesson gate; v16.3 integrated lesson checks; Week 19 mastery/teach-back.,Correct auto-graded lesson checks where applicable; topic-specific constructed-response/performance evidence; changed-context practice; weekly cumulative mastery; physical evidence when required.,"LAB-019: Identification table, pin/path map, inspection, measurements or virtual evidence, fault isolation, safety statement, and scope-limited conclusion. Physical proficiency is credited only on the physical route.",LAB-019,16.3,PASS,"Photovoltaic cells, photodiodes, phototransistors, LDRs, materials, and symbols",SEM-18-19-064,Explain photovoltaic activation and load-dependent output; Differentiate photodiode/phototransistor/LDR mechanisms; Identify representative semiconductor-material concept without overgeneralizing; Recognize schematic symbols via light arrows/device symbol; Connect sensor output to light-activated control circuitry,w19-media-opto,CETa
CETa,18.4,Explain the basics of electronic cameras and sensors,18,Optical Electronics,19,"Media, connectors, signal paths, and optical fundamentals","W19-CETA-v16.3 · Cameras, opto-isolators, and broadband optical links","v16.3 integrated lesson: subject-specific technical instruction, instructional visual, worked examples, guided practice, changed independent scenario, knowledge checks, and required semantic evidence.","Compare twisted pair, coax, and fiber by signal mechanism, common application, major test method, and one handling concern. | Explain the difference between a common-anode and common-cathode seven-segment display and how segment drive polarity changes. | Compare photovoltaic cell, photodiode, phototransistor, and LDR by output behavior and a suitable application.","Build a media-and-opto fault table for four scenarios: intermittent crimp, wrong coax impedance, dirty fiber connector, and reversed LED/opto input. For each, state expected symptoms, the correct instrument/inspection method, and what evidence would prove the repair without claiming capabilities the instrument does not have.",Required semantic task SEM-18-19-065; required primary lesson gate; v16.3 integrated lesson checks; Week 19 mastery/teach-back.,Correct auto-graded lesson checks where applicable; topic-specific constructed-response/performance evidence; changed-context practice; weekly cumulative mastery; physical evidence when required.,"LAB-019: Identification table, pin/path map, inspection, measurements or virtual evidence, fault isolation, safety statement, and scope-limited conclusion. Physical proficiency is credited only on the physical route.",LAB-019,16.3,PASS,"Cameras, opto-isolators, and broadband optical links",SEM-18-19-065,Explain lens/sensor/readout/ADC digital image chain; Explain optocoupler emitter-detector galvanic isolation; Name control/power/feedback/I-O isolation applications; Check isolation/speed/transfer/creepage ratings; Compare optical-fiber and RF broadband link blocks,w19-media-opto,CETa
CETa,18.5,Explain why opto-isolators are used,18,Optical Electronics,19,"Media, connectors, signal paths, and optical fundamentals","W19-CETA-v16.3 · Cameras, opto-isolators, and broadband optical links","v16.3 integrated lesson: subject-specific technical instruction, instructional visual, worked examples, guided practice, changed independent scenario, knowledge checks, and required semantic evidence.","Compare twisted pair, coax, and fiber by signal mechanism, common application, major test method, and one handling concern. | Explain the difference between a common-anode and common-cathode seven-segment display and how segment drive polarity changes. | Compare photovoltaic cell, photodiode, phototransistor, and LDR by output behavior and a suitable application.","Build a media-and-opto fault table for four scenarios: intermittent crimp, wrong coax impedance, dirty fiber connector, and reversed LED/opto input. For each, state expected symptoms, the correct instrument/inspection method, and what evidence would prove the repair without claiming capabilities the instrument does not have.",Required semantic task SEM-18-19-065; required primary lesson gate; v16.3 integrated lesson checks; Week 19 mastery/teach-back.,Correct auto-graded lesson checks where applicable; topic-specific constructed-response/performance evidence; changed-context practice; weekly cumulative mastery; physical evidence when required.,"LAB-019: Identification table, pin/path map, inspection, measurements or virtual evidence, fault isolation, safety statement, and scope-limited conclusion. Physical proficiency is credited only on the physical route.",LAB-019,16.3,PASS,"Cameras, opto-isolators, and broadband optical links",SEM-18-19-065,Explain lens/sensor/readout/ADC digital image chain; Explain optocoupler emitter-detector galvanic isolation; Name control/power/feedback/I-O isolation applications; Check isolation/speed/transfer/creepage ratings; Compare optical-fiber and RF broadband link blocks,w19-media-opto,CETa
CETa,18.5.1,List some locations or circuits in which opto-isolators are used,18,Optical Electronics,19,"Media, connectors, signal paths, and optical fundamentals","W19-CETA-v16.3 · Cameras, opto-isolators, and broadband optical links","v16.3 integrated lesson: subject-specific technical instruction, instructional visual, worked examples, guided practice, changed independent scenario, knowledge checks, and required semantic evidence.","Compare twisted pair, coax, and fiber by signal mechanism, common application, major test method, and one handling concern. | Explain the difference between a common-anode and common-cathode seven-segment display and how segment drive polarity changes. | Compare photovoltaic cell, photodiode, phototransistor, and LDR by output behavior and a suitable application.","Build a media-and-opto fault table for four scenarios: intermittent crimp, wrong coax impedance, dirty fiber connector, and reversed LED/opto input. For each, state expected symptoms, the correct instrument/inspection method, and what evidence would prove the repair without claiming capabilities the instrument does not have.",Required semantic task SEM-18-19-065; required primary lesson gate; v16.3 integrated lesson checks; Week 19 mastery/teach-back.,Correct auto-graded lesson checks where applicable; topic-specific constructed-response/performance evidence; changed-context practice; weekly cumulative mastery; physical evidence when required.,"LAB-019: Identification table, pin/path map, inspection, measurements or virtual evidence, fault isolation, safety statement, and scope-limited conclusion. Physical proficiency is credited only on the physical route.",LAB-019,16.3,PASS,"Cameras, opto-isolators, and broadband optical links",SEM-18-19-065,Explain lens/sensor/readout/ADC digital image chain; Explain optocoupler emitter-detector galvanic isolation; Name control/power/feedback/I-O isolation applications; Check isolation/speed/transfer/creepage ratings; Compare optical-fiber and RF broadband link blocks,w19-media-opto,CETa
CETa,18.6,List uses for light activated controls and how photo devices are incorporated,18,Optical Electronics,19,"Media, connectors, signal paths, and optical fundamentals","W19-CETA-v16.3 · Photovoltaic cells, photodiodes, phototransistors, LDRs, materials, and symbols","v16.3 integrated lesson: subject-specific technical instruction, instructional visual, worked examples, guided practice, changed independent scenario, knowledge checks, and required semantic evidence.","Compare twisted pair, coax, and fiber by signal mechanism, common application, major test method, and one handling concern. | Explain the difference between a common-anode and common-cathode seven-segment display and how segment drive polarity changes. | Compare photovoltaic cell, photodiode, phototransistor, and LDR by output behavior and a suitable application.","Build a media-and-opto fault table for four scenarios: intermittent crimp, wrong coax impedance, dirty fiber connector, and reversed LED/opto input. For each, state expected symptoms, the correct instrument/inspection method, and what evidence would prove the repair without claiming capabilities the instrument does not have.",Required semantic task SEM-18-19-064; required primary lesson gate; v16.3 integrated lesson checks; Week 19 mastery/teach-back.,Correct auto-graded lesson checks where applicable; topic-specific constructed-response/performance evidence; changed-context practice; weekly cumulative mastery; physical evidence when required.,"LAB-019: Identification table, pin/path map, inspection, measurements or virtual evidence, fault isolation, safety statement, and scope-limited conclusion. Physical proficiency is credited only on the physical route.",LAB-019,16.3,PASS,"Photovoltaic cells, photodiodes, phototransistors, LDRs, materials, and symbols",SEM-18-19-064,Explain photovoltaic activation and load-dependent output; Differentiate photodiode/phototransistor/LDR mechanisms; Identify representative semiconductor-material concept without overgeneralizing; Recognize schematic symbols via light arrows/device symbol; Connect sensor output to light-activated control circuitry,w19-media-opto,CETa
CETa,18.6.1,"Identify symbols for photo-resistors, photodiodes and photo-transistors",18,Optical Electronics,19,"Media, connectors, signal paths, and optical fundamentals","W19-CETA-v16.3 · Photovoltaic cells, photodiodes, phototransistors, LDRs, materials, and symbols","v16.3 integrated lesson: subject-specific technical instruction, instructional visual, worked examples, guided practice, changed independent scenario, knowledge checks, and required semantic evidence.","Compare twisted pair, coax, and fiber by signal mechanism, common application, major test method, and one handling concern. | Explain the difference between a common-anode and common-cathode seven-segment display and how segment drive polarity changes. | Compare photovoltaic cell, photodiode, phototransistor, and LDR by output behavior and a suitable application.","Build a media-and-opto fault table for four scenarios: intermittent crimp, wrong coax impedance, dirty fiber connector, and reversed LED/opto input. For each, state expected symptoms, the correct instrument/inspection method, and what evidence would prove the repair without claiming capabilities the instrument does not have.",Required semantic task SEM-18-19-064; required primary lesson gate; v16.3 integrated lesson checks; Week 19 mastery/teach-back.,Correct auto-graded lesson checks where applicable; topic-specific constructed-response/performance evidence; changed-context practice; weekly cumulative mastery; physical evidence when required.,"LAB-019: Identification table, pin/path map, inspection, measurements or virtual evidence, fault isolation, safety statement, and scope-limited conclusion. Physical proficiency is credited only on the physical route.",LAB-019,16.3,PASS,"Photovoltaic cells, photodiodes, phototransistors, LDRs, materials, and symbols",SEM-18-19-064,Explain photovoltaic activation and load-dependent output; Differentiate photodiode/phototransistor/LDR mechanisms; Identify representative semiconductor-material concept without overgeneralizing; Recognize schematic symbols via light arrows/device symbol; Connect sensor output to light-activated control circuitry,w19-media-opto,CETa
CETa,18.7,Describe how broadband signal RF and optical links are used,18,Optical Electronics,19,"Media, connectors, signal paths, and optical fundamentals","W19-CETA-v16.3 · Cameras, opto-isolators, and broadband optical links","v16.3 integrated lesson: subject-specific technical instruction, instructional visual, worked examples, guided practice, changed independent scenario, knowledge checks, and required semantic evidence.","Compare twisted pair, coax, and fiber by signal mechanism, common application, major test method, and one handling concern. | Explain the difference between a common-anode and common-cathode seven-segment display and how segment drive polarity changes. | Compare photovoltaic cell, photodiode, phototransistor, and LDR by output behavior and a suitable application.","Build a media-and-opto fault table for four scenarios: intermittent crimp, wrong coax impedance, dirty fiber connector, and reversed LED/opto input. For each, state expected symptoms, the correct instrument/inspection method, and what evidence would prove the repair without claiming capabilities the instrument does not have.",Required semantic task SEM-18-19-065; required primary lesson gate; v16.3 integrated lesson checks; Week 19 mastery/teach-back.,Correct auto-graded lesson checks where applicable; topic-specific constructed-response/performance evidence; changed-context practice; weekly cumulative mastery; physical evidence when required.,"LAB-019: Identification table, pin/path map, inspection, measurements or virtual evidence, fault isolation, safety statement, and scope-limited conclusion. Physical proficiency is credited only on the physical route.",LAB-019,16.3,PASS,"Cameras, opto-isolators, and broadband optical links",SEM-18-19-065,Explain lens/sensor/readout/ADC digital image chain; Explain optocoupler emitter-detector galvanic isolation; Name control/power/feedback/I-O isolation applications; Check isolation/speed/transfer/creepage ratings; Compare optical-fiber and RF broadband link blocks,w19-media-opto,CETa
Career,C4.3,"Prepare, strip, crimp, strain-relieve, and inspect a low-voltage wire or harness connection using workmanship criteria.",C4,"Assembly, Soldering, Rework & Harnesses",12,Make physical changes traceable with Git and lab records,W12-CAREER-v16.3 · Career integration: solder/rework workmanship and harness evidence,"v16.3 integrated lesson: subject-specific technical instruction, instructional visual, worked examples, guided practice, changed independent scenario, knowledge checks, and required semantic evidence.","Write a good commit message and lab-note entry for replacing a 10 kOhm resistor with the correct 1 kOhm value after diagnosing a divider error. | Given a folder containing source code, oscilloscope PNGs, a password file, build outputs, and a test report, decide what belongs in version control and what should be excluded or handled differently. | Rewrite the sentence 'the solder joint was bad so I fixed it' into observation, interpretation, corrective action, and verification.","Perform or simulate one controlled hardware change and create a miniature evidence package: baseline description, change record, annotated before/after image or schematic, measurement/check, version-control commit or equivalent revision record, and a one-paragraph handoff explaining what is proven and what still requires physical verification.",Required semantic task SEM-C4-12-078; required primary lesson gate; v16.3 integrated lesson checks; Week 12 mastery/teach-back.,Correct auto-graded lesson checks where applicable; topic-specific constructed-response/performance evidence; changed-context practice; weekly cumulative mastery; physical evidence when required.,"LAB-019: Identification table, pin/path map, inspection, measurements or virtual evidence, fault isolation, safety statement, and scope-limited conclusion. Physical proficiency is credited only on the physical route.",LAB-019,16.3,PASS,Career integration: solder/rework workmanship and harness evidence,SEM-C4-12-078,Identify solder defects/causes; Plan safe through-hole/SMT rework; Proper strip/crimp/strain relief; Pin/key/label continuity checks; Before/after evidence and measurements; Repair-versus-replace/escalate decision,w12-traceable-repair,Career
CETa,1.8,Explain RF transmitter and transmission hazards and precautions including MPE (maximum permissible exposure),1,Safety Precautions,1,The four quantities and the circuit they describe,W01-CETA-v16.3 · RF exposure and fiber-optic hazards,"v16.3 integrated lesson: subject-specific technical instruction, instructional visual, worked examples, guided practice, changed independent scenario, knowledge checks, and required semantic evidence.","A 3.3 V source is applied to 1.5 kOhm. Calculate current, then state whether 1 mA or 10 mA is the more sensible mental estimate before calculating. | A resistor carries 20 mA with 5 V across it. Find resistance and power. Keep units through every step. | Sketch a source, resistor, return path, and reference node. Mark where a voltmeter connects and where an ammeter would have to be inserted.","A 9 V battery powers an LED branch modeled for this exercise as a 2.0 V LED drop plus a series resistor. Choose a resistor that produces approximately 10 mA, calculate resistor power, choose a sensible resistor power rating, and explain what changes if the resistor is accidentally one tenth the intended value.",Required semantic task SEM-1-01-004; required primary lesson gate; v16.3 integrated lesson checks; Week 1 mastery/teach-back.,Correct auto-graded lesson checks where applicable; topic-specific constructed-response/performance evidence; changed-context practice; weekly cumulative mastery; physical evidence when required.,"LAB-020: Block diagram, wavelength or dB calculation, annotated trace/capture, complete settings, procedure, limited conclusion, and fault/escalation note. Physical proficiency is credited only on the physical route.",LAB-020,16.3,PASS,RF exposure and fiber-optic hazards,SEM-1-01-004,"Name the factors that determine RF exposure/MPE; Follow boundaries/interlocks/site procedures rather than using a universal safe distance; Never look into an unknown/active fiber; Identify invisible IR and glass-shard hazards; Describe fiber scrap, capping, eye-protection and test-instrument controls",w01-dc-quantities,CETa
CETa,1.10.2,Describe MPE in RF Safety (OSHA and ANSI),1,Safety Precautions,1,The four quantities and the circuit they describe,W01-CETA-v16.3 · RF exposure and fiber-optic hazards,"v16.3 integrated lesson: subject-specific technical instruction, instructional visual, worked examples, guided practice, changed independent scenario, knowledge checks, and required semantic evidence.","A 3.3 V source is applied to 1.5 kOhm. Calculate current, then state whether 1 mA or 10 mA is the more sensible mental estimate before calculating. | A resistor carries 20 mA with 5 V across it. Find resistance and power. Keep units through every step. | Sketch a source, resistor, return path, and reference node. Mark where a voltmeter connects and where an ammeter would have to be inserted.","A 9 V battery powers an LED branch modeled for this exercise as a 2.0 V LED drop plus a series resistor. Choose a resistor that produces approximately 10 mA, calculate resistor power, choose a sensible resistor power rating, and explain what changes if the resistor is accidentally one tenth the intended value.",Required semantic task SEM-1-01-004; required primary lesson gate; v16.3 integrated lesson checks; Week 1 mastery/teach-back.,Correct auto-graded lesson checks where applicable; topic-specific constructed-response/performance evidence; changed-context practice; weekly cumulative mastery; physical evidence when required.,"LAB-020: Block diagram, wavelength or dB calculation, annotated trace/capture, complete settings, procedure, limited conclusion, and fault/escalation note. Physical proficiency is credited only on the physical route.",LAB-020,16.3,PASS,RF exposure and fiber-optic hazards,SEM-1-01-004,"Name the factors that determine RF exposure/MPE; Follow boundaries/interlocks/site procedures rather than using a universal safe distance; Never look into an unknown/active fiber; Identify invisible IR and glass-shard hazards; Describe fiber scrap, capping, eye-protection and test-instrument controls",w01-dc-quantities,CETa
CETa,8.9,Explain ESR (Equivalent Series Resistance) capacitance measurement equipment,8,Test Equipment and Measurements,3,What each instrument measures and how the controls map to quantities,"W03-CETA-v16.3 · Signal generators, frequency counters, RCL substitution, and ESR meters","v16.3 integrated lesson: subject-specific technical instruction, instructional visual, worked examples, guided practice, changed independent scenario, knowledge checks, and required semantic evidence.","Describe the safe connection and meter mode for measuring 5 V rail voltage, 20 mA branch current, and a resistor value. | A 1 kHz square wave will not stabilize on the scope. Name the trigger source, level, and slope choices you would inspect before blaming the circuit. | Choose between DMM, scope, signal generator, frequency counter, logic probe, and spectrum analyzer for six questions: DC rail, 2 ns glitch, controlled sine stimulus, exact repetitive frequency, static digital level, unexpected RF spur.","A sensor board has correct 5 V input but a periodic reset every 200 ms. Design an instrument plan using a DMM and oscilloscope. State exactly what each instrument should observe, where the reference connects, what time scale/trigger strategy you would start with, and what evidence would distinguish a supply dip from a purely firmware reset.",Required semantic task SEM-8-03-034; required primary lesson gate; v16.3 integrated lesson checks; Week 3 mastery/teach-back.,Correct auto-graded lesson checks where applicable; topic-specific constructed-response/performance evidence; changed-context practice; weekly cumulative mastery; physical evidence when required.,"LAB-020: Block diagram, wavelength or dB calculation, annotated trace/capture, complete settings, procedure, limited conclusion, and fault/escalation note. Physical proficiency is credited only on the physical route.",LAB-020,16.3,PASS,"Signal generators, frequency counters, RCL substitution, and ESR meters",SEM-8-03-034,Explain generator stimulus settings; Explain counter timebase/gate/trigger/bandwidth limits; Explain controlled RCL substitution purpose; Explain ESR as loss/resistance indicator; Recognize in-circuit parallel-path/rating limitations,w03-instrument-connections,CETa
CETa,9.7,Explain how graphs are used to demonstrate electronics functions,9,Mathematics and Formulas,4,Waveform language and energy-storage behavior,W04-CETA-v16.3 · Decibels and graphs as engineering representations,"v16.3 integrated lesson: subject-specific technical instruction, instructional visual, worked examples, guided practice, changed independent scenario, knowledge checks, and required semantic evidence.","For R=1 kOhm and C=10 uF, calculate tau and the approximate time to settle near final value using 5 tau. | A 2 Vpp sine wave centered at 1 V is displayed. State Vpk, maximum voltage, minimum voltage, and what additional information is needed before claiming RMS. | Explain what happens to relay-coil voltage when current is interrupted with and without a flyback diode.",A reset circuit uses a 47 kOhm resistor and 10 uF capacitor. Estimate its time constant and discuss why using '5 tau' as an exact digital reset delay can be misleading. Then sketch the expected capacitor-voltage shape and identify how a leaky capacitor or low-impedance input would change it.,Required semantic task SEM-9-04-040; required primary lesson gate; v16.3 integrated lesson checks; Week 4 mastery/teach-back.,Correct auto-graded lesson checks where applicable; topic-specific constructed-response/performance evidence; changed-context practice; weekly cumulative mastery; physical evidence when required.,"LAB-020: Block diagram, wavelength or dB calculation, annotated trace/capture, complete settings, procedure, limited conclusion, and fault/escalation note. Physical proficiency is credited only on the physical route.",LAB-020,16.3,PASS,Decibels and graphs as engineering representations,SEM-9-04-040,Use 10log for power ratio; Use 20log voltage ratio only with proper impedance condition; Recognize approximate ±3/10 dB power relationships; Explain dBm reference concept; Label graph axes/units/scale/reference/conditions,w04-rc-rl-response,CETa
CETa,19.1,Explain basic wave propagation and its importance to wireless communications,19,Radio (RF) Communications Technology,20,"RF, modulation, antennas, transmission, and telecom blocks","W20-CETA-v16.3 · Wave propagation, fields, polarization, and wavelength","v16.3 integrated lesson: subject-specific technical instruction, instructional visual, worked examples, guided practice, changed independent scenario, knowledge checks, and required semantic evidence.","List and distinguish coax, twin-lead/ladder line, waveguide, and microstrip/stripline. | A 50 ohm system is connected to a badly mismatched antenna. Explain qualitatively what reflection and VSWR mean and how a dummy load helps isolate the fault. | Draw a generic superheterodyne-style receiver chain and identify where tuning, frequency conversion, filtering, and demodulation occur.","Analyze one low-power or receive-only RF/telecom example without transmitting unsafely. Choose a frequency, calculate wavelength, identify antenna/feedline type and characteristic impedance, sketch the transmitter/channel/receiver blocks or receive-only path, and describe what a spectrum analyzer would show for carrier/bandwidth/noise. Include regulatory/exposure boundaries and do not claim authorization to transmit.",Required semantic task SEM-19-20-066; required primary lesson gate; v16.3 integrated lesson checks; Week 20 mastery/teach-back.,Correct auto-graded lesson checks where applicable; topic-specific constructed-response/performance evidence; changed-context practice; weekly cumulative mastery; physical evidence when required.,"LAB-020: Block diagram, wavelength or dB calculation, annotated trace/capture, complete settings, procedure, limited conclusion, and fault/escalation note. Physical proficiency is credited only on the physical route.",LAB-020,16.3,PASS,"Wave propagation, fields, polarization, and wavelength",SEM-19-20-066,Explain propagating E/H field concept; Distinguish electrostatic field from radiated RF context; Define polarization; Use λ=c/f; Name reflection/diffraction/absorption/multipath effects,w20-rf-system,CETa
CETa,19.2,Describe the basic theory of how antennas work,19,Radio (RF) Communications Technology,20,"RF, modulation, antennas, transmission, and telecom blocks","W20-CETA-v16.3 · Antennas, feedlines, impedance matching, SWR/VSWR, and feedline types","v16.3 integrated lesson: subject-specific technical instruction, instructional visual, worked examples, guided practice, changed independent scenario, knowledge checks, and required semantic evidence.","List and distinguish coax, twin-lead/ladder line, waveguide, and microstrip/stripline. | A 50 ohm system is connected to a badly mismatched antenna. Explain qualitatively what reflection and VSWR mean and how a dummy load helps isolate the fault. | Draw a generic superheterodyne-style receiver chain and identify where tuning, frequency conversion, filtering, and demodulation occur.","Analyze one low-power or receive-only RF/telecom example without transmitting unsafely. Choose a frequency, calculate wavelength, identify antenna/feedline type and characteristic impedance, sketch the transmitter/channel/receiver blocks or receive-only path, and describe what a spectrum analyzer would show for carrier/bandwidth/noise. Include regulatory/exposure boundaries and do not claim authorization to transmit.",Required semantic task SEM-19-20-067; required primary lesson gate; v16.3 integrated lesson checks; Week 20 mastery/teach-back.,Correct auto-graded lesson checks where applicable; topic-specific constructed-response/performance evidence; changed-context practice; weekly cumulative mastery; physical evidence when required.,"LAB-020: Block diagram, wavelength or dB calculation, annotated trace/capture, complete settings, procedure, limited conclusion, and fault/escalation note. Physical proficiency is credited only on the physical route.",LAB-020,16.3,PASS,"Antennas, feedlines, impedance matching, SWR/VSWR, and feedline types",SEM-19-20-067,"List actual feedline/transmission-line types; Explain characteristic impedance is geometry/material property, not DC resistance; Explain antenna guided-to-radiated conversion; Explain mismatch/reflection/SWR/VSWR concept; Name common mismatch causes and dummy-load diagnostic role",w20-rf-system,CETa
CETa,19.2.1,List the types of transmission lines (feedline) used between antennas and RF equipment,19,Radio (RF) Communications Technology,20,"RF, modulation, antennas, transmission, and telecom blocks","W20-CETA-v16.3 · Antennas, feedlines, impedance matching, SWR/VSWR, and feedline types","v16.3 integrated lesson: subject-specific technical instruction, instructional visual, worked examples, guided practice, changed independent scenario, knowledge checks, and required semantic evidence.","List and distinguish coax, twin-lead/ladder line, waveguide, and microstrip/stripline. | A 50 ohm system is connected to a badly mismatched antenna. Explain qualitatively what reflection and VSWR mean and how a dummy load helps isolate the fault. | Draw a generic superheterodyne-style receiver chain and identify where tuning, frequency conversion, filtering, and demodulation occur.","Analyze one low-power or receive-only RF/telecom example without transmitting unsafely. Choose a frequency, calculate wavelength, identify antenna/feedline type and characteristic impedance, sketch the transmitter/channel/receiver blocks or receive-only path, and describe what a spectrum analyzer would show for carrier/bandwidth/noise. Include regulatory/exposure boundaries and do not claim authorization to transmit.",Required semantic task SEM-19-20-067; required primary lesson gate; v16.3 integrated lesson checks; Week 20 mastery/teach-back.,Correct auto-graded lesson checks where applicable; topic-specific constructed-response/performance evidence; changed-context practice; weekly cumulative mastery; physical evidence when required.,"LAB-020: Block diagram, wavelength or dB calculation, annotated trace/capture, complete settings, procedure, limited conclusion, and fault/escalation note. Physical proficiency is credited only on the physical route.",LAB-020,16.3,PASS,"Antennas, feedlines, impedance matching, SWR/VSWR, and feedline types",SEM-19-20-067,"List actual feedline/transmission-line types; Explain characteristic impedance is geometry/material property, not DC resistance; Explain antenna guided-to-radiated conversion; Explain mismatch/reflection/SWR/VSWR concept; Name common mismatch causes and dummy-load diagnostic role",w20-rf-system,CETa
CETa,19.3,"Define polarization, electromagnetic and electro-static fields and their relationships to each other",19,Radio (RF) Communications Technology,20,"RF, modulation, antennas, transmission, and telecom blocks","W20-CETA-v16.3 · Wave propagation, fields, polarization, and wavelength","v16.3 integrated lesson: subject-specific technical instruction, instructional visual, worked examples, guided practice, changed independent scenario, knowledge checks, and required semantic evidence.","List and distinguish coax, twin-lead/ladder line, waveguide, and microstrip/stripline. | A 50 ohm system is connected to a badly mismatched antenna. Explain qualitatively what reflection and VSWR mean and how a dummy load helps isolate the fault. | Draw a generic superheterodyne-style receiver chain and identify where tuning, frequency conversion, filtering, and demodulation occur.","Analyze one low-power or receive-only RF/telecom example without transmitting unsafely. Choose a frequency, calculate wavelength, identify antenna/feedline type and characteristic impedance, sketch the transmitter/channel/receiver blocks or receive-only path, and describe what a spectrum analyzer would show for carrier/bandwidth/noise. Include regulatory/exposure boundaries and do not claim authorization to transmit.",Required semantic task SEM-19-20-066; required primary lesson gate; v16.3 integrated lesson checks; Week 20 mastery/teach-back.,Correct auto-graded lesson checks where applicable; topic-specific constructed-response/performance evidence; changed-context practice; weekly cumulative mastery; physical evidence when required.,"LAB-020: Block diagram, wavelength or dB calculation, annotated trace/capture, complete settings, procedure, limited conclusion, and fault/escalation note. Physical proficiency is credited only on the physical route.",LAB-020,16.3,PASS,"Wave propagation, fields, polarization, and wavelength",SEM-19-20-066,Explain propagating E/H field concept; Distinguish electrostatic field from radiated RF context; Define polarization; Use λ=c/f; Name reflection/diffraction/absorption/multipath effects,w20-rf-system,CETa
CETa,19.4,"Differentiate between the signals/signaling of AM, FM radio/TV, LMR including CDMA, GSM, LTE, 5G (i.e., modulation)",19,Radio (RF) Communications Technology,20,"RF, modulation, antennas, transmission, and telecom blocks","W20-CETA-v16.3 · Modulation, communications receivers, and radio usage","v16.3 integrated lesson: subject-specific technical instruction, instructional visual, worked examples, guided practice, changed independent scenario, knowledge checks, and required semantic evidence.","List and distinguish coax, twin-lead/ladder line, waveguide, and microstrip/stripline. | A 50 ohm system is connected to a badly mismatched antenna. Explain qualitatively what reflection and VSWR mean and how a dummy load helps isolate the fault. | Draw a generic superheterodyne-style receiver chain and identify where tuning, frequency conversion, filtering, and demodulation occur.","Analyze one low-power or receive-only RF/telecom example without transmitting unsafely. Choose a frequency, calculate wavelength, identify antenna/feedline type and characteristic impedance, sketch the transmitter/channel/receiver blocks or receive-only path, and describe what a spectrum analyzer would show for carrier/bandwidth/noise. Include regulatory/exposure boundaries and do not claim authorization to transmit.",Required semantic task SEM-19-20-068; required primary lesson gate; v16.3 integrated lesson checks; Week 20 mastery/teach-back.,Correct auto-graded lesson checks where applicable; topic-specific constructed-response/performance evidence; changed-context practice; weekly cumulative mastery; physical evidence when required.,"LAB-020: Block diagram, wavelength or dB calculation, annotated trace/capture, complete settings, procedure, limited conclusion, and fault/escalation note. Physical proficiency is credited only on the physical route.",LAB-020,16.3,PASS,"Modulation, communications receivers, and radio usage",SEM-19-20-068,Differentiate amplitude/frequency/digital modulation concepts; Avoid mislabeling CDMA/GSM/LTE/5G as identical modulation types; Differentiate two-way communications radio and broadcast receiver use; Identify receiver RF/mixer-LO/IF/baseband/demod-output blocks; Use block-level signal tracing,w20-rf-system,CETa
CETa,19.5,Differentiate usage of communications radios and commercial broadcast receivers,19,Radio (RF) Communications Technology,20,"RF, modulation, antennas, transmission, and telecom blocks","W20-CETA-v16.3 · Modulation, communications receivers, and radio usage","v16.3 integrated lesson: subject-specific technical instruction, instructional visual, worked examples, guided practice, changed independent scenario, knowledge checks, and required semantic evidence.","List and distinguish coax, twin-lead/ladder line, waveguide, and microstrip/stripline. | A 50 ohm system is connected to a badly mismatched antenna. Explain qualitatively what reflection and VSWR mean and how a dummy load helps isolate the fault. | Draw a generic superheterodyne-style receiver chain and identify where tuning, frequency conversion, filtering, and demodulation occur.","Analyze one low-power or receive-only RF/telecom example without transmitting unsafely. Choose a frequency, calculate wavelength, identify antenna/feedline type and characteristic impedance, sketch the transmitter/channel/receiver blocks or receive-only path, and describe what a spectrum analyzer would show for carrier/bandwidth/noise. Include regulatory/exposure boundaries and do not claim authorization to transmit.",Required semantic task SEM-19-20-068; required primary lesson gate; v16.3 integrated lesson checks; Week 20 mastery/teach-back.,Correct auto-graded lesson checks where applicable; topic-specific constructed-response/performance evidence; changed-context practice; weekly cumulative mastery; physical evidence when required.,"LAB-020: Block diagram, wavelength or dB calculation, annotated trace/capture, complete settings, procedure, limited conclusion, and fault/escalation note. Physical proficiency is credited only on the physical route.",LAB-020,16.3,PASS,"Modulation, communications receivers, and radio usage",SEM-19-20-068,Differentiate amplitude/frequency/digital modulation concepts; Avoid mislabeling CDMA/GSM/LTE/5G as identical modulation types; Differentiate two-way communications radio and broadcast receiver use; Identify receiver RF/mixer-LO/IF/baseband/demod-output blocks; Use block-level signal tracing,w20-rf-system,CETa
CETa,19.6,Describe the major radio receiver circuitry sections,19,Radio (RF) Communications Technology,20,"RF, modulation, antennas, transmission, and telecom blocks","W20-CETA-v16.3 · Modulation, communications receivers, and radio usage","v16.3 integrated lesson: subject-specific technical instruction, instructional visual, worked examples, guided practice, changed independent scenario, knowledge checks, and required semantic evidence.","List and distinguish coax, twin-lead/ladder line, waveguide, and microstrip/stripline. | A 50 ohm system is connected to a badly mismatched antenna. Explain qualitatively what reflection and VSWR mean and how a dummy load helps isolate the fault. | Draw a generic superheterodyne-style receiver chain and identify where tuning, frequency conversion, filtering, and demodulation occur.","Analyze one low-power or receive-only RF/telecom example without transmitting unsafely. Choose a frequency, calculate wavelength, identify antenna/feedline type and characteristic impedance, sketch the transmitter/channel/receiver blocks or receive-only path, and describe what a spectrum analyzer would show for carrier/bandwidth/noise. Include regulatory/exposure boundaries and do not claim authorization to transmit.",Required semantic task SEM-19-20-068; required primary lesson gate; v16.3 integrated lesson checks; Week 20 mastery/teach-back.,Correct auto-graded lesson checks where applicable; topic-specific constructed-response/performance evidence; changed-context practice; weekly cumulative mastery; physical evidence when required.,"LAB-020: Block diagram, wavelength or dB calculation, annotated trace/capture, complete settings, procedure, limited conclusion, and fault/escalation note. Physical proficiency is credited only on the physical route.",LAB-020,16.3,PASS,"Modulation, communications receivers, and radio usage",SEM-19-20-068,Differentiate amplitude/frequency/digital modulation concepts; Avoid mislabeling CDMA/GSM/LTE/5G as identical modulation types; Differentiate two-way communications radio and broadcast receiver use; Identify receiver RF/mixer-LO/IF/baseband/demod-output blocks; Use block-level signal tracing,w20-rf-system,CETa
CETa,19.7,List common frequency bands (spectrum),19,Radio (RF) Communications Technology,20,"RF, modulation, antennas, transmission, and telecom blocks",W20-CETA-v16.3 · Spectrum bands and radio tuning/alignment,"v16.3 integrated lesson: subject-specific technical instruction, instructional visual, worked examples, guided practice, changed independent scenario, knowledge checks, and required semantic evidence.","List and distinguish coax, twin-lead/ladder line, waveguide, and microstrip/stripline. | A 50 ohm system is connected to a badly mismatched antenna. Explain qualitatively what reflection and VSWR mean and how a dummy load helps isolate the fault. | Draw a generic superheterodyne-style receiver chain and identify where tuning, frequency conversion, filtering, and demodulation occur.","Analyze one low-power or receive-only RF/telecom example without transmitting unsafely. Choose a frequency, calculate wavelength, identify antenna/feedline type and characteristic impedance, sketch the transmitter/channel/receiver blocks or receive-only path, and describe what a spectrum analyzer would show for carrier/bandwidth/noise. Include regulatory/exposure boundaries and do not claim authorization to transmit.",Required semantic task SEM-19-20-069; required primary lesson gate; v16.3 integrated lesson checks; Week 20 mastery/teach-back.,Correct auto-graded lesson checks where applicable; topic-specific constructed-response/performance evidence; changed-context practice; weekly cumulative mastery; physical evidence when required.,"LAB-020: Block diagram, wavelength or dB calculation, annotated trace/capture, complete settings, procedure, limited conclusion, and fault/escalation note. Physical proficiency is credited only on the physical route.",LAB-020,16.3,PASS,Spectrum bands and radio tuning/alignment,SEM-19-20-069,Recognize common spectrum band names/order; Use current allocation/service documentation for exact bands; Explain resonant/synthesized tuning concept; Explain PLL-based modern tuning role; Require service procedure/test signal/target before alignment,w20-rf-system,CETa
CETa,19.8,Explain radio circuit tuning and adjustments,19,Radio (RF) Communications Technology,20,"RF, modulation, antennas, transmission, and telecom blocks",W20-CETA-v16.3 · Spectrum bands and radio tuning/alignment,"v16.3 integrated lesson: subject-specific technical instruction, instructional visual, worked examples, guided practice, changed independent scenario, knowledge checks, and required semantic evidence.","List and distinguish coax, twin-lead/ladder line, waveguide, and microstrip/stripline. | A 50 ohm system is connected to a badly mismatched antenna. Explain qualitatively what reflection and VSWR mean and how a dummy load helps isolate the fault. | Draw a generic superheterodyne-style receiver chain and identify where tuning, frequency conversion, filtering, and demodulation occur.","Analyze one low-power or receive-only RF/telecom example without transmitting unsafely. Choose a frequency, calculate wavelength, identify antenna/feedline type and characteristic impedance, sketch the transmitter/channel/receiver blocks or receive-only path, and describe what a spectrum analyzer would show for carrier/bandwidth/noise. Include regulatory/exposure boundaries and do not claim authorization to transmit.",Required semantic task SEM-19-20-069; required primary lesson gate; v16.3 integrated lesson checks; Week 20 mastery/teach-back.,Correct auto-graded lesson checks where applicable; topic-specific constructed-response/performance evidence; changed-context practice; weekly cumulative mastery; physical evidence when required.,"LAB-020: Block diagram, wavelength or dB calculation, annotated trace/capture, complete settings, procedure, limited conclusion, and fault/escalation note. Physical proficiency is credited only on the physical route.",LAB-020,16.3,PASS,Spectrum bands and radio tuning/alignment,SEM-19-20-069,Recognize common spectrum band names/order; Use current allocation/service documentation for exact bands; Explain resonant/synthesized tuning concept; Explain PLL-based modern tuning role; Require service procedure/test signal/target before alignment,w20-rf-system,CETa
CETa,19.9,Explain Standing Wave Ratios (SWR) and measuring voltage standing wave ratios (VSWR),19,Radio (RF) Communications Technology,20,"RF, modulation, antennas, transmission, and telecom blocks","W20-CETA-v16.3 · Antennas, feedlines, impedance matching, SWR/VSWR, and feedline types","v16.3 integrated lesson: subject-specific technical instruction, instructional visual, worked examples, guided practice, changed independent scenario, knowledge checks, and required semantic evidence.","List and distinguish coax, twin-lead/ladder line, waveguide, and microstrip/stripline. | A 50 ohm system is connected to a badly mismatched antenna. Explain qualitatively what reflection and VSWR mean and how a dummy load helps isolate the fault. | Draw a generic superheterodyne-style receiver chain and identify where tuning, frequency conversion, filtering, and demodulation occur.","Analyze one low-power or receive-only RF/telecom example without transmitting unsafely. Choose a frequency, calculate wavelength, identify antenna/feedline type and characteristic impedance, sketch the transmitter/channel/receiver blocks or receive-only path, and describe what a spectrum analyzer would show for carrier/bandwidth/noise. Include regulatory/exposure boundaries and do not claim authorization to transmit.",Required semantic task SEM-19-20-067; required primary lesson gate; v16.3 integrated lesson checks; Week 20 mastery/teach-back.,Correct auto-graded lesson checks where applicable; topic-specific constructed-response/performance evidence; changed-context practice; weekly cumulative mastery; physical evidence when required.,"LAB-020: Block diagram, wavelength or dB calculation, annotated trace/capture, complete settings, procedure, limited conclusion, and fault/escalation note. Physical proficiency is credited only on the physical route.",LAB-020,16.3,PASS,"Antennas, feedlines, impedance matching, SWR/VSWR, and feedline types",SEM-19-20-067,"List actual feedline/transmission-line types; Explain characteristic impedance is geometry/material property, not DC resistance; Explain antenna guided-to-radiated conversion; Explain mismatch/reflection/SWR/VSWR concept; Name common mismatch causes and dummy-load diagnostic role",w20-rf-system,CETa
CETa,19.10,Explain the relationships between frequency and wavelength,19,Radio (RF) Communications Technology,20,"RF, modulation, antennas, transmission, and telecom blocks","W20-CETA-v16.3 · Wave propagation, fields, polarization, and wavelength","v16.3 integrated lesson: subject-specific technical instruction, instructional visual, worked examples, guided practice, changed independent scenario, knowledge checks, and required semantic evidence.","List and distinguish coax, twin-lead/ladder line, waveguide, and microstrip/stripline. | A 50 ohm system is connected to a badly mismatched antenna. Explain qualitatively what reflection and VSWR mean and how a dummy load helps isolate the fault. | Draw a generic superheterodyne-style receiver chain and identify where tuning, frequency conversion, filtering, and demodulation occur.","Analyze one low-power or receive-only RF/telecom example without transmitting unsafely. Choose a frequency, calculate wavelength, identify antenna/feedline type and characteristic impedance, sketch the transmitter/channel/receiver blocks or receive-only path, and describe what a spectrum analyzer would show for carrier/bandwidth/noise. Include regulatory/exposure boundaries and do not claim authorization to transmit.",Required semantic task SEM-19-20-066; required primary lesson gate; v16.3 integrated lesson checks; Week 20 mastery/teach-back.,Correct auto-graded lesson checks where applicable; topic-specific constructed-response/performance evidence; changed-context practice; weekly cumulative mastery; physical evidence when required.,"LAB-020: Block diagram, wavelength or dB calculation, annotated trace/capture, complete settings, procedure, limited conclusion, and fault/escalation note. Physical proficiency is credited only on the physical route.",LAB-020,16.3,PASS,"Wave propagation, fields, polarization, and wavelength",SEM-19-20-066,Explain propagating E/H field concept; Distinguish electrostatic field from radiated RF context; Define polarization; Use λ=c/f; Name reflection/diffraction/absorption/multipath effects,w20-rf-system,CETa
CETa,19.11,Explain the importance of impedance matching; list causes of mismatches,19,Radio (RF) Communications Technology,20,"RF, modulation, antennas, transmission, and telecom blocks","W20-CETA-v16.3 · Antennas, feedlines, impedance matching, SWR/VSWR, and feedline types","v16.3 integrated lesson: subject-specific technical instruction, instructional visual, worked examples, guided practice, changed independent scenario, knowledge checks, and required semantic evidence.","List and distinguish coax, twin-lead/ladder line, waveguide, and microstrip/stripline. | A 50 ohm system is connected to a badly mismatched antenna. Explain qualitatively what reflection and VSWR mean and how a dummy load helps isolate the fault. | Draw a generic superheterodyne-style receiver chain and identify where tuning, frequency conversion, filtering, and demodulation occur.","Analyze one low-power or receive-only RF/telecom example without transmitting unsafely. Choose a frequency, calculate wavelength, identify antenna/feedline type and characteristic impedance, sketch the transmitter/channel/receiver blocks or receive-only path, and describe what a spectrum analyzer would show for carrier/bandwidth/noise. Include regulatory/exposure boundaries and do not claim authorization to transmit.",Required semantic task SEM-19-20-067; required primary lesson gate; v16.3 integrated lesson checks; Week 20 mastery/teach-back.,Correct auto-graded lesson checks where applicable; topic-specific constructed-response/performance evidence; changed-context practice; weekly cumulative mastery; physical evidence when required.,"LAB-020: Block diagram, wavelength or dB calculation, annotated trace/capture, complete settings, procedure, limited conclusion, and fault/escalation note. Physical proficiency is credited only on the physical route.",LAB-020,16.3,PASS,"Antennas, feedlines, impedance matching, SWR/VSWR, and feedline types",SEM-19-20-067,"List actual feedline/transmission-line types; Explain characteristic impedance is geometry/material property, not DC resistance; Explain antenna guided-to-radiated conversion; Explain mismatch/reflection/SWR/VSWR concept; Name common mismatch causes and dummy-load diagnostic role",w20-rf-system,CETa
CETa,20.1,"Describe major types of two-way radio communications (avionics, land mobile, maritime, etc.)",20,Telecommunications Basics,20,"RF, modulation, antennas, transmission, and telecom blocks","W20-CETA-v16.3 · Two-way, cellular/wireless, and satellite communications","v16.3 integrated lesson: subject-specific technical instruction, instructional visual, worked examples, guided practice, changed independent scenario, knowledge checks, and required semantic evidence.","List and distinguish coax, twin-lead/ladder line, waveguide, and microstrip/stripline. | A 50 ohm system is connected to a badly mismatched antenna. Explain qualitatively what reflection and VSWR mean and how a dummy load helps isolate the fault. | Draw a generic superheterodyne-style receiver chain and identify where tuning, frequency conversion, filtering, and demodulation occur.","Analyze one low-power or receive-only RF/telecom example without transmitting unsafely. Choose a frequency, calculate wavelength, identify antenna/feedline type and characteristic impedance, sketch the transmitter/channel/receiver blocks or receive-only path, and describe what a spectrum analyzer would show for carrier/bandwidth/noise. Include regulatory/exposure boundaries and do not claim authorization to transmit.",Required semantic task SEM-20-20-070; required primary lesson gate; v16.3 integrated lesson checks; Week 20 mastery/teach-back.,Correct auto-graded lesson checks where applicable; topic-specific constructed-response/performance evidence; changed-context practice; weekly cumulative mastery; physical evidence when required.,"LAB-020: Block diagram, wavelength or dB calculation, annotated trace/capture, complete settings, procedure, limited conclusion, and fault/escalation note. Physical proficiency is credited only on the physical route.",LAB-020,16.3,PASS,"Two-way, cellular/wireless, and satellite communications",SEM-20-20-070,Identify major two-way service categories; Explain mobile device-base/core network concept; Recognize standards references can change by generation/application; Explain satellite uplink-transponder-downlink path; Recognize path loss/gain/alignment/delay considerations,w20-rf-system,CETa
CETa,20.2,"Describe wireless telephone/video/data technology basics, list applicable ANSI/TIA standard",20,Telecommunications Basics,20,"RF, modulation, antennas, transmission, and telecom blocks","W20-CETA-v16.3 · Two-way, cellular/wireless, and satellite communications","v16.3 integrated lesson: subject-specific technical instruction, instructional visual, worked examples, guided practice, changed independent scenario, knowledge checks, and required semantic evidence.","List and distinguish coax, twin-lead/ladder line, waveguide, and microstrip/stripline. | A 50 ohm system is connected to a badly mismatched antenna. Explain qualitatively what reflection and VSWR mean and how a dummy load helps isolate the fault. | Draw a generic superheterodyne-style receiver chain and identify where tuning, frequency conversion, filtering, and demodulation occur.","Analyze one low-power or receive-only RF/telecom example without transmitting unsafely. Choose a frequency, calculate wavelength, identify antenna/feedline type and characteristic impedance, sketch the transmitter/channel/receiver blocks or receive-only path, and describe what a spectrum analyzer would show for carrier/bandwidth/noise. Include regulatory/exposure boundaries and do not claim authorization to transmit.",Required semantic task SEM-20-20-070; required primary lesson gate; v16.3 integrated lesson checks; Week 20 mastery/teach-back.,Correct auto-graded lesson checks where applicable; topic-specific constructed-response/performance evidence; changed-context practice; weekly cumulative mastery; physical evidence when required.,"LAB-020: Block diagram, wavelength or dB calculation, annotated trace/capture, complete settings, procedure, limited conclusion, and fault/escalation note. Physical proficiency is credited only on the physical route.",LAB-020,16.3,PASS,"Two-way, cellular/wireless, and satellite communications",SEM-20-20-070,Identify major two-way service categories; Explain mobile device-base/core network concept; Recognize standards references can change by generation/application; Explain satellite uplink-transponder-downlink path; Recognize path loss/gain/alignment/delay considerations,w20-rf-system,CETa
CETa,20.3,Describe satellite communications principles,20,Telecommunications Basics,20,"RF, modulation, antennas, transmission, and telecom blocks","W20-CETA-v16.3 · Two-way, cellular/wireless, and satellite communications","v16.3 integrated lesson: subject-specific technical instruction, instructional visual, worked examples, guided practice, changed independent scenario, knowledge checks, and required semantic evidence.","List and distinguish coax, twin-lead/ladder line, waveguide, and microstrip/stripline. | A 50 ohm system is connected to a badly mismatched antenna. Explain qualitatively what reflection and VSWR mean and how a dummy load helps isolate the fault. | Draw a generic superheterodyne-style receiver chain and identify where tuning, frequency conversion, filtering, and demodulation occur.","Analyze one low-power or receive-only RF/telecom example without transmitting unsafely. Choose a frequency, calculate wavelength, identify antenna/feedline type and characteristic impedance, sketch the transmitter/channel/receiver blocks or receive-only path, and describe what a spectrum analyzer would show for carrier/bandwidth/noise. Include regulatory/exposure boundaries and do not claim authorization to transmit.",Required semantic task SEM-20-20-070; required primary lesson gate; v16.3 integrated lesson checks; Week 20 mastery/teach-back.,Correct auto-graded lesson checks where applicable; topic-specific constructed-response/performance evidence; changed-context practice; weekly cumulative mastery; physical evidence when required.,"LAB-020: Block diagram, wavelength or dB calculation, annotated trace/capture, complete settings, procedure, limited conclusion, and fault/escalation note. Physical proficiency is credited only on the physical route.",LAB-020,16.3,PASS,"Two-way, cellular/wireless, and satellite communications",SEM-20-20-070,Identify major two-way service categories; Explain mobile device-base/core network concept; Recognize standards references can change by generation/application; Explain satellite uplink-transponder-downlink path; Recognize path loss/gain/alignment/delay considerations,w20-rf-system,CETa
CETa,20.4,Describe wired data and voice communications network technology,20,Telecommunications Basics,20,"RF, modulation, antennas, transmission, and telecom blocks",W20-CETA-v16.3 · Wired data/voice networks and POTS,"v16.3 integrated lesson: subject-specific technical instruction, instructional visual, worked examples, guided practice, changed independent scenario, knowledge checks, and required semantic evidence.","List and distinguish coax, twin-lead/ladder line, waveguide, and microstrip/stripline. | A 50 ohm system is connected to a badly mismatched antenna. Explain qualitatively what reflection and VSWR mean and how a dummy load helps isolate the fault. | Draw a generic superheterodyne-style receiver chain and identify where tuning, frequency conversion, filtering, and demodulation occur.","Analyze one low-power or receive-only RF/telecom example without transmitting unsafely. Choose a frequency, calculate wavelength, identify antenna/feedline type and characteristic impedance, sketch the transmitter/channel/receiver blocks or receive-only path, and describe what a spectrum analyzer would show for carrier/bandwidth/noise. Include regulatory/exposure boundaries and do not claim authorization to transmit.",Required semantic task SEM-20-20-071; required primary lesson gate; v16.3 integrated lesson checks; Week 20 mastery/teach-back.,Correct auto-graded lesson checks where applicable; topic-specific constructed-response/performance evidence; changed-context practice; weekly cumulative mastery; physical evidence when required.,"LAB-020: Block diagram, wavelength or dB calculation, annotated trace/capture, complete settings, procedure, limited conclusion, and fault/escalation note. Physical proficiency is credited only on the physical route.",LAB-020,16.3,PASS,Wired data/voice networks and POTS,SEM-20-20-071,Explain switch versus router roles; Separate physical link from IP/DNS/application layers; Describe POTS two-wire tip/ring loop concept; Explain off-hook loop current and ringing at a basic level; Recognize splice/cross/short/ground and ringing safety considerations,w20-rf-system,CETa
CETa,20.5,Describe a basic telephone (POTS) circuit with the common wiring and splicing conventions,20,Telecommunications Basics,20,"RF, modulation, antennas, transmission, and telecom blocks",W20-CETA-v16.3 · Wired data/voice networks and POTS,"v16.3 integrated lesson: subject-specific technical instruction, instructional visual, worked examples, guided practice, changed independent scenario, knowledge checks, and required semantic evidence.","List and distinguish coax, twin-lead/ladder line, waveguide, and microstrip/stripline. | A 50 ohm system is connected to a badly mismatched antenna. Explain qualitatively what reflection and VSWR mean and how a dummy load helps isolate the fault. | Draw a generic superheterodyne-style receiver chain and identify where tuning, frequency conversion, filtering, and demodulation occur.","Analyze one low-power or receive-only RF/telecom example without transmitting unsafely. Choose a frequency, calculate wavelength, identify antenna/feedline type and characteristic impedance, sketch the transmitter/channel/receiver blocks or receive-only path, and describe what a spectrum analyzer would show for carrier/bandwidth/noise. Include regulatory/exposure boundaries and do not claim authorization to transmit.",Required semantic task SEM-20-20-071; required primary lesson gate; v16.3 integrated lesson checks; Week 20 mastery/teach-back.,Correct auto-graded lesson checks where applicable; topic-specific constructed-response/performance evidence; changed-context practice; weekly cumulative mastery; physical evidence when required.,"LAB-020: Block diagram, wavelength or dB calculation, annotated trace/capture, complete settings, procedure, limited conclusion, and fault/escalation note. Physical proficiency is credited only on the physical route.",LAB-020,16.3,PASS,Wired data/voice networks and POTS,SEM-20-20-071,Explain switch versus router roles; Separate physical link from IP/DNS/application layers; Describe POTS two-wire tip/ring loop concept; Explain off-hook loop current and ringing at a basic level; Recognize splice/cross/short/ground and ringing safety considerations,w20-rf-system,CETa
Career,C12.4,"Create a concise test report with purpose, setup, method, results, plots/tables, conclusions, and unresolved risks.",C12,Engineering Workflow & Documentation,22,Write requirements and verification before building,"W22-CAREER-v16.3 · Career integration: Git, command line, lab notes, reports, and technical handoff","v16.3 integrated lesson: subject-specific technical instruction, instructional visual, worked examples, guided practice, changed independent scenario, knowledge checks, and required semantic evidence.","Rewrite 'the UART should be fast' into a measurable requirement with baud/response-time/error behavior. | Classify four activities as verification, validation, characterization, or troubleshooting. | Create a three-row requirement-to-test matrix for an MCU + sensor + UART project.","Define the first version of Project 1 using 5-10 measurable requirements, a block diagram, interface table, BOM, risk list, and trace matrix. Every requirement must have at least one planned verification method. Remove or backlog any feature that cannot be tied to the current project goal or tested with available equipment.",Required semantic task SEM-C12-22-086; required primary lesson gate; v16.3 integrated lesson checks; Week 22 mastery/teach-back.,Correct auto-graded lesson checks where applicable; topic-specific constructed-response/performance evidence; changed-context practice; weekly cumulative mastery; physical evidence when required.,"LAB-020: Block diagram, wavelength or dB calculation, annotated trace/capture, complete settings, procedure, limited conclusion, and fault/escalation note. Physical proficiency is credited only on the physical route.",LAB-020,16.3,PASS,"Career integration: Git, command line, lab notes, reports, and technical handoff",SEM-C12-22-086,Meaningful Git commits/branches; Repeatable command-line/project structure; Complete dated lab notes; Purpose/setup/method/results/conclusion/risks report; Fact-based engineer handoff with precise question; Organized versioned units/files/screenshots/code/schematics/evidence,w22-requirement-trace,Career
Career,C12.5,"Communicate a technical problem to an engineer using observed facts, measurements, attempted checks, and a clear question.",C12,Engineering Workflow & Documentation,22,Write requirements and verification before building,"W22-CAREER-v16.3 · Career integration: Git, command line, lab notes, reports, and technical handoff","v16.3 integrated lesson: subject-specific technical instruction, instructional visual, worked examples, guided practice, changed independent scenario, knowledge checks, and required semantic evidence.","Rewrite 'the UART should be fast' into a measurable requirement with baud/response-time/error behavior. | Classify four activities as verification, validation, characterization, or troubleshooting. | Create a three-row requirement-to-test matrix for an MCU + sensor + UART project.","Define the first version of Project 1 using 5-10 measurable requirements, a block diagram, interface table, BOM, risk list, and trace matrix. Every requirement must have at least one planned verification method. Remove or backlog any feature that cannot be tied to the current project goal or tested with available equipment.",Required semantic task SEM-C12-22-086; required primary lesson gate; v16.3 integrated lesson checks; Week 22 mastery/teach-back.,Correct auto-graded lesson checks where applicable; topic-specific constructed-response/performance evidence; changed-context practice; weekly cumulative mastery; physical evidence when required.,"LAB-020: Block diagram, wavelength or dB calculation, annotated trace/capture, complete settings, procedure, limited conclusion, and fault/escalation note. Physical proficiency is credited only on the physical route.",LAB-020,16.3,PASS,"Career integration: Git, command line, lab notes, reports, and technical handoff",SEM-C12-22-086,Meaningful Git commits/branches; Repeatable command-line/project structure; Complete dated lab notes; Purpose/setup/method/results/conclusion/risks report; Fact-based engineer handoff with precise question; Organized versioned units/files/screenshots/code/schematics/evidence,w22-requirement-trace,Career
Career,C11.1,"Translate a requirement into a measurable verification step with setup, stimulus, expected result, tolerance, and evidence.",C11,"Hardware Test, Validation & Quality",28,Design controlled faults and write a defensible report,"W28-CAREER-v16.3 · Career integration: verification, validation, test design, and traceability","v16.3 integrated lesson: subject-specific technical instruction, instructional visual, worked examples, guided practice, changed independent scenario, knowledge checks, and required semantic evidence.","Design three safe reversible fault injections and state the expected unique signature for each. | Take one waveform/capture and write the annotation metadata needed for a failure report. | Write a one-paragraph root-cause section that distinguishes observation, hypothesis, and conclusion.","Inject one approved reversible fault into Project 1 or a simulation. Produce a complete report with baseline, prediction, raw evidence, competing hypotheses, discriminating test, cause, correction, original retest, and regression. Include an appendix or evidence index that lets another person locate the exact files/settings.",Required semantic task SEM-C11-28-085; required primary lesson gate; v16.3 integrated lesson checks; Week 28 mastery/teach-back.,Correct auto-graded lesson checks where applicable; topic-specific constructed-response/performance evidence; changed-context practice; weekly cumulative mastery; physical evidence when required.,"LAB-022: Readiness repair record, fresh results, requirements, architecture, interface/BOM, test trace, risks, and design-review decisions. Physical proficiency is credited only on the physical route.",LAB-022,16.3,PASS,"Career integration: verification, validation, test design, and traceability",SEM-C11-28-085,Requirement-to-measurement translation; Differentiate verification/validation/characterization/troubleshooting/production test; Repeatable controlled procedure; Nominal/boundary/fault cases; Pass/fail/inconclusive based on evidence; Requirement-test-result-anomaly-action-retest trace,w28-fault-report,Career
Career,C11.3,Design a repeatable test procedure that controls variables and records enough context for another technician to reproduce it.,C11,"Hardware Test, Validation & Quality",28,Design controlled faults and write a defensible report,"W28-CAREER-v16.3 · Career integration: verification, validation, test design, and traceability","v16.3 integrated lesson: subject-specific technical instruction, instructional visual, worked examples, guided practice, changed independent scenario, knowledge checks, and required semantic evidence.","Design three safe reversible fault injections and state the expected unique signature for each. | Take one waveform/capture and write the annotation metadata needed for a failure report. | Write a one-paragraph root-cause section that distinguishes observation, hypothesis, and conclusion.","Inject one approved reversible fault into Project 1 or a simulation. Produce a complete report with baseline, prediction, raw evidence, competing hypotheses, discriminating test, cause, correction, original retest, and regression. Include an appendix or evidence index that lets another person locate the exact files/settings.",Required semantic task SEM-C11-28-085; required primary lesson gate; v16.3 integrated lesson checks; Week 28 mastery/teach-back.,Correct auto-graded lesson checks where applicable; topic-specific constructed-response/performance evidence; changed-context practice; weekly cumulative mastery; physical evidence when required.,"LAB-022: Readiness repair record, fresh results, requirements, architecture, interface/BOM, test trace, risks, and design-review decisions. Physical proficiency is credited only on the physical route.",LAB-022,16.3,PASS,"Career integration: verification, validation, test design, and traceability",SEM-C11-28-085,Requirement-to-measurement translation; Differentiate verification/validation/characterization/troubleshooting/production test; Repeatable controlled procedure; Nominal/boundary/fault cases; Pass/fail/inconclusive based on evidence; Requirement-test-result-anomaly-action-retest trace,w28-fault-report,Career
Career,C12.3,"Write lab notes with date, objective, configuration, observations, measurements, anomalies, and next actions.",C12,Engineering Workflow & Documentation,22,Write requirements and verification before building,"W22-CAREER-v16.3 · Career integration: Git, command line, lab notes, reports, and technical handoff","v16.3 integrated lesson: subject-specific technical instruction, instructional visual, worked examples, guided practice, changed independent scenario, knowledge checks, and required semantic evidence.","Rewrite 'the UART should be fast' into a measurable requirement with baud/response-time/error behavior. | Classify four activities as verification, validation, characterization, or troubleshooting. | Create a three-row requirement-to-test matrix for an MCU + sensor + UART project.","Define the first version of Project 1 using 5-10 measurable requirements, a block diagram, interface table, BOM, risk list, and trace matrix. Every requirement must have at least one planned verification method. Remove or backlog any feature that cannot be tied to the current project goal or tested with available equipment.",Required semantic task SEM-C12-22-086; required primary lesson gate; v16.3 integrated lesson checks; Week 22 mastery/teach-back.,Correct auto-graded lesson checks where applicable; topic-specific constructed-response/performance evidence; changed-context practice; weekly cumulative mastery; physical evidence when required.,"LAB-022: Readiness repair record, fresh results, requirements, architecture, interface/BOM, test trace, risks, and design-review decisions. Physical proficiency is credited only on the physical route.",LAB-022,16.3,PASS,"Career integration: Git, command line, lab notes, reports, and technical handoff",SEM-C12-22-086,Meaningful Git commits/branches; Repeatable command-line/project structure; Complete dated lab notes; Purpose/setup/method/results/conclusion/risks report; Fact-based engineer handoff with precise question; Organized versioned units/files/screenshots/code/schematics/evidence,w22-requirement-trace,Career
CETa,16.10,Explain the differences between an individual stand-alone computer and basic networking,16,Computer Applications and Software,17,"UART frames, parameters, levels, and error causes","W17-CETA-v16.3 · Basic operation, setup/configuration, and stand-alone versus networked computers","v16.3 integrated lesson: subject-specific technical instruction, instructional visual, worked examples, guided practice, changed independent scenario, knowledge checks, and required semantic evidence.","Draw an 8N1 frame for data byte 0x55 assuming idle-high and LSB-first. Label start, each data bit, and stop. | A logic analyzer decodes nonsense at 115200 but the raw bit period measures about 104 us. Estimate the actual baud rate and state the likely problem. | List the physical checks before blaming parsing: voltage levels, ground/reference, TX/RX crossover, idle level, actual baud, frame settings.","Configure or simulate a UART link. Send a repeating known byte sequence such as 0x55, 0xA5, or readable text. Capture raw waveform, measure bit time, decode it, and document framing settings. Then intentionally create one mismatch—baud, parity, crossed/missing wire, or logic-voltage assumption where safe—and explain the raw and decoded symptom that identifies the layer.",Required semantic task SEM-16-17-058; required primary lesson gate; v16.3 integrated lesson checks; Week 17 mastery/teach-back.,Correct auto-graded lesson checks where applicable; topic-specific constructed-response/performance evidence; changed-context practice; weekly cumulative mastery; physical evidence when required.,"LAB-023: Test procedure, source, requirements trace, raw and parsed log, PASS/FAIL/ERROR cases, plot/table with units/limits, and reproducibility notes. Physical proficiency is credited only on the physical route.",LAB-023,16.3,PASS,"Basic operation, setup/configuration, and stand-alone versus networked computers",SEM-16-17-058,Explain boot/OS/driver/application relationship; Outline setup and configuration stages; Explain why configuration choices are purpose-specific; Differentiate stand-alone from network dependencies; Use layered network troubleshooting rather than indiscriminate reinstall,w17-uart-frame,CETa
Career,C10.1,"Use Python to open, configure, read from, and write to a serial device with explicit timeouts and error handling.",C10,Python Test Automation & Data,27,Design a maintainable automated hardware test,W27-CAREER-v16.3 · Career integration: Python hardware-test automation and data integrity,"v16.3 integrated lesson: subject-specific technical instruction, instructional visual, worked examples, guided practice, changed independent scenario, knowledge checks, and required semantic evidence.","Write pseudocode for setup -> stimulus -> acquire -> evaluate -> log -> cleanup with exception/failure handling. | For three requirements, create numeric or enumerated acceptance rules and test the boundary values. | List configuration items that belong outside the main test logic: port, baud, DUT ID, firmware, limits, instrument address, calibration.","Create an automated Project 1 test that performs at least three checks, preserves raw and parsed data, applies explicit limits, handles timeout/malformed data, and writes a timestamped structured result. Add at least five software tests for boundary/error cases and demonstrate cleanup/recovery after a forced failure.",Required semantic task SEM-C10-27-084; required primary lesson gate; v16.3 integrated lesson checks; Week 27 mastery/teach-back.,Correct auto-graded lesson checks where applicable; topic-specific constructed-response/performance evidence; changed-context practice; weekly cumulative mastery; physical evidence when required.,"LAB-023: Test procedure, source, requirements trace, raw and parsed log, PASS/FAIL/ERROR cases, plot/table with units/limits, and reproducibility notes. Physical proficiency is credited only on the physical route.",LAB-023,16.3,PASS,Career integration: Python hardware-test automation and data integrity,SEM-C10-27-084,Serial settings/timeouts/error handling; Structured parsing and malformed/range rejection; Timestamp/unit/device/configuration logging; Explicit PASS/FAIL limits and reason; Trend/drift/noise/outlier summary; Separate setup/stimulus/measure/evaluate/cleanup/report,w27-hw-test-loop,Career
Career,C10.2,Parse incoming measurements into structured values and reject malformed or out-of-range data safely.,C10,Python Test Automation & Data,27,Design a maintainable automated hardware test,W27-CAREER-v16.3 · Career integration: Python hardware-test automation and data integrity,"v16.3 integrated lesson: subject-specific technical instruction, instructional visual, worked examples, guided practice, changed independent scenario, knowledge checks, and required semantic evidence.","Write pseudocode for setup -> stimulus -> acquire -> evaluate -> log -> cleanup with exception/failure handling. | For three requirements, create numeric or enumerated acceptance rules and test the boundary values. | List configuration items that belong outside the main test logic: port, baud, DUT ID, firmware, limits, instrument address, calibration.","Create an automated Project 1 test that performs at least three checks, preserves raw and parsed data, applies explicit limits, handles timeout/malformed data, and writes a timestamped structured result. Add at least five software tests for boundary/error cases and demonstrate cleanup/recovery after a forced failure.",Required semantic task SEM-C10-27-084; required primary lesson gate; v16.3 integrated lesson checks; Week 27 mastery/teach-back.,Correct auto-graded lesson checks where applicable; topic-specific constructed-response/performance evidence; changed-context practice; weekly cumulative mastery; physical evidence when required.,"LAB-023: Test procedure, source, requirements trace, raw and parsed log, PASS/FAIL/ERROR cases, plot/table with units/limits, and reproducibility notes. Physical proficiency is credited only on the physical route.",LAB-023,16.3,PASS,Career integration: Python hardware-test automation and data integrity,SEM-C10-27-084,Serial settings/timeouts/error handling; Structured parsing and malformed/range rejection; Timestamp/unit/device/configuration logging; Explicit PASS/FAIL limits and reason; Trend/drift/noise/outlier summary; Separate setup/stimulus/measure/evaluate/cleanup/report,w27-hw-test-loop,Career
Career,C10.3,"Log timestamped test data in a reproducible format that preserves units, device identity, and test conditions.",C10,Python Test Automation & Data,27,Design a maintainable automated hardware test,W27-CAREER-v16.3 · Career integration: Python hardware-test automation and data integrity,"v16.3 integrated lesson: subject-specific technical instruction, instructional visual, worked examples, guided practice, changed independent scenario, knowledge checks, and required semantic evidence.","Write pseudocode for setup -> stimulus -> acquire -> evaluate -> log -> cleanup with exception/failure handling. | For three requirements, create numeric or enumerated acceptance rules and test the boundary values. | List configuration items that belong outside the main test logic: port, baud, DUT ID, firmware, limits, instrument address, calibration.","Create an automated Project 1 test that performs at least three checks, preserves raw and parsed data, applies explicit limits, handles timeout/malformed data, and writes a timestamped structured result. Add at least five software tests for boundary/error cases and demonstrate cleanup/recovery after a forced failure.",Required semantic task SEM-C10-27-084; required primary lesson gate; v16.3 integrated lesson checks; Week 27 mastery/teach-back.,Correct auto-graded lesson checks where applicable; topic-specific constructed-response/performance evidence; changed-context practice; weekly cumulative mastery; physical evidence when required.,"LAB-023: Test procedure, source, requirements trace, raw and parsed log, PASS/FAIL/ERROR cases, plot/table with units/limits, and reproducibility notes. Physical proficiency is credited only on the physical route.",LAB-023,16.3,PASS,Career integration: Python hardware-test automation and data integrity,SEM-C10-27-084,Serial settings/timeouts/error handling; Structured parsing and malformed/range rejection; Timestamp/unit/device/configuration logging; Explicit PASS/FAIL limits and reason; Trend/drift/noise/outlier summary; Separate setup/stimulus/measure/evaluate/cleanup/report,w27-hw-test-loop,Career
Career,C10.4,Write an automated PASS/FAIL check against explicit limits and report why a failure occurred.,C10,Python Test Automation & Data,27,Design a maintainable automated hardware test,W27-CAREER-v16.3 · Career integration: Python hardware-test automation and data integrity,"v16.3 integrated lesson: subject-specific technical instruction, instructional visual, worked examples, guided practice, changed independent scenario, knowledge checks, and required semantic evidence.","Write pseudocode for setup -> stimulus -> acquire -> evaluate -> log -> cleanup with exception/failure handling. | For three requirements, create numeric or enumerated acceptance rules and test the boundary values. | List configuration items that belong outside the main test logic: port, baud, DUT ID, firmware, limits, instrument address, calibration.","Create an automated Project 1 test that performs at least three checks, preserves raw and parsed data, applies explicit limits, handles timeout/malformed data, and writes a timestamped structured result. Add at least five software tests for boundary/error cases and demonstrate cleanup/recovery after a forced failure.",Required semantic task SEM-C10-27-084; required primary lesson gate; v16.3 integrated lesson checks; Week 27 mastery/teach-back.,Correct auto-graded lesson checks where applicable; topic-specific constructed-response/performance evidence; changed-context practice; weekly cumulative mastery; physical evidence when required.,"LAB-023: Test procedure, source, requirements trace, raw and parsed log, PASS/FAIL/ERROR cases, plot/table with units/limits, and reproducibility notes. Physical proficiency is credited only on the physical route.",LAB-023,16.3,PASS,Career integration: Python hardware-test automation and data integrity,SEM-C10-27-084,Serial settings/timeouts/error handling; Structured parsing and malformed/range rejection; Timestamp/unit/device/configuration logging; Explicit PASS/FAIL limits and reason; Trend/drift/noise/outlier summary; Separate setup/stimulus/measure/evaluate/cleanup/report,w27-hw-test-loop,Career
Career,C10.5,"Plot or summarize test data to reveal trends, drift, noise, or outliers relevant to a hardware decision.",C10,Python Test Automation & Data,27,Design a maintainable automated hardware test,W27-CAREER-v16.3 · Career integration: Python hardware-test automation and data integrity,"v16.3 integrated lesson: subject-specific technical instruction, instructional visual, worked examples, guided practice, changed independent scenario, knowledge checks, and required semantic evidence.","Write pseudocode for setup -> stimulus -> acquire -> evaluate -> log -> cleanup with exception/failure handling. | For three requirements, create numeric or enumerated acceptance rules and test the boundary values. | List configuration items that belong outside the main test logic: port, baud, DUT ID, firmware, limits, instrument address, calibration.","Create an automated Project 1 test that performs at least three checks, preserves raw and parsed data, applies explicit limits, handles timeout/malformed data, and writes a timestamped structured result. Add at least five software tests for boundary/error cases and demonstrate cleanup/recovery after a forced failure.",Required semantic task SEM-C10-27-084; required primary lesson gate; v16.3 integrated lesson checks; Week 27 mastery/teach-back.,Correct auto-graded lesson checks where applicable; topic-specific constructed-response/performance evidence; changed-context practice; weekly cumulative mastery; physical evidence when required.,"LAB-023: Test procedure, source, requirements trace, raw and parsed log, PASS/FAIL/ERROR cases, plot/table with units/limits, and reproducibility notes. Physical proficiency is credited only on the physical route.",LAB-023,16.3,PASS,Career integration: Python hardware-test automation and data integrity,SEM-C10-27-084,Serial settings/timeouts/error handling; Structured parsing and malformed/range rejection; Timestamp/unit/device/configuration logging; Explicit PASS/FAIL limits and reason; Trend/drift/noise/outlier summary; Separate setup/stimulus/measure/evaluate/cleanup/report,w27-hw-test-loop,Career
Career,C10.6,"Structure a small hardware-test script so setup, stimulus, measurement, evaluation, cleanup, and reporting are separate steps.",C10,Python Test Automation & Data,27,Design a maintainable automated hardware test,W27-CAREER-v16.3 · Career integration: Python hardware-test automation and data integrity,"v16.3 integrated lesson: subject-specific technical instruction, instructional visual, worked examples, guided practice, changed independent scenario, knowledge checks, and required semantic evidence.","Write pseudocode for setup -> stimulus -> acquire -> evaluate -> log -> cleanup with exception/failure handling. | For three requirements, create numeric or enumerated acceptance rules and test the boundary values. | List configuration items that belong outside the main test logic: port, baud, DUT ID, firmware, limits, instrument address, calibration.","Create an automated Project 1 test that performs at least three checks, preserves raw and parsed data, applies explicit limits, handles timeout/malformed data, and writes a timestamped structured result. Add at least five software tests for boundary/error cases and demonstrate cleanup/recovery after a forced failure.",Required semantic task SEM-C10-27-084; required primary lesson gate; v16.3 integrated lesson checks; Week 27 mastery/teach-back.,Correct auto-graded lesson checks where applicable; topic-specific constructed-response/performance evidence; changed-context practice; weekly cumulative mastery; physical evidence when required.,"LAB-023: Test procedure, source, requirements trace, raw and parsed log, PASS/FAIL/ERROR cases, plot/table with units/limits, and reproducibility notes. Physical proficiency is credited only on the physical route.",LAB-023,16.3,PASS,Career integration: Python hardware-test automation and data integrity,SEM-C10-27-084,Serial settings/timeouts/error handling; Structured parsing and malformed/range rejection; Timestamp/unit/device/configuration logging; Explicit PASS/FAIL limits and reason; Trend/drift/noise/outlier summary; Separate setup/stimulus/measure/evaluate/cleanup/report,w27-hw-test-loop,Career
CETa,21.1,Explain major invoice and billing concepts for service businesses,21,Technician Work Procedures,28,"Retention: diagrams, test equipment, records, and procedure","W28-CETA-v16.3 · Service business records, invoices, productivity, and estimates/test planning","v16.3 integrated lesson: subject-specific technical instruction, instructional visual, worked examples, guided practice, changed independent scenario, knowledge checks, and required semantic evidence.","Turn a vague 'check power supply' instruction into a numbered procedure with setup, expected values, limits, and stop conditions. | Given a proposed replacement part, list electrical, mechanical, thermal, and documentation checks needed before cross-reference acceptance. | Write a concise service record that separates customer symptom, technician observations, diagnosis, repair, and verification.","Create a one-page service/test procedure for a previous course circuit or embedded subsystem. Include field/shop assumptions, equipment, safety boundary, steps, expected values, pass/fail criteria, evidence, restoration, and escalation conditions. Have someone else follow it on paper and identify ambiguity.",Required semantic task SEM-21-28-072; required primary lesson gate; v16.3 integrated lesson checks; Week 28 mastery/teach-back.,Correct auto-graded lesson checks where applicable; topic-specific constructed-response/performance evidence; changed-context practice; weekly cumulative mastery; physical evidence when required.,"Week 28 project/application evidence: Fault matrix, safety review, raw captures/logs, root-cause chains, corrective-action diff, retest results, limitations, and final report.",,16.3,PASS,"Service business records, invoices, productivity, and estimates/test planning",SEM-21-28-072,Identify invoice/work-order elements; Record technical complaint-test-diagnosis-action-retest trace; Calculate productivity with defined numerator/denominator; Include diagnostic/verification time in estimate; State assumptions/exclusions/change authorization,w28-service-procedure,CETa
CETa,21.2,Describe ways to procure service literature,21,Technician Work Procedures,28,"Retention: diagrams, test equipment, records, and procedure","W28-CETA-v16.3 · Service literature, parts cross-reference, and manufacturer support","v16.3 integrated lesson: subject-specific technical instruction, instructional visual, worked examples, guided practice, changed independent scenario, knowledge checks, and required semantic evidence.","Turn a vague 'check power supply' instruction into a numbered procedure with setup, expected values, limits, and stop conditions. | Given a proposed replacement part, list electrical, mechanical, thermal, and documentation checks needed before cross-reference acceptance. | Write a concise service record that separates customer symptom, technician observations, diagnosis, repair, and verification.","Create a one-page service/test procedure for a previous course circuit or embedded subsystem. Include field/shop assumptions, equipment, safety boundary, steps, expected values, pass/fail criteria, evidence, restoration, and escalation conditions. Have someone else follow it on paper and identify ambiguity.",Required semantic task SEM-21-28-073; required primary lesson gate; v16.3 integrated lesson checks; Week 28 mastery/teach-back.,Correct auto-graded lesson checks where applicable; topic-specific constructed-response/performance evidence; changed-context practice; weekly cumulative mastery; physical evidence when required.,"Week 28 project/application evidence: Fault matrix, safety review, raw captures/logs, root-cause chains, corrective-action diff, retest results, limitations, and final report.",,16.3,PASS,"Service literature, parts cross-reference, and manufacturer support",SEM-21-28-073,"Use authoritative model/revision-matched literature; Compare pinout/package/electrical/timing/environment/listing constraints; Recognize distributor cross-reference as candidate, not proof; Provide precise symptom/test/version evidence to support; Record case/advice and verify result",w28-service-procedure,CETa
CETa,21.3,Describe locations/cross referencing of parts and products,21,Technician Work Procedures,28,"Retention: diagrams, test equipment, records, and procedure","W28-CETA-v16.3 · Service literature, parts cross-reference, and manufacturer support","v16.3 integrated lesson: subject-specific technical instruction, instructional visual, worked examples, guided practice, changed independent scenario, knowledge checks, and required semantic evidence.","Turn a vague 'check power supply' instruction into a numbered procedure with setup, expected values, limits, and stop conditions. | Given a proposed replacement part, list electrical, mechanical, thermal, and documentation checks needed before cross-reference acceptance. | Write a concise service record that separates customer symptom, technician observations, diagnosis, repair, and verification.","Create a one-page service/test procedure for a previous course circuit or embedded subsystem. Include field/shop assumptions, equipment, safety boundary, steps, expected values, pass/fail criteria, evidence, restoration, and escalation conditions. Have someone else follow it on paper and identify ambiguity.",Required semantic task SEM-21-28-073; required primary lesson gate; v16.3 integrated lesson checks; Week 28 mastery/teach-back.,Correct auto-graded lesson checks where applicable; topic-specific constructed-response/performance evidence; changed-context practice; weekly cumulative mastery; physical evidence when required.,"Week 28 project/application evidence: Fault matrix, safety review, raw captures/logs, root-cause chains, corrective-action diff, retest results, limitations, and final report.",,16.3,PASS,"Service literature, parts cross-reference, and manufacturer support",SEM-21-28-073,"Use authoritative model/revision-matched literature; Compare pinout/package/electrical/timing/environment/listing constraints; Recognize distributor cross-reference as candidate, not proof; Provide precise symptom/test/version evidence to support; Record case/advice and verify result",w28-service-procedure,CETa
CETa,21.4,"Explain the purposes and requirements for proper record keeping, report generation",21,Technician Work Procedures,28,"Retention: diagrams, test equipment, records, and procedure","W28-CETA-v16.3 · Service business records, invoices, productivity, and estimates/test planning","v16.3 integrated lesson: subject-specific technical instruction, instructional visual, worked examples, guided practice, changed independent scenario, knowledge checks, and required semantic evidence.","Turn a vague 'check power supply' instruction into a numbered procedure with setup, expected values, limits, and stop conditions. | Given a proposed replacement part, list electrical, mechanical, thermal, and documentation checks needed before cross-reference acceptance. | Write a concise service record that separates customer symptom, technician observations, diagnosis, repair, and verification.","Create a one-page service/test procedure for a previous course circuit or embedded subsystem. Include field/shop assumptions, equipment, safety boundary, steps, expected values, pass/fail criteria, evidence, restoration, and escalation conditions. Have someone else follow it on paper and identify ambiguity.",Required semantic task SEM-21-28-072; required primary lesson gate; v16.3 integrated lesson checks; Week 28 mastery/teach-back.,Correct auto-graded lesson checks where applicable; topic-specific constructed-response/performance evidence; changed-context practice; weekly cumulative mastery; physical evidence when required.,"Week 28 project/application evidence: Fault matrix, safety review, raw captures/logs, root-cause chains, corrective-action diff, retest results, limitations, and final report.",,16.3,PASS,"Service business records, invoices, productivity, and estimates/test planning",SEM-21-28-072,Identify invoice/work-order elements; Record technical complaint-test-diagnosis-action-retest trace; Calculate productivity with defined numerator/denominator; Include diagnostic/verification time in estimate; State assumptions/exclusions/change authorization,w28-service-procedure,CETa
CETa,21.5,Explain how to calculate individual and department productivity for a specific period,21,Technician Work Procedures,28,"Retention: diagrams, test equipment, records, and procedure","W28-CETA-v16.3 · Service business records, invoices, productivity, and estimates/test planning","v16.3 integrated lesson: subject-specific technical instruction, instructional visual, worked examples, guided practice, changed independent scenario, knowledge checks, and required semantic evidence.","Turn a vague 'check power supply' instruction into a numbered procedure with setup, expected values, limits, and stop conditions. | Given a proposed replacement part, list electrical, mechanical, thermal, and documentation checks needed before cross-reference acceptance. | Write a concise service record that separates customer symptom, technician observations, diagnosis, repair, and verification.","Create a one-page service/test procedure for a previous course circuit or embedded subsystem. Include field/shop assumptions, equipment, safety boundary, steps, expected values, pass/fail criteria, evidence, restoration, and escalation conditions. Have someone else follow it on paper and identify ambiguity.",Required semantic task SEM-21-28-072; required primary lesson gate; v16.3 integrated lesson checks; Week 28 mastery/teach-back.,Correct auto-graded lesson checks where applicable; topic-specific constructed-response/performance evidence; changed-context practice; weekly cumulative mastery; physical evidence when required.,"Week 28 project/application evidence: Fault matrix, safety review, raw captures/logs, root-cause chains, corrective-action diff, retest results, limitations, and final report.",,16.3,PASS,"Service business records, invoices, productivity, and estimates/test planning",SEM-21-28-072,Identify invoice/work-order elements; Record technical complaint-test-diagnosis-action-retest trace; Calculate productivity with defined numerator/denominator; Include diagnostic/verification time in estimate; State assumptions/exclusions/change authorization,w28-service-procedure,CETa
CETa,21.6,Describe contacting product maker help desks and service departments,21,Technician Work Procedures,28,"Retention: diagrams, test equipment, records, and procedure","W28-CETA-v16.3 · Service literature, parts cross-reference, and manufacturer support","v16.3 integrated lesson: subject-specific technical instruction, instructional visual, worked examples, guided practice, changed independent scenario, knowledge checks, and required semantic evidence.","Turn a vague 'check power supply' instruction into a numbered procedure with setup, expected values, limits, and stop conditions. | Given a proposed replacement part, list electrical, mechanical, thermal, and documentation checks needed before cross-reference acceptance. | Write a concise service record that separates customer symptom, technician observations, diagnosis, repair, and verification.","Create a one-page service/test procedure for a previous course circuit or embedded subsystem. Include field/shop assumptions, equipment, safety boundary, steps, expected values, pass/fail criteria, evidence, restoration, and escalation conditions. Have someone else follow it on paper and identify ambiguity.",Required semantic task SEM-21-28-073; required primary lesson gate; v16.3 integrated lesson checks; Week 28 mastery/teach-back.,Correct auto-graded lesson checks where applicable; topic-specific constructed-response/performance evidence; changed-context practice; weekly cumulative mastery; physical evidence when required.,"Week 28 project/application evidence: Fault matrix, safety review, raw captures/logs, root-cause chains, corrective-action diff, retest results, limitations, and final report.",,16.3,PASS,"Service literature, parts cross-reference, and manufacturer support",SEM-21-28-073,"Use authoritative model/revision-matched literature; Compare pinout/package/electrical/timing/environment/listing constraints; Recognize distributor cross-reference as candidate, not proof; Provide precise symptom/test/version evidence to support; Record case/advice and verify result",w28-service-procedure,CETa
CETa,21.7,Explain estimate concepts for service work including test planning,21,Technician Work Procedures,28,"Retention: diagrams, test equipment, records, and procedure","W28-CETA-v16.3 · Service business records, invoices, productivity, and estimates/test planning","v16.3 integrated lesson: subject-specific technical instruction, instructional visual, worked examples, guided practice, changed independent scenario, knowledge checks, and required semantic evidence.","Turn a vague 'check power supply' instruction into a numbered procedure with setup, expected values, limits, and stop conditions. | Given a proposed replacement part, list electrical, mechanical, thermal, and documentation checks needed before cross-reference acceptance. | Write a concise service record that separates customer symptom, technician observations, diagnosis, repair, and verification.","Create a one-page service/test procedure for a previous course circuit or embedded subsystem. Include field/shop assumptions, equipment, safety boundary, steps, expected values, pass/fail criteria, evidence, restoration, and escalation conditions. Have someone else follow it on paper and identify ambiguity.",Required semantic task SEM-21-28-072; required primary lesson gate; v16.3 integrated lesson checks; Week 28 mastery/teach-back.,Correct auto-graded lesson checks where applicable; topic-specific constructed-response/performance evidence; changed-context practice; weekly cumulative mastery; physical evidence when required.,"Week 28 project/application evidence: Fault matrix, safety review, raw captures/logs, root-cause chains, corrective-action diff, retest results, limitations, and final report.",,16.3,PASS,"Service business records, invoices, productivity, and estimates/test planning",SEM-21-28-072,Identify invoice/work-order elements; Record technical complaint-test-diagnosis-action-retest trace; Calculate productivity with defined numerator/denominator; Include diagnostic/verification time in estimate; State assumptions/exclusions/change authorization,w28-service-procedure,CETa
CETa,21.8,Describe field technician work procedures that may differ from in-shop routines,21,Technician Work Procedures,28,"Retention: diagrams, test equipment, records, and procedure",W28-CETA-v16.3 · Field versus shop procedure and project management,"v16.3 integrated lesson: subject-specific technical instruction, instructional visual, worked examples, guided practice, changed independent scenario, knowledge checks, and required semantic evidence.","Turn a vague 'check power supply' instruction into a numbered procedure with setup, expected values, limits, and stop conditions. | Given a proposed replacement part, list electrical, mechanical, thermal, and documentation checks needed before cross-reference acceptance. | Write a concise service record that separates customer symptom, technician observations, diagnosis, repair, and verification.","Create a one-page service/test procedure for a previous course circuit or embedded subsystem. Include field/shop assumptions, equipment, safety boundary, steps, expected values, pass/fail criteria, evidence, restoration, and escalation conditions. Have someone else follow it on paper and identify ambiguity.",Required semantic task SEM-21-28-074; required primary lesson gate; v16.3 integrated lesson checks; Week 28 mastery/teach-back.,Correct auto-graded lesson checks where applicable; topic-specific constructed-response/performance evidence; changed-context practice; weekly cumulative mastery; physical evidence when required.,"Week 28 project/application evidence: Fault matrix, safety review, raw captures/logs, root-cause chains, corrective-action diff, retest results, limitations, and final report.",,16.3,PASS,Field versus shop procedure and project management,SEM-21-28-074,"Differentiate field constraints from shop routine; Confirm site authorization/safety/access/tools/spares; Include backup/rollback/outage window/test plan; Define project scope/tasks/dependencies/risks/communication; Close with acceptance evidence, unresolved-item disposition and safe handoff",w28-service-procedure,CETa
CETa,21.9,Explain project management and list steps to follow to achieve maximum results,21,Technician Work Procedures,28,"Retention: diagrams, test equipment, records, and procedure",W28-CETA-v16.3 · Field versus shop procedure and project management,"v16.3 integrated lesson: subject-specific technical instruction, instructional visual, worked examples, guided practice, changed independent scenario, knowledge checks, and required semantic evidence.","Turn a vague 'check power supply' instruction into a numbered procedure with setup, expected values, limits, and stop conditions. | Given a proposed replacement part, list electrical, mechanical, thermal, and documentation checks needed before cross-reference acceptance. | Write a concise service record that separates customer symptom, technician observations, diagnosis, repair, and verification.","Create a one-page service/test procedure for a previous course circuit or embedded subsystem. Include field/shop assumptions, equipment, safety boundary, steps, expected values, pass/fail criteria, evidence, restoration, and escalation conditions. Have someone else follow it on paper and identify ambiguity.",Required semantic task SEM-21-28-074; required primary lesson gate; v16.3 integrated lesson checks; Week 28 mastery/teach-back.,Correct auto-graded lesson checks where applicable; topic-specific constructed-response/performance evidence; changed-context practice; weekly cumulative mastery; physical evidence when required.,"Week 28 project/application evidence: Fault matrix, safety review, raw captures/logs, root-cause chains, corrective-action diff, retest results, limitations, and final report.",,16.3,PASS,Field versus shop procedure and project management,SEM-21-28-074,"Differentiate field constraints from shop routine; Confirm site authorization/safety/access/tools/spares; Include backup/rollback/outage window/test plan; Define project scope/tasks/dependencies/risks/communication; Close with acceptance evidence, unresolved-item disposition and safe handoff",w28-service-procedure,CETa
Career,C5.5,Use fault injection or controlled perturbation to demonstrate that a diagnostic method can detect an expected failure mode.,C5,Troubleshooting & Root Cause,13,Troubleshoot with competing hypotheses and high-information tests,W13-CAREER-v16.3 · Career integration: reproducible fault isolation and root cause,"v16.3 integrated lesson: subject-specific technical instruction, instructional visual, worked examples, guided practice, changed independent scenario, knowledge checks, and required semantic evidence.","Rewrite three vague hypotheses into testable statements with predicted observations. | For a four-stage signal chain, choose a half-split measurement and explain what each possible result tells you about the remaining search space. | Given one intermittent failure, state how you would preserve configuration, trigger/capture evidence, and avoid changing multiple variables before reproduction.","Choose a real or simulated fault from a previous lab. Write at least three competing hypotheses from different layers, predict a distinctive observation for each, and rank three candidate tests by information value and safety. Execute the top test, update probabilities/next steps, and document whether the result eliminated, supported, or left each hypothesis unresolved.",Required semantic task SEM-C5-13-079; required primary lesson gate; v16.3 integrated lesson checks; Week 13 mastery/teach-back.,Correct auto-graded lesson checks where applicable; topic-specific constructed-response/performance evidence; changed-context practice; weekly cumulative mastery; physical evidence when required.,"Week 28 project/application evidence: Fault matrix, safety review, raw captures/logs, root-cause chains, corrective-action diff, retest results, limitations, and final report.",,16.3,PASS,Career integration: reproducible fault isolation and root cause,SEM-C5-13-079,Reproduce/define symptom; Use competing hypotheses and discriminating measurement; Apply divide-and-conquer/substitution/tracing without multi-variable changes; Distinguish root cause from symptom; Fault injection and recovery verification; Concise failure report,w13-hypothesis-tree,Career
Career,C11.2,"Distinguish verification, validation, characterization, troubleshooting, and production test.",C11,"Hardware Test, Validation & Quality",28,Design controlled faults and write a defensible report,"W28-CAREER-v16.3 · Career integration: verification, validation, test design, and traceability","v16.3 integrated lesson: subject-specific technical instruction, instructional visual, worked examples, guided practice, changed independent scenario, knowledge checks, and required semantic evidence.","Design three safe reversible fault injections and state the expected unique signature for each. | Take one waveform/capture and write the annotation metadata needed for a failure report. | Write a one-paragraph root-cause section that distinguishes observation, hypothesis, and conclusion.","Inject one approved reversible fault into Project 1 or a simulation. Produce a complete report with baseline, prediction, raw evidence, competing hypotheses, discriminating test, cause, correction, original retest, and regression. Include an appendix or evidence index that lets another person locate the exact files/settings.",Required semantic task SEM-C11-28-085; required primary lesson gate; v16.3 integrated lesson checks; Week 28 mastery/teach-back.,Correct auto-graded lesson checks where applicable; topic-specific constructed-response/performance evidence; changed-context practice; weekly cumulative mastery; physical evidence when required.,"Week 28 project/application evidence: Fault matrix, safety review, raw captures/logs, root-cause chains, corrective-action diff, retest results, limitations, and final report.",,16.3,PASS,"Career integration: verification, validation, test design, and traceability",SEM-C11-28-085,Requirement-to-measurement translation; Differentiate verification/validation/characterization/troubleshooting/production test; Repeatable controlled procedure; Nominal/boundary/fault cases; Pass/fail/inconclusive based on evidence; Requirement-test-result-anomaly-action-retest trace,w28-fault-report,Career
Career,C11.4,"Use boundary, nominal, and fault conditions to expose weaknesses that a single happy-path test would miss.",C11,"Hardware Test, Validation & Quality",28,Design controlled faults and write a defensible report,"W28-CAREER-v16.3 · Career integration: verification, validation, test design, and traceability","v16.3 integrated lesson: subject-specific technical instruction, instructional visual, worked examples, guided practice, changed independent scenario, knowledge checks, and required semantic evidence.","Design three safe reversible fault injections and state the expected unique signature for each. | Take one waveform/capture and write the annotation metadata needed for a failure report. | Write a one-paragraph root-cause section that distinguishes observation, hypothesis, and conclusion.","Inject one approved reversible fault into Project 1 or a simulation. Produce a complete report with baseline, prediction, raw evidence, competing hypotheses, discriminating test, cause, correction, original retest, and regression. Include an appendix or evidence index that lets another person locate the exact files/settings.",Required semantic task SEM-C11-28-085; required primary lesson gate; v16.3 integrated lesson checks; Week 28 mastery/teach-back.,Correct auto-graded lesson checks where applicable; topic-specific constructed-response/performance evidence; changed-context practice; weekly cumulative mastery; physical evidence when required.,"Week 28 project/application evidence: Fault matrix, safety review, raw captures/logs, root-cause chains, corrective-action diff, retest results, limitations, and final report.",,16.3,PASS,"Career integration: verification, validation, test design, and traceability",SEM-C11-28-085,Requirement-to-measurement translation; Differentiate verification/validation/characterization/troubleshooting/production test; Repeatable controlled procedure; Nominal/boundary/fault cases; Pass/fail/inconclusive based on evidence; Requirement-test-result-anomaly-action-retest trace,w28-fault-report,Career
Career,C11.5,"Interpret test results against requirements and identify whether the result is pass, fail, inconclusive, or requires additional data.",C11,"Hardware Test, Validation & Quality",28,Design controlled faults and write a defensible report,"W28-CAREER-v16.3 · Career integration: verification, validation, test design, and traceability","v16.3 integrated lesson: subject-specific technical instruction, instructional visual, worked examples, guided practice, changed independent scenario, knowledge checks, and required semantic evidence.","Design three safe reversible fault injections and state the expected unique signature for each. | Take one waveform/capture and write the annotation metadata needed for a failure report. | Write a one-paragraph root-cause section that distinguishes observation, hypothesis, and conclusion.","Inject one approved reversible fault into Project 1 or a simulation. Produce a complete report with baseline, prediction, raw evidence, competing hypotheses, discriminating test, cause, correction, original retest, and regression. Include an appendix or evidence index that lets another person locate the exact files/settings.",Required semantic task SEM-C11-28-085; required primary lesson gate; v16.3 integrated lesson checks; Week 28 mastery/teach-back.,Correct auto-graded lesson checks where applicable; topic-specific constructed-response/performance evidence; changed-context practice; weekly cumulative mastery; physical evidence when required.,"Week 28 project/application evidence: Fault matrix, safety review, raw captures/logs, root-cause chains, corrective-action diff, retest results, limitations, and final report.",,16.3,PASS,"Career integration: verification, validation, test design, and traceability",SEM-C11-28-085,Requirement-to-measurement translation; Differentiate verification/validation/characterization/troubleshooting/production test; Repeatable controlled procedure; Nominal/boundary/fault cases; Pass/fail/inconclusive based on evidence; Requirement-test-result-anomaly-action-retest trace,w28-fault-report,Career
Career,C11.6,"Maintain traceability between requirement, test case, result, anomaly, corrective action, and retest evidence.",C11,"Hardware Test, Validation & Quality",28,Design controlled faults and write a defensible report,"W28-CAREER-v16.3 · Career integration: verification, validation, test design, and traceability","v16.3 integrated lesson: subject-specific technical instruction, instructional visual, worked examples, guided practice, changed independent scenario, knowledge checks, and required semantic evidence.","Design three safe reversible fault injections and state the expected unique signature for each. | Take one waveform/capture and write the annotation metadata needed for a failure report. | Write a one-paragraph root-cause section that distinguishes observation, hypothesis, and conclusion.","Inject one approved reversible fault into Project 1 or a simulation. Produce a complete report with baseline, prediction, raw evidence, competing hypotheses, discriminating test, cause, correction, original retest, and regression. Include an appendix or evidence index that lets another person locate the exact files/settings.",Required semantic task SEM-C11-28-085; required primary lesson gate; v16.3 integrated lesson checks; Week 28 mastery/teach-back.,Correct auto-graded lesson checks where applicable; topic-specific constructed-response/performance evidence; changed-context practice; weekly cumulative mastery; physical evidence when required.,"Week 28 project/application evidence: Fault matrix, safety review, raw captures/logs, root-cause chains, corrective-action diff, retest results, limitations, and final report.",,16.3,PASS,"Career integration: verification, validation, test design, and traceability",SEM-C11-28-085,Requirement-to-measurement translation; Differentiate verification/validation/characterization/troubleshooting/production test; Repeatable controlled procedure; Nominal/boundary/fault cases; Pass/fail/inconclusive based on evidence; Requirement-test-result-anomaly-action-retest trace,w28-fault-report,Career
Career,C13.1,"Present a project with problem, requirements, architecture, implementation, test evidence, failure/recovery story, and final result.",C13,"Portfolio, Interview & Career Transition",30,Build an evidence-first application and interview package,"W30-CAREER-v16.3 · Career integration: portfolio proof, interviews, resumes, and bridge-role decisions","v16.3 integrated lesson: subject-specific technical instruction, instructional visual, worked examples, guided practice, changed independent scenario, knowledge checks, and required semantic evidence.","Take one job posting and highlight duties that map to your dossier artifacts, then identify two gaps that are trainable on the job versus true blockers. | Write a 90-second interview answer for an STM32 or troubleshooting artifact with at least one measured result and one limitation. | Score three hypothetical offers on technical relevance, permanence/stability, pay/benefits, school compatibility, and growth.","Build a real application package for one target role: tailored resume, project/evidence links, 5 interview stories, and a role-scorecard. Rehearse answers aloud. For every technical claim, open the supporting artifact and confirm you can explain the circuit, measurement, code, and failure boundary without reading prepared text.",Required semantic task SEM-C13-30-087; required primary lesson gate; v16.3 integrated lesson checks; Week 30 mastery/teach-back.,Correct auto-graded lesson checks where applicable; topic-specific constructed-response/performance evidence; changed-context practice; weekly cumulative mastery; physical evidence when required.,"LAB-024: Retention result, claim audit, resume bullets, portfolio landing/readme, 90-second story, technical-defense rubric, job-fit map, and repair list. Physical proficiency is credited only on the physical route.",LAB-024,16.3,PASS,"Career integration: portfolio proof, interviews, resumes, and bridge-role decisions",SEM-C13-30-087,Problem-requirements-architecture-implementation-test-failure/recovery-result story; Precise personal contribution; Hypothesis-and-measurement interview reasoning; Concrete resume evidence; Must-have vs learnable bridge-role analysis; Use feedback to choose next technical/portfolio/search repair,w30-career-greenlight,Career
Career,C13.2,"Explain personal contribution precisely without overstating ownership, certification, job title, or engineering authority.",C13,"Portfolio, Interview & Career Transition",30,Build an evidence-first application and interview package,"W30-CAREER-v16.3 · Career integration: portfolio proof, interviews, resumes, and bridge-role decisions","v16.3 integrated lesson: subject-specific technical instruction, instructional visual, worked examples, guided practice, changed independent scenario, knowledge checks, and required semantic evidence.","Take one job posting and highlight duties that map to your dossier artifacts, then identify two gaps that are trainable on the job versus true blockers. | Write a 90-second interview answer for an STM32 or troubleshooting artifact with at least one measured result and one limitation. | Score three hypothetical offers on technical relevance, permanence/stability, pay/benefits, school compatibility, and growth.","Build a real application package for one target role: tailored resume, project/evidence links, 5 interview stories, and a role-scorecard. Rehearse answers aloud. For every technical claim, open the supporting artifact and confirm you can explain the circuit, measurement, code, and failure boundary without reading prepared text.",Required semantic task SEM-C13-30-087; required primary lesson gate; v16.3 integrated lesson checks; Week 30 mastery/teach-back.,Correct auto-graded lesson checks where applicable; topic-specific constructed-response/performance evidence; changed-context practice; weekly cumulative mastery; physical evidence when required.,"LAB-024: Retention result, claim audit, resume bullets, portfolio landing/readme, 90-second story, technical-defense rubric, job-fit map, and repair list. Physical proficiency is credited only on the physical route.",LAB-024,16.3,PASS,"Career integration: portfolio proof, interviews, resumes, and bridge-role decisions",SEM-C13-30-087,Problem-requirements-architecture-implementation-test-failure/recovery-result story; Precise personal contribution; Hypothesis-and-measurement interview reasoning; Concrete resume evidence; Must-have vs learnable bridge-role analysis; Use feedback to choose next technical/portfolio/search repair,w30-career-greenlight,Career
Career,C13.3,Answer a hardware troubleshooting interview question using a hypothesis-and-measurement process rather than guessing components.,C13,"Portfolio, Interview & Career Transition",30,Build an evidence-first application and interview package,"W30-CAREER-v16.3 · Career integration: portfolio proof, interviews, resumes, and bridge-role decisions","v16.3 integrated lesson: subject-specific technical instruction, instructional visual, worked examples, guided practice, changed independent scenario, knowledge checks, and required semantic evidence.","Take one job posting and highlight duties that map to your dossier artifacts, then identify two gaps that are trainable on the job versus true blockers. | Write a 90-second interview answer for an STM32 or troubleshooting artifact with at least one measured result and one limitation. | Score three hypothetical offers on technical relevance, permanence/stability, pay/benefits, school compatibility, and growth.","Build a real application package for one target role: tailored resume, project/evidence links, 5 interview stories, and a role-scorecard. Rehearse answers aloud. For every technical claim, open the supporting artifact and confirm you can explain the circuit, measurement, code, and failure boundary without reading prepared text.",Required semantic task SEM-C13-30-087; required primary lesson gate; v16.3 integrated lesson checks; Week 30 mastery/teach-back.,Correct auto-graded lesson checks where applicable; topic-specific constructed-response/performance evidence; changed-context practice; weekly cumulative mastery; physical evidence when required.,"LAB-024: Retention result, claim audit, resume bullets, portfolio landing/readme, 90-second story, technical-defense rubric, job-fit map, and repair list. Physical proficiency is credited only on the physical route.",LAB-024,16.3,PASS,"Career integration: portfolio proof, interviews, resumes, and bridge-role decisions",SEM-C13-30-087,Problem-requirements-architecture-implementation-test-failure/recovery-result story; Precise personal contribution; Hypothesis-and-measurement interview reasoning; Concrete resume evidence; Must-have vs learnable bridge-role analysis; Use feedback to choose next technical/portfolio/search repair,w30-career-greenlight,Career
Career,C13.4,"Tailor a resume bullet to an electronics/test/embedded role using concrete tools, actions, results, and evidence.",C13,"Portfolio, Interview & Career Transition",30,Build an evidence-first application and interview package,"W30-CAREER-v16.3 · Career integration: portfolio proof, interviews, resumes, and bridge-role decisions","v16.3 integrated lesson: subject-specific technical instruction, instructional visual, worked examples, guided practice, changed independent scenario, knowledge checks, and required semantic evidence.","Take one job posting and highlight duties that map to your dossier artifacts, then identify two gaps that are trainable on the job versus true blockers. | Write a 90-second interview answer for an STM32 or troubleshooting artifact with at least one measured result and one limitation. | Score three hypothetical offers on technical relevance, permanence/stability, pay/benefits, school compatibility, and growth.","Build a real application package for one target role: tailored resume, project/evidence links, 5 interview stories, and a role-scorecard. Rehearse answers aloud. For every technical claim, open the supporting artifact and confirm you can explain the circuit, measurement, code, and failure boundary without reading prepared text.",Required semantic task SEM-C13-30-087; required primary lesson gate; v16.3 integrated lesson checks; Week 30 mastery/teach-back.,Correct auto-graded lesson checks where applicable; topic-specific constructed-response/performance evidence; changed-context practice; weekly cumulative mastery; physical evidence when required.,"LAB-024: Retention result, claim audit, resume bullets, portfolio landing/readme, 90-second story, technical-defense rubric, job-fit map, and repair list. Physical proficiency is credited only on the physical route.",LAB-024,16.3,PASS,"Career integration: portfolio proof, interviews, resumes, and bridge-role decisions",SEM-C13-30-087,Problem-requirements-architecture-implementation-test-failure/recovery-result story; Precise personal contribution; Hypothesis-and-measurement interview reasoning; Concrete resume evidence; Must-have vs learnable bridge-role analysis; Use feedback to choose next technical/portfolio/search repair,w30-career-greenlight,Career
Career,C13.5,Evaluate a job description for must-have versus learnable skills and identify a credible bridge-role application strategy.,C13,"Portfolio, Interview & Career Transition",30,Build an evidence-first application and interview package,"W30-CAREER-v16.3 · Career integration: portfolio proof, interviews, resumes, and bridge-role decisions","v16.3 integrated lesson: subject-specific technical instruction, instructional visual, worked examples, guided practice, changed independent scenario, knowledge checks, and required semantic evidence.","Take one job posting and highlight duties that map to your dossier artifacts, then identify two gaps that are trainable on the job versus true blockers. | Write a 90-second interview answer for an STM32 or troubleshooting artifact with at least one measured result and one limitation. | Score three hypothetical offers on technical relevance, permanence/stability, pay/benefits, school compatibility, and growth.","Build a real application package for one target role: tailored resume, project/evidence links, 5 interview stories, and a role-scorecard. Rehearse answers aloud. For every technical claim, open the supporting artifact and confirm you can explain the circuit, measurement, code, and failure boundary without reading prepared text.",Required semantic task SEM-C13-30-087; required primary lesson gate; v16.3 integrated lesson checks; Week 30 mastery/teach-back.,Correct auto-graded lesson checks where applicable; topic-specific constructed-response/performance evidence; changed-context practice; weekly cumulative mastery; physical evidence when required.,"LAB-024: Retention result, claim audit, resume bullets, portfolio landing/readme, 90-second story, technical-defense rubric, job-fit map, and repair list. Physical proficiency is credited only on the physical route.",LAB-024,16.3,PASS,"Career integration: portfolio proof, interviews, resumes, and bridge-role decisions",SEM-C13-30-087,Problem-requirements-architecture-implementation-test-failure/recovery-result story; Precise personal contribution; Hypothesis-and-measurement interview reasoning; Concrete resume evidence; Must-have vs learnable bridge-role analysis; Use feedback to choose next technical/portfolio/search repair,w30-career-greenlight,Career
Career,C13.6,"Use interview/application feedback to choose the next technical repair, portfolio improvement, or job-search adjustment.",C13,"Portfolio, Interview & Career Transition",30,Build an evidence-first application and interview package,"W30-CAREER-v16.3 · Career integration: portfolio proof, interviews, resumes, and bridge-role decisions","v16.3 integrated lesson: subject-specific technical instruction, instructional visual, worked examples, guided practice, changed independent scenario, knowledge checks, and required semantic evidence.","Take one job posting and highlight duties that map to your dossier artifacts, then identify two gaps that are trainable on the job versus true blockers. | Write a 90-second interview answer for an STM32 or troubleshooting artifact with at least one measured result and one limitation. | Score three hypothetical offers on technical relevance, permanence/stability, pay/benefits, school compatibility, and growth.","Build a real application package for one target role: tailored resume, project/evidence links, 5 interview stories, and a role-scorecard. Rehearse answers aloud. For every technical claim, open the supporting artifact and confirm you can explain the circuit, measurement, code, and failure boundary without reading prepared text.",Required semantic task SEM-C13-30-087; required primary lesson gate; v16.3 integrated lesson checks; Week 30 mastery/teach-back.,Correct auto-graded lesson checks where applicable; topic-specific constructed-response/performance evidence; changed-context practice; weekly cumulative mastery; physical evidence when required.,"Week 31 project/application evidence: Retention plan/result, application tracker, role filters, tailored materials, feedback log, targeted repairs, re-entry dates, and 30-day plan.",,16.3,PASS,"Career integration: portfolio proof, interviews, resumes, and bridge-role decisions",SEM-C13-30-087,Problem-requirements-architecture-implementation-test-failure/recovery-result story; Precise personal contribution; Hypothesis-and-measurement interview reasoning; Concrete resume evidence; Must-have vs learnable bridge-role analysis; Use feedback to choose next technical/portfolio/search repair,w30-career-greenlight,Career
