ID,Previous Standard,Final Standard,Status,Source Relationship,Primary Source ID,Primary Source,Primary Source URL,Secondary Source IDs,Secondary Sources / URLs,Why Relevant,Alfred Adaptation,Prerequisite Standard Codes,Prerequisite Detail,Foundation Teaching Week,Foundation Teaching Section ID,Foundation Teaching Section,First Introduction Week,First Guided-Practice Week,First Application Week,Reinforcement Weeks,Mastery Week,Semantic Evidence Task ID,Associated Question IDs,Associated Lab / Project Evidence,Instructional Home,Traceability Version
C1.1,"Prepare a low-voltage electronics bench using current limits, safe power-up sequencing, and an explicit stop condition.","Prepare a low-voltage electronics bench using current limits, safe power-up sequencing, and an explicit stop condition.",KEEP,Informed by,pccEET101A,EET 101A — Electronic Lab and Essential Work Skills,https://www.pcc.edu/ccog/eet/101a/,gptcElectronics; flukeSafety; nasaESD,gptcElectronics: Electronics Technology — current catalog — https://www.gptc.edu/college-catalog/current/programs/electronics-technology; flukeSafety: Electrical Measurement Safety — https://www.fluke.com/en-us/learn/online-courses/electrical-measurement-safety; nasaESD: NASA-HDBK-8739.21 — ESD Control — https://standards.nasa.gov/standard/NASA/NASA-HDBK-873921,Retained because the existing competency remains appropriately scoped; provenance and prerequisite traceability were added.,Alfred sequences the competency inside the shared CETa/Career dependency graph and uses Alfred-specific labs/projects for evidence.,,"CETA-W01 (electrical quantities, polarity/reference, safety boundaries); no prior bench-equipment experience assumed",1,career-w01-first-power-is-a-staged-observation-not-a-single-switch-action,"First power is a staged observation, not a single switch action",1,1,3,3; 5; 9; 23; 24,1,SEM-C1-01-075,,Required semantic task SEM-C1-01-075; required primary lesson gate; v16.3 integrated lesson checks; Week 1 mastery/teach-back.,"Week 1 Career — First power is a staged observation, not a single switch action",16.3.42
C1.2,"Apply ESD controls appropriate to CMOS/semiconductor handling and explain when straps, mats, grounding, and antistatic storage matter.","Apply ESD controls appropriate to CMOS/semiconductor handling and explain when straps, mats, grounding, and antistatic storage matter.",KEEP,Informed by,pccEET101A,EET 101A — Electronic Lab and Essential Work Skills,https://www.pcc.edu/ccog/eet/101a/,gptcElectronics; flukeSafety; nasaESD,gptcElectronics: Electronics Technology — current catalog — https://www.gptc.edu/college-catalog/current/programs/electronics-technology; flukeSafety: Electrical Measurement Safety — https://www.fluke.com/en-us/learn/online-courses/electrical-measurement-safety; nasaESD: NASA-HDBK-8739.21 — ESD Control — https://standards.nasa.gov/standard/NASA/NASA-HDBK-873921,Retained because the existing competency remains appropriately scoped; provenance and prerequisite traceability were added.,Alfred sequences the competency inside the shared CETa/Career dependency graph and uses Alfred-specific labs/projects for evidence.,,"CETA-W01 (electrical quantities, polarity/reference, safety boundaries); no prior bench-equipment experience assumed",1,career-w01-career-integration-bench-safety-esd-pre-power-control-and-hazard-logging,"Career integration: bench safety, ESD, pre-power control, and hazard logging",1,1,8,8; 12; 24; 29,1,SEM-C1-01-075,,Required semantic task SEM-C1-01-075; required primary lesson gate; v16.3 integrated lesson checks; Week 1 mastery/teach-back.,"Week 1 Career — Career integration: bench safety, ESD, pre-power control, and hazard logging",16.3.42
C1.3,"Distinguish safe low-voltage troubleshooting from work that requires qualified supervision, isolation, or energized-work procedures.","Distinguish safe low-voltage troubleshooting from work that requires qualified supervision, isolation, or energized-work procedures.",KEEP,Informed by,pccEET101A,EET 101A — Electronic Lab and Essential Work Skills,https://www.pcc.edu/ccog/eet/101a/,gptcElectronics; flukeSafety; nasaESD,gptcElectronics: Electronics Technology — current catalog — https://www.gptc.edu/college-catalog/current/programs/electronics-technology; flukeSafety: Electrical Measurement Safety — https://www.fluke.com/en-us/learn/online-courses/electrical-measurement-safety; nasaESD: NASA-HDBK-8739.21 — ESD Control — https://standards.nasa.gov/standard/NASA/NASA-HDBK-873921,Retained because the existing competency remains appropriately scoped; provenance and prerequisite traceability were added.,Alfred sequences the competency inside the shared CETa/Career dependency graph and uses Alfred-specific labs/projects for evidence.,,"CETA-W01 (electrical quantities, polarity/reference, safety boundaries); no prior bench-equipment experience assumed",1,career-w01-career-integration-bench-safety-esd-pre-power-control-and-hazard-logging,"Career integration: bench safety, ESD, pre-power control, and hazard logging",1,1,3,3; 9; 20,1,SEM-C1-01-075,,Required semantic task SEM-C1-01-075; required primary lesson gate; v16.3 integrated lesson checks; Week 1 mastery/teach-back.,"Week 1 Career — Career integration: bench safety, ESD, pre-power control, and hazard logging",16.3.42
C1.4,"Perform a pre-power inspection for polarity, shorts, connector orientation, exposed conductors, and current-limit settings.","Perform a pre-power inspection for polarity, shorts, connector orientation, exposed conductors, and current-limit settings.",KEEP,Informed by,pccEET101A,EET 101A — Electronic Lab and Essential Work Skills,https://www.pcc.edu/ccog/eet/101a/,gptcElectronics; flukeSafety; nasaESD,gptcElectronics: Electronics Technology — current catalog — https://www.gptc.edu/college-catalog/current/programs/electronics-technology; flukeSafety: Electrical Measurement Safety — https://www.fluke.com/en-us/learn/online-courses/electrical-measurement-safety; nasaESD: NASA-HDBK-8739.21 — ESD Control — https://standards.nasa.gov/standard/NASA/NASA-HDBK-873921,Retained because the existing competency remains appropriately scoped; provenance and prerequisite traceability were added.,Alfred sequences the competency inside the shared CETa/Career dependency graph and uses Alfred-specific labs/projects for evidence.,,"CETA-W01 (electrical quantities, polarity/reference, safety boundaries); no prior bench-equipment experience assumed",1,career-w01-pre-power-inspection-creates-the-first-known-good-state,Pre-power inspection creates the first known-good state,1,1,3,3; 5; 7; 9; 21; 23; 24,1,SEM-C1-01-075,CAREER-W23-GATE,Required semantic task SEM-C1-01-075; required primary lesson gate; v16.3 integrated lesson checks; Week 1 mastery/teach-back.,Week 1 Career — Pre-power inspection creates the first known-good state,16.3.42
C1.5,"Choose PPE, ventilation, and tool practices appropriate to soldering, rework, cutting, crimping, and bench assembly.","Choose ESD controls, PPE, ventilation, and tool practices appropriate to low-voltage bench inspection, measurement, and basic assembly, and identify when soldering, rework, cutting, or crimping requires process-specific controls taught later.",REWRITE,Informed by,pccEET101A,EET 101A — Electronic Lab and Essential Work Skills,https://www.pcc.edu/ccog/eet/101a/,gptcElectronics; flukeSafety; nasaESD,gptcElectronics: Electronics Technology — current catalog — https://www.gptc.edu/college-catalog/current/programs/electronics-technology; flukeSafety: Electrical Measurement Safety — https://www.fluke.com/en-us/learn/online-courses/electrical-measurement-safety; nasaESD: NASA-HDBK-8739.21 — ESD Control — https://standards.nasa.gov/standard/NASA/NASA-HDBK-873921,Rewritten so Week 1 mastery covers general bench safety and escalation boundaries without falsely claiming process-specific soldering/crimping mastery before later workmanship instruction.,Alfred teaches the general bench-control decision in Week 1 and defers process-specific workmanship/tool technique to the later solder/rework and harness lessons.,,CETA-W01 electrical quantities/polarity/reference plus Week 1 general bench-safety boundary; process-specific solder/crimp technique is intentionally deferred.,1,career-w01-career-integration-bench-safety-esd-pre-power-control-and-hazard-logging,"Career integration: bench safety, ESD, pre-power control, and hazard logging",1,1,12,12; 19; 29,1,SEM-C1-01-075,,Required semantic task SEM-C1-01-075; required primary lesson gate; v16.3 integrated lesson checks; Week 1 mastery/teach-back.,"Week 1 Career — Career integration: bench safety, ESD, pre-power control, and hazard logging",16.3.42
C1.6,Document a safety or setup hazard and the corrective action before continuing a test.,Document a safety or setup hazard and the corrective action before continuing a test.,KEEP,Informed by,pccEET101A,EET 101A — Electronic Lab and Essential Work Skills,https://www.pcc.edu/ccog/eet/101a/,gptcElectronics; flukeSafety; nasaESD,gptcElectronics: Electronics Technology — current catalog — https://www.gptc.edu/college-catalog/current/programs/electronics-technology; flukeSafety: Electrical Measurement Safety — https://www.fluke.com/en-us/learn/online-courses/electrical-measurement-safety; nasaESD: NASA-HDBK-8739.21 — ESD Control — https://standards.nasa.gov/standard/NASA/NASA-HDBK-873921,Retained because the existing competency remains appropriately scoped; provenance and prerequisite traceability were added.,Alfred sequences the competency inside the shared CETa/Career dependency graph and uses Alfred-specific labs/projects for evidence.,,"CETA-W01 (electrical quantities, polarity/reference, safety boundaries); no prior bench-equipment experience assumed",1,career-w01-career-integration-bench-safety-esd-pre-power-control-and-hazard-logging,"Career integration: bench safety, ESD, pre-power control, and hazard logging",1,1,1,,1,SEM-C1-01-075,,Required semantic task SEM-C1-01-075; required primary lesson gate; v16.3 integrated lesson checks; Week 1 mastery/teach-back.,"Week 1 Career — Career integration: bench safety, ESD, pre-power control, and hazard logging",16.3.42
C2.1,"Read a schematic by following power rails, grounds, signal flow, reference designators, and functional blocks.","Read a schematic by following power rails, grounds, signal flow, reference designators, and functional blocks.",KEEP,Informed by,gptcElectronics,Electronics Technology — current catalog,https://www.gptc.edu/college-catalog/current/programs/electronics-technology,pccEET101B; onetTech,pccEET101B: EET 101B — Electronic Equipment and Lab Skills — https://www.pcc.edu/ccog/eet/101b/; onetTech: Electrical and Electronic Engineering Technologists and Technicians — https://www.onetonline.org/link/summary/17-3023.00,Retained because the existing competency remains appropriately scoped; provenance and prerequisite traceability were added.,Alfred sequences the competency inside the shared CETa/Career dependency graph and uses Alfred-specific labs/projects for evidence.,,CETA-W02 and relevant device/datasheet theory; C1 safe bench habits,2,career-w02-a-schematic-is-a-prediction-map,A schematic is a prediction map,2,2,5,5; 9; 13,13,SEM-C2-13-076,,Required semantic task SEM-C2-13-076; required primary lesson gate; v16.3 integrated lesson checks; Week 13 mastery/teach-back.,Week 2 Career — A schematic is a prediction map,16.3.42
C2.2,"Use a component datasheet to identify pinout, absolute maximum ratings, recommended operating conditions, and key electrical characteristics.","Use a component datasheet to identify pinout, absolute maximum ratings, recommended operating conditions, and key electrical characteristics.",KEEP,Informed by,gptcElectronics,Electronics Technology — current catalog,https://www.gptc.edu/college-catalog/current/programs/electronics-technology,pccEET101B; onetTech,pccEET101B: EET 101B — Electronic Equipment and Lab Skills — https://www.pcc.edu/ccog/eet/101b/; onetTech: Electrical and Electronic Engineering Technologists and Technicians — https://www.onetonline.org/link/summary/17-3023.00,Retained because the existing competency remains appropriately scoped; provenance and prerequisite traceability were added.,Alfred sequences the competency inside the shared CETa/Career dependency graph and uses Alfred-specific labs/projects for evidence.,,CETA-W02 and relevant device/datasheet theory; C1 safe bench habits,7,career-w07-read-a-datasheet-by-engineering-question,Read a datasheet by engineering question,7,7,8,8; 10; 13; 18; 25,13,SEM-C2-13-076,CAREER-W07-CHECK-2; CAREER-W07-GATE,Required semantic task SEM-C2-13-076; required primary lesson gate; v16.3 integrated lesson checks; Week 13 mastery/teach-back.,Week 7 Career — Read a datasheet by engineering question,16.3.42
C2.3,"Distinguish a schematic, wiring diagram, block diagram, layout/PCB view, and timing diagram and choose the right artifact for a troubleshooting task.","Distinguish a schematic, wiring diagram, block diagram, layout/PCB view, and timing diagram and choose the right artifact for a troubleshooting task.",KEEP,Informed by,gptcElectronics,Electronics Technology — current catalog,https://www.gptc.edu/college-catalog/current/programs/electronics-technology,pccEET101B; onetTech,pccEET101B: EET 101B — Electronic Equipment and Lab Skills — https://www.pcc.edu/ccog/eet/101b/; onetTech: Electrical and Electronic Engineering Technologists and Technicians — https://www.onetonline.org/link/summary/17-3023.00,Retained because the existing competency remains appropriately scoped; provenance and prerequisite traceability were added.,Alfred sequences the competency inside the shared CETa/Career dependency graph and uses Alfred-specific labs/projects for evidence.,,CETA-W02 and relevant device/datasheet theory; C1 safe bench habits,13,career-w13-choose-the-representation-that-answers-the-troubleshooting-question,Choose the representation that answers the troubleshooting question,13,13,19,19; 22,13,SEM-C2-13-076,,Required semantic task SEM-C2-13-076; required primary lesson gate; v16.3 integrated lesson checks; Week 13 mastery/teach-back.,Week 13 Career — Choose the representation that answers the troubleshooting question,16.3.42
C2.4,Trace a signal or power path from connector to load and identify useful test points before probing.,Trace a signal or power path from connector to load and identify useful test points before probing.,KEEP,Informed by,gptcElectronics,Electronics Technology — current catalog,https://www.gptc.edu/college-catalog/current/programs/electronics-technology,pccEET101B; onetTech,pccEET101B: EET 101B — Electronic Equipment and Lab Skills — https://www.pcc.edu/ccog/eet/101b/; onetTech: Electrical and Electronic Engineering Technologists and Technicians — https://www.onetonline.org/link/summary/17-3023.00,Retained because the existing competency remains appropriately scoped; provenance and prerequisite traceability were added.,Alfred sequences the competency inside the shared CETa/Career dependency graph and uses Alfred-specific labs/projects for evidence.,,CETA-W02 and relevant device/datasheet theory; C1 safe bench habits,2,career-w02-turn-a-schematic-into-a-measurement-plan,Turn a schematic into a measurement plan,2,2,5,5; 9; 13; 19; 21,13,SEM-C2-13-076,,Required semantic task SEM-C2-13-076; required primary lesson gate; v16.3 integrated lesson checks; Week 13 mastery/teach-back.,Week 2 Career — Turn a schematic into a measurement plan,16.3.42
C2.5,"Interpret pull-ups, pull-downs, decoupling capacitors, current-limiting resistors, protection devices, and common interface support circuitry.","Interpret pull-ups, pull-downs, decoupling capacitors, current-limiting resistors, protection devices, and common interface support circuitry.",KEEP,Informed by,gptcElectronics,Electronics Technology — current catalog,https://www.gptc.edu/college-catalog/current/programs/electronics-technology,pccEET101B; onetTech,pccEET101B: EET 101B — Electronic Equipment and Lab Skills — https://www.pcc.edu/ccog/eet/101b/; onetTech: Electrical and Electronic Engineering Technologists and Technicians — https://www.onetonline.org/link/summary/17-3023.00,Retained because the existing competency remains appropriately scoped; provenance and prerequisite traceability were added.,Alfred sequences the competency inside the shared CETa/Career dependency graph and uses Alfred-specific labs/projects for evidence.,,CETA-W02 and relevant device/datasheet theory; C1 safe bench habits,7,career-w07-separate-logic-control-power-path-and-switched-load,"Separate logic control, power path, and switched load",7,7,8,8; 10; 11; 13; 18; 25,13,SEM-C2-13-076,CAREER-W07-CHECK-1; CAREER-W08-CHECK-2; CAREER-W08-GATE; CAREER-W11-CHECK-1; CAREER-W11-GATE,Required semantic task SEM-C2-13-076; required primary lesson gate; v16.3 integrated lesson checks; Week 13 mastery/teach-back.,"Week 7 Career — Separate logic control, power path, and switched load",16.3.42
C2.6,Explain design intent from a schematic well enough to predict expected node voltages or signal behavior before measuring.,Explain design intent from a schematic well enough to predict expected node voltages or signal behavior before measuring.,KEEP,Informed by,gptcElectronics,Electronics Technology — current catalog,https://www.gptc.edu/college-catalog/current/programs/electronics-technology,pccEET101B; onetTech,pccEET101B: EET 101B — Electronic Equipment and Lab Skills — https://www.pcc.edu/ccog/eet/101b/; onetTech: Electrical and Electronic Engineering Technologists and Technicians — https://www.onetonline.org/link/summary/17-3023.00,Retained because the existing competency remains appropriately scoped; provenance and prerequisite traceability were added.,Alfred sequences the competency inside the shared CETa/Career dependency graph and uses Alfred-specific labs/projects for evidence.,,CETA-W02 and relevant device/datasheet theory; C1 safe bench habits,2,career-w02-a-schematic-is-a-prediction-map,A schematic is a prediction map,2,2,4,4; 5; 6; 10; 13,13,SEM-C2-13-076,CAREER-W04-CHECK-2; CAREER-W04-GATE; CAREER-W10-CHECK-2; CAREER-W10-GATE,Required semantic task SEM-C2-13-076; required primary lesson gate; v16.3 integrated lesson checks; Week 13 mastery/teach-back.,Week 2 Career — A schematic is a prediction map,16.3.42
C3.1,"Configure and use a DMM correctly for voltage, resistance/continuity, and current without creating a hazardous or circuit-altering connection.","Select the correct DMM function, input jack, and circuit connection for voltage, resistance/continuity, or current; explain how each mode interacts with the circuit; then make the measurement safely.",REWRITE,Adapted from / informed by,flukeDMM,Digital Multimeter Basics,https://www.fluke.com/en-us/learn/online-courses/digital-multimeter-basics-online-course,pccEET101A,pccEET101A: EET 101A — Electronic Lab and Essential Work Skills — https://www.pcc.edu/ccog/eet/101a/,Rewritten to expose the beginner prerequisite/mental model while preserving the same competency identity and assessment domain.,Alfred sequences the competency inside the shared CETa/Career dependency graph and uses Alfred-specific labs/projects for evidence.,,CETA-W03 (measurement/waveform concepts); C1 safety/reference discipline; C2 expected-value reasoning,1,career-w01-voltage-resistance-and-current-modes-are-different-circuits,"Voltage, resistance, and current modes are different circuits",1,1,2,2; 3; 5; 7; 8; 9; 24; 29,3,SEM-C3-03-1640A,CAREER-W01-CHECK-2; CAREER-W01-GATE,Required semantic task SEM-C3-03-077; required primary lesson gate; v16.3 integrated lesson checks; Week 3 mastery/teach-back.,"Week 1 Career — Voltage, resistance, and current modes are different circuits",16.3.42
C3.2,Configure a bench power supply in constant-voltage/current-limit operation and use current consumption as a bring-up diagnostic.,"Set bench-supply voltage and a conservative current limit from expected circuit behavior, distinguish CV from current-limit operation, and use current consumption as evidence during bring-up.",REWRITE,Informed by,pccEET101A,EET 101A — Electronic Lab and Essential Work Skills,https://www.pcc.edu/ccog/eet/101a/,flukeDMM,flukeDMM: Digital Multimeter Basics — https://www.fluke.com/en-us/learn/online-courses/digital-multimeter-basics-online-course,Rewritten to expose the beginner prerequisite/mental model while preserving the same competency identity and assessment domain.,Alfred sequences the competency inside the shared CETa/Career dependency graph and uses Alfred-specific labs/projects for evidence.,,CETA-W03 (measurement/waveform concepts); C1 safety/reference discipline; C2 expected-value reasoning,1,career-w01-current-limiting-is-a-protective-boundary-and-a-diagnostic-clue,Current limiting is a protective boundary and a diagnostic clue,1,1,3,3; 5; 9; 24; 29,3,SEM-C3-03-1640A,CAREER-W01-CHECK-1; CAREER-W09-CHECK-2; CAREER-W09-GATE,Required semantic task SEM-C3-03-077; required primary lesson gate; v16.3 integrated lesson checks; Week 3 mastery/teach-back.,Week 1 Career — Current limiting is a protective boundary and a diagnostic clue,16.3.42
C3.3,"Configure an oscilloscope probe, coupling, vertical scale, timebase, trigger, and reference ground to obtain a stable useful measurement.","Starting with a known waveform, configure probe/reference, attenuation, coupling, vertical scale, timebase, and trigger to obtain a stable oscilloscope display and document the setup.",REWRITE,Adapted from / informed by,tekScope,The XYZs of Oscilloscopes,https://www.tek.com/en/documents/primer/xyzs-oscilloscopes-primer,pccEET101A,pccEET101A: EET 101A — Electronic Lab and Essential Work Skills — https://www.pcc.edu/ccog/eet/101a/,Rewritten to expose the beginner prerequisite/mental model while preserving the same competency identity and assessment domain.,Alfred sequences the competency inside the shared CETa/Career dependency graph and uses Alfred-specific labs/projects for evidence.,,CETA-W03 (measurement/waveform concepts); C1 safety/reference discipline; C2 expected-value reasoning,3,career-w03-learn-the-oscilloscope-on-a-known-waveform-first,Learn the oscilloscope on a known waveform first,3,3,4,4; 5; 6; 10; 24; 29,3,SEM-C3-03-1640A,CAREER-W03-CHECK-1; CAREER-W03-GATE,Required semantic task SEM-C3-03-077; required primary lesson gate; v16.3 integrated lesson checks; Week 3 mastery/teach-back.,Week 3 Career — Learn the oscilloscope on a known waveform first,16.3.42
C3.4,"Measure amplitude, frequency, period, duty cycle, rise/fall behavior, and DC offset from waveforms and explain measurement limitations.","Predict and measure waveform amplitude, frequency, period, duty cycle, DC offset, and rise/fall behavior, while distinguishing resolution, accuracy, loading, bandwidth, and repeatability limits.",REWRITE,Informed by,tekScope,The XYZs of Oscilloscopes,https://www.tek.com/en/documents/primer/xyzs-oscilloscopes-primer,pccEET101B,pccEET101B: EET 101B — Electronic Equipment and Lab Skills — https://www.pcc.edu/ccog/eet/101b/,Rewritten to expose the beginner prerequisite/mental model while preserving the same competency identity and assessment domain.,Alfred sequences the competency inside the shared CETa/Career dependency graph and uses Alfred-specific labs/projects for evidence.,,CETA-W03 (measurement/waveform concepts); C1 safety/reference discipline; C2 expected-value reasoning,3,career-w03-reference-grounding-loading-and-bandwidth-can-change-the-result,"Reference, grounding, loading, and bandwidth can change the result",3,3,4,4; 6; 10; 11,3,SEM-C3-03-1640A,CAREER-W03-CHECK-2; CAREER-W04-CHECK-1; CAREER-W06-CHECK-1; CAREER-W11-CHECK-2,Required semantic task SEM-C3-03-077; required primary lesson gate; v16.3 integrated lesson checks; Week 3 mastery/teach-back.,"Week 3 Career — Reference, grounding, loading, and bandwidth can change the result",16.3.42
C3.5,"Use a logic analyzer to capture and decode digital activity while checking sample rate, thresholds, channel mapping, and timing context.","After a known digital-bus transaction exists, configure a logic analyzer with correct reference, threshold, sample rate, channel mapping, and decoder settings; correlate raw and decoded activity and recognize when an oscilloscope is required for analog signal-quality questions.",MOVE,Informed by,saleae,Logic Analyzer Learning and Support,https://support.saleae.com/,pccEET101B,pccEET101B: EET 101B — Electronic Equipment and Lab Skills — https://www.pcc.edu/ccog/eet/101b/,Moved to the first curriculum location where the full competency is actually taught and can be assessed without future-concept leakage.,Alfred preserves the competency identity but moves required mastery evidence to the dependency-correct week.,,CETA-W18 (serial-bus model); C9.2 (known-good I²C transaction earlier in Week 18); C3.1–C3.4 (measurement-plan and reference discipline),18,career-w18-learn-the-logic-analyzer-on-that-known-good-i2c-transaction,Learn the logic analyzer on that known-good I²C transaction,18,18,25,25; 29,18,SEM-C3-18-1640B,,Required semantic task SEM-C3-03-077; required primary lesson gate; v16.3 integrated lesson checks; Week 3 mastery/teach-back.,Week 18 Career — Learn the logic analyzer on that known-good I²C transaction,16.3.42
C3.6,Select a measurement instrument based on the hypothesis being tested rather than probing randomly.,"Translate a troubleshooting question into a measurable hypothesis, then choose the instrument, test point, setup, and expected result that will provide the most useful evidence.",REWRITE,Adapted from / informed by,pccEET101A,EET 101A — Electronic Lab and Essential Work Skills,https://www.pcc.edu/ccog/eet/101a/,pccEET101B; flukeDMM; tekScope,pccEET101B: EET 101B — Electronic Equipment and Lab Skills — https://www.pcc.edu/ccog/eet/101b/; flukeDMM: Digital Multimeter Basics — https://www.fluke.com/en-us/learn/online-courses/digital-multimeter-basics-online-course; tekScope: The XYZs of Oscilloscopes — https://www.tek.com/en/documents/primer/xyzs-oscilloscopes-primer,Rewritten to expose the beginner prerequisite/mental model while preserving the same competency identity and assessment domain.,Alfred sequences the competency inside the shared CETa/Career dependency graph and uses Alfred-specific labs/projects for evidence.,,CETA-W03 (measurement/waveform concepts); C1 safety/reference discipline; C2 expected-value reasoning,3,career-w03-start-with-a-measurable-question-not-with-a-probe,"Start with a measurable question, not with a probe",3,3,4,4; 5; 6; 13; 19; 20; 21; 28,3,SEM-C3-03-1640A,CAREER-W06-CHECK-2; CAREER-W06-GATE; CAREER-W20-CHECK-1,Required semantic task SEM-C3-03-077; required primary lesson gate; v16.3 integrated lesson checks; Week 3 mastery/teach-back.,"Week 3 Career — Start with a measurable question, not with a probe",16.3.42
C4.1,"Identify acceptable and defective solder joints and explain likely causes of cold joints, bridges, insufficient wetting, and lifted pads.","Identify acceptable and defective solder joints and explain likely causes of cold joints, bridges, insufficient wetting, and lifted pads.",KEEP,Informed by,gptcElectronics,Electronics Technology — current catalog,https://www.gptc.edu/college-catalog/current/programs/electronics-technology,nasaHarness; nasaESD; onetTech,"nasaHarness: NASA-STD-8739.4 — Crimping, Cables, Harnesses, and Wiring — https://standards.nasa.gov/standard/NASA/NASA-STD-87394; nasaESD: NASA-HDBK-8739.21 — ESD Control — https://standards.nasa.gov/standard/NASA/NASA-HDBK-873921; onetTech: Electrical and Electronic Engineering Technologists and Technicians — https://www.onetonline.org/link/summary/17-3023.00",Retained because the existing competency remains appropriately scoped; provenance and prerequisite traceability were added.,Alfred sequences the competency inside the shared CETa/Career dependency graph and uses Alfred-specific labs/projects for evidence.,,Relevant CETa workmanship/component/interconnect instruction; C1 ESD/safety habits,12,career-w12-career-integration-solder-rework-workmanship-and-harness-evidence,Career integration: solder/rework workmanship and harness evidence,12,12,21,21; 29,12,SEM-C4-12-1640A,,Required semantic task SEM-C4-12-078; required primary lesson gate; v16.3 integrated lesson checks; Week 12 mastery/teach-back.,Week 12 Career — Career integration: solder/rework workmanship and harness evidence,16.3.42
C4.2,"Plan a safe through-hole or basic SMT rework sequence that minimizes heat, mechanical stress, and ESD exposure.","Plan a safe through-hole or basic SMT rework sequence that minimizes heat, mechanical stress, and ESD exposure.",KEEP,Informed by,gptcElectronics,Electronics Technology — current catalog,https://www.gptc.edu/college-catalog/current/programs/electronics-technology,nasaHarness; nasaESD; onetTech,"nasaHarness: NASA-STD-8739.4 — Crimping, Cables, Harnesses, and Wiring — https://standards.nasa.gov/standard/NASA/NASA-STD-87394; nasaESD: NASA-HDBK-8739.21 — ESD Control — https://standards.nasa.gov/standard/NASA/NASA-HDBK-873921; onetTech: Electrical and Electronic Engineering Technologists and Technicians — https://www.onetonline.org/link/summary/17-3023.00",Retained because the existing competency remains appropriately scoped; provenance and prerequisite traceability were added.,Alfred sequences the competency inside the shared CETa/Career dependency graph and uses Alfred-specific labs/projects for evidence.,,Relevant CETa workmanship/component/interconnect instruction; C1 ESD/safety habits,12,career-w12-career-integration-solder-rework-workmanship-and-harness-evidence,Career integration: solder/rework workmanship and harness evidence,12,12,29,29,12,SEM-C4-12-1640A,,Required semantic task SEM-C4-12-078; required primary lesson gate; v16.3 integrated lesson checks; Week 12 mastery/teach-back.,Week 12 Career — Career integration: solder/rework workmanship and harness evidence,16.3.42
C4.3,"Prepare, strip, crimp, strain-relieve, and inspect a low-voltage wire or harness connection using workmanship criteria.","Prepare, strip, crimp, strain-relieve, and inspect a low-voltage wire or harness connection using workmanship criteria.",MOVE,Informed by,gptcElectronics,Electronics Technology — current catalog,https://www.gptc.edu/college-catalog/current/programs/electronics-technology,nasaHarness; nasaESD; onetTech,"nasaHarness: NASA-STD-8739.4 — Crimping, Cables, Harnesses, and Wiring — https://standards.nasa.gov/standard/NASA/NASA-STD-87394; nasaESD: NASA-HDBK-8739.21 — ESD Control — https://standards.nasa.gov/standard/NASA/NASA-HDBK-873921; onetTech: Electrical and Electronic Engineering Technologists and Technicians — https://www.onetonline.org/link/summary/17-3023.00",Moved to the first curriculum location where the full competency is actually taught and can be assessed without future-concept leakage.,Alfred preserves the competency identity but moves required mastery evidence to the dependency-correct week.,,CETA-W19 (cabling/interconnect concepts); C1.2/C1.5 (ESD and bench/work practices); known-good harness orientation/pinout,19,career-w19-termination-quality-is-a-process-not-a-beep,"Termination quality is a process, not a beep",19,19,29,29,19,SEM-C4-19-1640B,CAREER-W19-CHECK-1; CAREER-W19-GATE,Required semantic task SEM-C4-12-078; required primary lesson gate; v16.3 integrated lesson checks; Week 12 mastery/teach-back.,"Week 19 Career — Termination quality is a process, not a beep",16.3.42
C4.4,"Use connector keying, pin numbering, continuity checks, and wire labels to prevent harness miswiring.","Use connector keying, pin numbering, continuity checks, and wire labels to prevent harness miswiring.",KEEP,Informed by,gptcElectronics,Electronics Technology — current catalog,https://www.gptc.edu/college-catalog/current/programs/electronics-technology,nasaHarness; nasaESD; onetTech,"nasaHarness: NASA-STD-8739.4 — Crimping, Cables, Harnesses, and Wiring — https://standards.nasa.gov/standard/NASA/NASA-STD-87394; nasaESD: NASA-HDBK-8739.21 — ESD Control — https://standards.nasa.gov/standard/NASA/NASA-HDBK-873921; onetTech: Electrical and Electronic Engineering Technologists and Technicians — https://www.onetonline.org/link/summary/17-3023.00",Retained because the existing competency remains appropriately scoped; provenance and prerequisite traceability were added.,Alfred sequences the competency inside the shared CETa/Career dependency graph and uses Alfred-specific labs/projects for evidence.,,Relevant CETa workmanship/component/interconnect instruction; C1 ESD/safety habits,19,career-w19-document-orientation-and-reference,Document orientation and reference,19,19,29,29,19,SEM-C4-19-1640B,CAREER-W19-CHECK-2,Required semantic task SEM-C4-12-078; required primary lesson gate; v16.3 integrated lesson checks; Week 12 mastery/teach-back.,Week 19 Career — Document orientation and reference,16.3.42
C4.5,"Document rework with before/after evidence, component orientation, and verification measurements.","Document rework with before/after evidence, component orientation, and verification measurements.",KEEP,Informed by,gptcElectronics,Electronics Technology — current catalog,https://www.gptc.edu/college-catalog/current/programs/electronics-technology,nasaHarness; nasaESD; onetTech,"nasaHarness: NASA-STD-8739.4 — Crimping, Cables, Harnesses, and Wiring — https://standards.nasa.gov/standard/NASA/NASA-STD-87394; nasaESD: NASA-HDBK-8739.21 — ESD Control — https://standards.nasa.gov/standard/NASA/NASA-HDBK-873921; onetTech: Electrical and Electronic Engineering Technologists and Technicians — https://www.onetonline.org/link/summary/17-3023.00",Retained because the existing competency remains appropriately scoped; provenance and prerequisite traceability were added.,Alfred sequences the competency inside the shared CETa/Career dependency graph and uses Alfred-specific labs/projects for evidence.,,Relevant CETa workmanship/component/interconnect instruction; C1 ESD/safety habits,12,career-w12-a-physical-change-needs-a-before-after-record,A physical change needs a before/after record,12,12,29,29,12,SEM-C4-12-1640A,CAREER-W12-CHECK-1,Required semantic task SEM-C4-12-078; required primary lesson gate; v16.3 integrated lesson checks; Week 12 mastery/teach-back.,Week 12 Career — A physical change needs a before/after record,16.3.42
C4.6,"Explain when a damaged pad, trace, connector, or harness should be repaired, replaced, or escalated rather than improvised.","Explain when a damaged pad, trace, connector, or harness should be repaired, replaced, or escalated rather than improvised.",KEEP,Informed by,gptcElectronics,Electronics Technology — current catalog,https://www.gptc.edu/college-catalog/current/programs/electronics-technology,nasaHarness; nasaESD; onetTech,"nasaHarness: NASA-STD-8739.4 — Crimping, Cables, Harnesses, and Wiring — https://standards.nasa.gov/standard/NASA/NASA-STD-87394; nasaESD: NASA-HDBK-8739.21 — ESD Control — https://standards.nasa.gov/standard/NASA/NASA-HDBK-873921; onetTech: Electrical and Electronic Engineering Technologists and Technicians — https://www.onetonline.org/link/summary/17-3023.00",Retained because the existing competency remains appropriately scoped; provenance and prerequisite traceability were added.,Alfred sequences the competency inside the shared CETa/Career dependency graph and uses Alfred-specific labs/projects for evidence.,,Relevant CETa workmanship/component/interconnect instruction; C1 ESD/safety habits,12,career-w12-career-integration-solder-rework-workmanship-and-harness-evidence,Career integration: solder/rework workmanship and harness evidence,12,12,19,19; 29,12,SEM-C4-12-1640A,,Required semantic task SEM-C4-12-078; required primary lesson gate; v16.3 integrated lesson checks; Week 12 mastery/teach-back.,Week 12 Career — Career integration: solder/rework workmanship and harness evidence,16.3.42
C5.1,Reproduce a fault reliably and define the observed symptom before attempting a fix.,Reproduce a fault reliably and define the observed symptom before attempting a fix.,KEEP,Informed by / cross-checked against,pccEET101B,EET 101B — Electronic Equipment and Lab Skills,https://www.pcc.edu/ccog/eet/101b/,onetTech; nasaSystems,onetTech: Electrical and Electronic Engineering Technologists and Technicians — https://www.onetonline.org/link/summary/17-3023.00; nasaSystems: NASA Systems Engineering Handbook — https://www.nasa.gov/reference/systems-engineering-handbook/,Retained because the existing competency remains appropriately scoped; provenance and prerequisite traceability were added.,Alfred sequences the competency inside the shared CETa/Career dependency graph and uses Alfred-specific labs/projects for evidence.,,C2 expected/design-intent model; C3 measurement planning; known-good behavior before faults,5,career-w05-start-with-an-observable-failure-statement,Start with an observable failure statement,5,5,13,13; 20; 21; 28,13,SEM-C5-13-1640A,CAREER-W02-GATE,Required semantic task SEM-C5-13-079; required primary lesson gate; v16.3 integrated lesson checks; Week 13 mastery/teach-back.,Week 5 Career — Start with an observable failure statement,16.3.42
C5.2,Form a testable hypothesis from expected versus actual behavior and choose the next measurement that best separates competing causes.,Form a testable hypothesis from expected versus actual behavior and choose the next measurement that best separates competing causes.,KEEP,Informed by / cross-checked against,pccEET101B,EET 101B — Electronic Equipment and Lab Skills,https://www.pcc.edu/ccog/eet/101b/,onetTech; nasaSystems,onetTech: Electrical and Electronic Engineering Technologists and Technicians — https://www.onetonline.org/link/summary/17-3023.00; nasaSystems: NASA Systems Engineering Handbook — https://www.nasa.gov/reference/systems-engineering-handbook/,Retained because the existing competency remains appropriately scoped; provenance and prerequisite traceability were added.,Alfred sequences the competency inside the shared CETa/Career dependency graph and uses Alfred-specific labs/projects for evidence.,,C2 expected/design-intent model; C3 measurement planning; known-good behavior before faults,2,career-w02-turn-a-schematic-into-a-measurement-plan,Turn a schematic into a measurement plan,2,2,5,5; 6; 7; 8; 9; 10; 13; 19; 20; 21; 22; 28,13,SEM-C5-13-1640A,CAREER-W02-CHECK-2; CAREER-W05-CHECK-1; CAREER-W08-CHECK-1; CAREER-W09-CHECK-1; CAREER-W10-CHECK-1; CAREER-W21-GATE,Required semantic task SEM-C5-13-079; required primary lesson gate; v16.3 integrated lesson checks; Week 13 mastery/teach-back.,Week 2 Career — Turn a schematic into a measurement plan,16.3.42
C5.3,"Use divide-and-conquer, known-good substitution, signal tracing, or rail-by-rail checks appropriately without changing multiple variables at once.","Use divide-and-conquer, known-good substitution, signal tracing, or rail-by-rail checks appropriately without changing multiple variables at once.",KEEP,Informed by / cross-checked against,pccEET101B,EET 101B — Electronic Equipment and Lab Skills,https://www.pcc.edu/ccog/eet/101b/,onetTech; nasaSystems,onetTech: Electrical and Electronic Engineering Technologists and Technicians — https://www.onetonline.org/link/summary/17-3023.00; nasaSystems: NASA Systems Engineering Handbook — https://www.nasa.gov/reference/systems-engineering-handbook/,Retained because the existing competency remains appropriately scoped; provenance and prerequisite traceability were added.,Alfred sequences the competency inside the shared CETa/Career dependency graph and uses Alfred-specific labs/projects for evidence.,,C2 expected/design-intent model; C3 measurement planning; known-good behavior before faults,2,career-w02-use-the-first-bad-boundary,Use the first bad boundary,2,2,5,5; 9; 10; 13; 28,13,SEM-C5-13-1640A,CAREER-W02-CHECK-1; CAREER-W13-CHECK-1,Required semantic task SEM-C5-13-079; required primary lesson gate; v16.3 integrated lesson checks; Week 13 mastery/teach-back.,Week 2 Career — Use the first bad boundary,16.3.42
C5.4,Distinguish root cause from symptom and verify that a repair removes the cause without creating a new failure.,Distinguish root cause from symptom and verify that a repair removes the cause without creating a new failure.,KEEP,Informed by / cross-checked against,pccEET101B,EET 101B — Electronic Equipment and Lab Skills,https://www.pcc.edu/ccog/eet/101b/,onetTech; nasaSystems,onetTech: Electrical and Electronic Engineering Technologists and Technicians — https://www.onetonline.org/link/summary/17-3023.00; nasaSystems: NASA Systems Engineering Handbook — https://www.nasa.gov/reference/systems-engineering-handbook/,Retained because the existing competency remains appropriately scoped; provenance and prerequisite traceability were added.,Alfred sequences the competency inside the shared CETa/Career dependency graph and uses Alfred-specific labs/projects for evidence.,,C2 expected/design-intent model; C3 measurement planning; known-good behavior before faults,5,career-w05-root-cause-requires-verification-after-the-fix,Root cause requires verification after the fix,5,5,13,13; 21; 28; 29,13,SEM-C5-13-1640A,CAREER-W05-CHECK-2; CAREER-W05-GATE; CAREER-W13-CHECK-2; CAREER-W13-GATE; CAREER-W28-CHECK-2,Required semantic task SEM-C5-13-079; required primary lesson gate; v16.3 integrated lesson checks; Week 13 mastery/teach-back.,Week 5 Career — Root cause requires verification after the fix,16.3.42
C5.5,Use fault injection or controlled perturbation to demonstrate that a diagnostic method can detect an expected failure mode.,Use fault injection or controlled perturbation to demonstrate that a diagnostic method can detect an expected failure mode.,MOVE,Informed by / cross-checked against,pccEET101B,EET 101B — Electronic Equipment and Lab Skills,https://www.pcc.edu/ccog/eet/101b/,onetTech; nasaSystems,onetTech: Electrical and Electronic Engineering Technologists and Technicians — https://www.onetonline.org/link/summary/17-3023.00; nasaSystems: NASA Systems Engineering Handbook — https://www.nasa.gov/reference/systems-engineering-handbook/,Moved to the first curriculum location where the full competency is actually taught and can be assessed without future-concept leakage.,Alfred preserves the competency identity but moves required mastery evidence to the dependency-correct week.,,C5.1–C5.4 (expected→observed troubleshooting and causal hypothesis testing); C11.1–C11.4 (verification/test-case discipline); known-good project baseline,28,career-w28-controlled-fault-injection-needs-a-known-good-baseline,Controlled fault injection needs a known-good baseline,25,28,28,,28,SEM-C5-28-1640B,CAREER-W25-CHECK-2; CAREER-W28-CHECK-1; CAREER-W28-GATE,Required semantic task SEM-C5-13-079; required primary lesson gate; v16.3 integrated lesson checks; Week 13 mastery/teach-back.,Week 28 Career — Controlled fault injection needs a known-good baseline,16.3.42
C5.6,"Write a concise failure report containing symptom, setup, evidence, root cause, corrective action, and verification.","Write a concise failure report containing symptom, setup, evidence, root cause, corrective action, and verification.",KEEP,Informed by / cross-checked against,pccEET101B,EET 101B — Electronic Equipment and Lab Skills,https://www.pcc.edu/ccog/eet/101b/,onetTech; nasaSystems,onetTech: Electrical and Electronic Engineering Technologists and Technicians — https://www.onetonline.org/link/summary/17-3023.00; nasaSystems: NASA Systems Engineering Handbook — https://www.nasa.gov/reference/systems-engineering-handbook/,Retained because the existing competency remains appropriately scoped; provenance and prerequisite traceability were added.,Alfred sequences the competency inside the shared CETa/Career dependency graph and uses Alfred-specific labs/projects for evidence.,,C2 expected/design-intent model; C3 measurement planning; known-good behavior before faults,13,career-w13-report-the-diagnosis-now-formal-fault-injection-comes-later,Report the diagnosis now; formal fault injection comes later,13,13,20,20; 28; 30; 31,13,SEM-C5-13-1640A,,Required semantic task SEM-C5-13-079; required primary lesson gate; v16.3 integrated lesson checks; Week 13 mastery/teach-back.,Week 13 Career — Report the diagnosis now; formal fault injection comes later,16.3.42
C6.1,"Write and explain C expressions using integer types, operators, precedence, conditionals, and loops.","Read, write, and trace small C programs using typed variables, expressions, assignments, conditionals, and loops; predict control flow and resulting values before running the code.",REWRITE,Informed by,tamuESET,Electronic Systems Engineering Technology (ESET) course descriptions,https://catalog.tamu.edu/undergraduate/course-descriptions/eset/,beejC,beejC: Beej's Guide to C Programming — https://beej.us/guide/bgc/,Rewritten to expose the beginner prerequisite/mental model while preserving the same competency identity and assessment domain.,Alfred sequences the competency inside the shared CETa/Career dependency graph and uses Alfred-specific labs/projects for evidence.,,CETA-W14 computer/representation foundation; no prior programming assumed,14,career-w14-a-c-program-is-source-text-that-must-be-translated-before-it-runs,A C program is source text that must be translated before it runs,14,14,14,,14,SEM-C6-14-1640,,Required semantic task SEM-C6-14-080; required primary lesson gate; v16.3 integrated lesson checks; Week 14 mastery/teach-back.,Week 14 Career — A C program is source text that must be translated before it runs,16.3.42
C6.2,"Use functions, prototypes, parameters, return values, and scope to organize code into testable units.","Use function declarations/prototypes, parameters, return values, and scope to divide C programs into small testable units and explain the data passed into and out of each unit.",REWRITE,Informed by,tamuESET,Electronic Systems Engineering Technology (ESET) course descriptions,https://catalog.tamu.edu/undergraduate/course-descriptions/eset/,beejC,beejC: Beej's Guide to C Programming — https://beej.us/guide/bgc/,Rewritten to expose the beginner prerequisite/mental model while preserving the same competency identity and assessment domain.,Alfred sequences the competency inside the shared CETa/Career dependency graph and uses Alfred-specific labs/projects for evidence.,,CETA-W14 computer/representation foundation; no prior programming assumed,14,career-w14-functions-create-testable-units-and-explicit-data-flow,Functions create testable units and explicit data flow,14,14,26,26,14,SEM-C6-14-1640,,Required semantic task SEM-C6-14-080; required primary lesson gate; v16.3 integrated lesson checks; Week 14 mastery/teach-back.,Week 14 Career — Functions create testable units and explicit data flow,16.3.42
C6.3,"Use arrays, strings, structs, enums, and pointers without confusing values, addresses, and object lifetimes.","Use arrays, strings, structs, and enums to represent small embedded/test-program data structures while maintaining bounds, type, and lifetime discipline.",SPLIT,Informed by,cs50C,CS50x Week 4 — Memory and Pointers,https://cs50.harvard.edu/x/notes/4/,beejC,beejC: Beej's Guide to C Programming — https://beej.us/guide/bgc/,The prior standard combined aggregate data structures with the separate value/address/pointer mental model. It is split so pointers can be taught and assessed explicitly rather than hidden inside one overloaded competency.,C6.3 now owns aggregate data structures; new C6.7 owns addresses/pointers and lifetime-safe pointer use.,,CETA-W14 computer/representation foundation; no prior programming assumed,14,career-w14-arrays-strings-structs-and-enums-organize-related-data,"Arrays, strings, structs, and enums organize related data",14,14,15,15,14,SEM-C6-14-1640,CAREER-W14-CHECK-1,Required semantic task SEM-C6-14-080; required primary lesson gate; v16.3 integrated lesson checks; Week 14 mastery/teach-back.,"Week 14 Career — Arrays, strings, structs, and enums organize related data",16.3.42
C6.4,"Use bitwise AND, OR, XOR, shifts, and masks to inspect or modify individual bits.","Use bitwise AND, OR, XOR, shifts, and masks to inspect or modify specific bits, and explain the before/after bit pattern rather than treating the operation as a memorized formula.",REWRITE,Informed by,armEmbedded,Embedded C Programming with Arm Cortex-M,https://developer.arm.com/community/arm-community-blogs/b/embedded-and-microcontrollers-blog/posts/embedded-c-programming-with-arm-cortex-m-video-course,beejC,beejC: Beej's Guide to C Programming — https://beej.us/guide/bgc/,Rewritten to expose the beginner prerequisite/mental model while preserving the same competency identity and assessment domain.,Alfred sequences the competency inside the shared CETa/Career dependency graph and uses Alfred-specific labs/projects for evidence.,,Week 14 typed integers and binary representation; explicit bit-position/mask teaching precedes mastery.,14,career-w14-i-do-we-do-you-do-inspect-set-clear-toggle-and-shift-a-bit,"I DO → WE DO → YOU DO: inspect, set, clear, toggle, and shift a bit",14,14,15,15; 26,14,SEM-C6-14-1640,,Required semantic task SEM-C6-14-080; required primary lesson gate; v16.3 integrated lesson checks; Week 14 mastery/teach-back.,"Week 14 Career — I DO → WE DO → YOU DO: inspect, set, clear, toggle, and shift a bit",16.3.42
C6.5,"Identify common C defects such as off-by-one errors, uninitialized variables, invalid pointer use, integer overflow, and missing bounds checks.","Recognize and prevent common C defects including off-by-one errors, uninitialized data, invalid pointer use, out-of-bounds access, integer conversion/overflow problems, and missing validation.",REWRITE,Informed by,tamuESET,Electronic Systems Engineering Technology (ESET) course descriptions,https://catalog.tamu.edu/undergraduate/course-descriptions/eset/,beejC; cs50C; armEmbedded,beejC: Beej's Guide to C Programming — https://beej.us/guide/bgc/; cs50C: CS50x Week 4 — Memory and Pointers — https://cs50.harvard.edu/x/notes/4/; armEmbedded: Embedded C Programming with Arm Cortex-M — https://developer.arm.com/community/arm-community-blogs/b/embedded-and-microcontrollers-blog/posts/embedded-c-programming-with-arm-cortex-m-video-course,Rewritten to expose the beginner prerequisite/mental model while preserving the same competency identity and assessment domain.,Alfred sequences the competency inside the shared CETa/Career dependency graph and uses Alfred-specific labs/projects for evidence.,,CETA-W14 computer/representation foundation; no prior programming assumed,14,career-w14-i-do-we-do-you-do-trace-change-and-debug,"I DO → WE DO → YOU DO: trace, change, and debug",14,14,15,15; 26,14,SEM-C6-14-1640,,Required semantic task SEM-C6-14-080; required primary lesson gate; v16.3 integrated lesson checks; Week 14 mastery/teach-back.,"Week 14 Career — I DO → WE DO → YOU DO: trace, change, and debug",16.3.42
C6.6,"Compile with warnings enabled, read diagnostics, and debug a small program methodically rather than changing code at random.","Build small C programs with warnings enabled, interpret compiler/runtime diagnostics, reproduce failures with controlled inputs, inspect state, and debug by testing one hypothesis at a time.",REWRITE,Informed by,tamuESET,Electronic Systems Engineering Technology (ESET) course descriptions,https://catalog.tamu.edu/undergraduate/course-descriptions/eset/,beejC; cs50C; armEmbedded,beejC: Beej's Guide to C Programming — https://beej.us/guide/bgc/; cs50C: CS50x Week 4 — Memory and Pointers — https://cs50.harvard.edu/x/notes/4/; armEmbedded: Embedded C Programming with Arm Cortex-M — https://developer.arm.com/community/arm-community-blogs/b/embedded-and-microcontrollers-blog/posts/embedded-c-programming-with-arm-cortex-m-video-course,Rewritten to expose the beginner prerequisite/mental model while preserving the same competency identity and assessment domain.,Alfred sequences the competency inside the shared CETa/Career dependency graph and uses Alfred-specific labs/projects for evidence.,,CETA-W14 computer/representation foundation; no prior programming assumed,14,career-w14-i-do-we-do-you-do-trace-change-and-debug,"I DO → WE DO → YOU DO: trace, change, and debug",14,14,15,15,14,SEM-C6-14-1640,,Required semantic task SEM-C6-14-080; required primary lesson gate; v16.3 integrated lesson checks; Week 14 mastery/teach-back.,"Week 14 Career — I DO → WE DO → YOU DO: trace, change, and debug",16.3.42
C6.7,,"Explain the difference between a value and an address, use pointers to access valid objects/arrays, and identify invalid, null, out-of-bounds, and lifetime-related pointer risks in small C programs.",ADD,Informed by,beejC,Beej's Guide to C Programming,https://beej.us/guide/bgc/,cs50C; armEmbedded,cs50C: CS50x Week 4 — Memory and Pointers — https://cs50.harvard.edu/x/notes/4/; armEmbedded: Embedded C Programming with Arm Cortex-M — https://developer.arm.com/community/arm-community-blogs/b/embedded-and-microcontrollers-blog/posts/embedded-c-programming-with-arm-cortex-m-video-course,Added because pointer/address reasoning is a prerequisite for embedded C and deserved an explicit independently teachable competency rather than being buried inside C6.3.,"Alfred introduces the address mental model only after arrays/functions, then uses tiny examples before MCU register/peripheral code.",,"CETA-W14 (computer/memory representation); C6.1–C6.3 (program anatomy, control flow, arrays/data structures)",14,career-w14-addresses-and-pointers-make-memory-locations-explicit,Addresses and pointers make memory locations explicit,14,14,14,,14,SEM-C6-14-1640,CAREER-W14-CHECK-2; CAREER-W14-GATE,Required semantic task SEM-C6-14-1640; v16.3.40 integrated lesson checks; changed-context mastery evidence.,Week 14 Career — Addresses and pointers make memory locations explicit,16.3.42
C7.1,"Explain the role of CPU, registers, memory, peripherals, clocking, interrupts, and buses in a microcontroller system.","Explain an embedded microcontroller as CPU + memory + clocks + buses + peripherals + registers, and connect each part to what executing C code can observe or control.",REWRITE,Informed by,tamuESET,Electronic Systems Engineering Technology (ESET) course descriptions,https://catalog.tamu.edu/undergraduate/course-descriptions/eset/,armKit; stTraining,armKit: Efficient Embedded Systems Education Kit — https://www.arm.com/resources/education/education-kits/efficient-embedded-systems; stTraining: STM32 Online Training — https://www.st.com/content/st_com/en/support/learning/stm32-online-training.html,Rewritten to expose the beginner prerequisite/mental model while preserving the same competency identity and assessment domain.,Alfred sequences the competency inside the shared CETa/Career dependency graph and uses Alfred-specific labs/projects for evidence.,,C6 C-programming foundation; CETA-W15 MCU/computer concepts,15,career-w15-map-c-onto-a-microcontroller-before-adding-concurrency,Map C onto a microcontroller before adding concurrency,15,15,16,16,15,SEM-C7-15-081,,Required semantic task SEM-C7-15-081; required primary lesson gate; v16.3 integrated lesson checks; Week 15 mastery/teach-back.,Week 15 Career — Map C onto a microcontroller before adding concurrency,16.3.42
C7.2,Use volatile and fixed-width integer types appropriately when code interacts with hardware registers or asynchronous events.,"Use fixed-width integer types and volatile appropriately for hardware registers or asynchronously changed state, and explain what volatile does and does not guarantee.",REWRITE,Informed by,tamuESET,Electronic Systems Engineering Technology (ESET) course descriptions,https://catalog.tamu.edu/undergraduate/course-descriptions/eset/,armEmbedded; armKit; stTraining,armEmbedded: Embedded C Programming with Arm Cortex-M — https://developer.arm.com/community/arm-community-blogs/b/embedded-and-microcontrollers-blog/posts/embedded-c-programming-with-arm-cortex-m-video-course; armKit: Efficient Embedded Systems Education Kit — https://www.arm.com/resources/education/education-kits/efficient-embedded-systems; stTraining: STM32 Online Training — https://www.st.com/content/st_com/en/support/learning/stm32-online-training.html,Rewritten to expose the beginner prerequisite/mental model while preserving the same competency identity and assessment domain.,Alfred sequences the competency inside the shared CETa/Career dependency graph and uses Alfred-specific labs/projects for evidence.,,C6 C-programming foundation; CETA-W15 MCU/computer concepts,15,career-w15-volatile-solves-one-compiler-visibility-problem-not-concurrency,"`volatile` solves one compiler-visibility problem, not concurrency",15,15,16,16; 26,15,SEM-C7-15-081,CAREER-W15-CHECK-1; CAREER-W15-GATE,Required semantic task SEM-C7-15-081; required primary lesson gate; v16.3 integrated lesson checks; Week 15 mastery/teach-back.,"Week 15 Career — `volatile` solves one compiler-visibility problem, not concurrency",16.3.42
C7.3,Apply read-modify-write and bit-mask operations to peripheral control registers while preserving unrelated bits.,Apply read-modify-write and bit masks to memory-mapped peripheral registers while preserving unrelated bits and checking the relevant register documentation.,REWRITE,Informed by,tamuESET,Electronic Systems Engineering Technology (ESET) course descriptions,https://catalog.tamu.edu/undergraduate/course-descriptions/eset/,armEmbedded; armKit; stTraining,armEmbedded: Embedded C Programming with Arm Cortex-M — https://developer.arm.com/community/arm-community-blogs/b/embedded-and-microcontrollers-blog/posts/embedded-c-programming-with-arm-cortex-m-video-course; armKit: Efficient Embedded Systems Education Kit — https://www.arm.com/resources/education/education-kits/efficient-embedded-systems; stTraining: STM32 Online Training — https://www.st.com/content/st_com/en/support/learning/stm32-online-training.html,Rewritten to expose the beginner prerequisite/mental model while preserving the same competency identity and assessment domain.,Alfred sequences the competency inside the shared CETa/Career dependency graph and uses Alfred-specific labs/projects for evidence.,,C6 C-programming foundation; CETA-W15 MCU/computer concepts,15,career-w15-register-operations-are-controlled-bit-changes,Register operations are controlled bit changes,15,15,16,16; 26,15,SEM-C7-15-081,,Required semantic task SEM-C7-15-081; required primary lesson gate; v16.3 integrated lesson checks; Week 15 mastery/teach-back.,Week 15 Career — Register operations are controlled bit changes,16.3.42
C7.4,Design a nonblocking state machine for a simple embedded behavior instead of relying on long blocking delays.,"Convert a simple blocking embedded behavior into an explicit nonblocking state machine with named states, transitions, events, and bounded timing behavior.",REWRITE,Informed by,tamuESET,Electronic Systems Engineering Technology (ESET) course descriptions,https://catalog.tamu.edu/undergraduate/course-descriptions/eset/,armEmbedded; armKit; stTraining,armEmbedded: Embedded C Programming with Arm Cortex-M — https://developer.arm.com/community/arm-community-blogs/b/embedded-and-microcontrollers-blog/posts/embedded-c-programming-with-arm-cortex-m-video-course; armKit: Efficient Embedded Systems Education Kit — https://www.arm.com/resources/education/education-kits/efficient-embedded-systems; stTraining: STM32 Online Training — https://www.st.com/content/st_com/en/support/learning/stm32-online-training.html,Rewritten to expose the beginner prerequisite/mental model while preserving the same competency identity and assessment domain.,Alfred sequences the competency inside the shared CETa/Career dependency graph and uses Alfred-specific labs/projects for evidence.,,C6 C-programming foundation; CETA-W15 MCU/computer concepts,15,career-w15-state-machines-make-behavior-explicit,State machines make behavior explicit,15,15,26,26,15,SEM-C7-15-081,CAREER-W15-CHECK-2,Required semantic task SEM-C7-15-081; required primary lesson gate; v16.3 integrated lesson checks; Week 15 mastery/teach-back.,Week 15 Career — State machines make behavior explicit,16.3.42
C7.5,Explain polling versus interrupts and select the simpler correct approach for a given timing requirement.,"Explain polling and interrupts from the CPU/peripheral point of view and choose the simpler correct mechanism for a stated latency, timing, and complexity requirement.",REWRITE,Informed by,tamuESET,Electronic Systems Engineering Technology (ESET) course descriptions,https://catalog.tamu.edu/undergraduate/course-descriptions/eset/,armEmbedded; armKit; stTraining,armEmbedded: Embedded C Programming with Arm Cortex-M — https://developer.arm.com/community/arm-community-blogs/b/embedded-and-microcontrollers-blog/posts/embedded-c-programming-with-arm-cortex-m-video-course; armKit: Efficient Embedded Systems Education Kit — https://www.arm.com/resources/education/education-kits/efficient-embedded-systems; stTraining: STM32 Online Training — https://www.st.com/content/st_com/en/support/learning/stm32-online-training.html,Rewritten to expose the beginner prerequisite/mental model while preserving the same competency identity and assessment domain.,Alfred sequences the competency inside the shared CETa/Career dependency graph and uses Alfred-specific labs/projects for evidence.,,C6 C-programming foundation; CETA-W15 MCU/computer concepts,15,career-w15-polling-and-interrupts-are-two-ways-to-notice-events,Polling and interrupts are two ways to notice events,15,15,16,16; 26,15,SEM-C7-15-081,,Required semantic task SEM-C7-15-081; required primary lesson gate; v16.3 integrated lesson checks; Week 15 mastery/teach-back.,Week 15 Career — Polling and interrupts are two ways to notice events,16.3.42
C7.6,"Separate hardware abstraction, application logic, and diagnostic output so firmware is easier to test and troubleshoot.","Separate hardware-access code, application/state logic, and diagnostic output so each layer can be reasoned about, tested, and troubleshot independently.",REWRITE,Informed by,tamuESET,Electronic Systems Engineering Technology (ESET) course descriptions,https://catalog.tamu.edu/undergraduate/course-descriptions/eset/,armEmbedded; armKit; stTraining,armEmbedded: Embedded C Programming with Arm Cortex-M — https://developer.arm.com/community/arm-community-blogs/b/embedded-and-microcontrollers-blog/posts/embedded-c-programming-with-arm-cortex-m-video-course; armKit: Efficient Embedded Systems Education Kit — https://www.arm.com/resources/education/education-kits/efficient-embedded-systems; stTraining: STM32 Online Training — https://www.st.com/content/st_com/en/support/learning/stm32-online-training.html,Rewritten to expose the beginner prerequisite/mental model while preserving the same competency identity and assessment domain.,Alfred sequences the competency inside the shared CETa/Career dependency graph and uses Alfred-specific labs/projects for evidence.,,C6 C-programming foundation; CETA-W15 MCU/computer concepts,15,career-w15-career-integration-embedded-c-mcu-architecture-and-nonblocking-design,"Career integration: embedded C, MCU architecture, and nonblocking design",15,15,26,26,15,SEM-C7-15-081,CAREER-W26-CHECK-1; CAREER-W26-CHECK-2; CAREER-W26-GATE,Required semantic task SEM-C7-15-081; required primary lesson gate; v16.3 integrated lesson checks; Week 15 mastery/teach-back.,"Week 15 Career — Career integration: embedded C, MCU architecture, and nonblocking design",16.3.42
C8.1,"Create an STM32 project with correct MCU/board selection, clock configuration, pin mapping, and generated initialization code.","Create an STM32 project by identifying the exact board/MCU, configuring clocks and pins, generating/inspecting initialization, building the project, and identifying the produced firmware image.",REWRITE,Adapted from / informed by,stTraining,STM32 Online Training,https://www.st.com/content/st_com/en/support/learning/stm32-online-training.html,stMooc,stMooc: STM32CubeMX and STM32Cube HAL Basics — https://www.st.com/content/st_com/en/support/learning/stm32-moocs/stm32cubemx-and-cubeHhal-basics.html,Rewritten to expose the beginner prerequisite/mental model while preserving the same competency identity and assessment domain.,Alfred sequences the competency inside the shared CETa/Career dependency graph and uses Alfred-specific labs/projects for evidence.,,C7 embedded-C/MCU architecture; C3 measurement evidence; CETA-W16 MCU/toolchain concepts,16,career-w16-identify-the-physical-board-target-mcu-and-debug-path-first,"Identify the physical board, target MCU, and debug path first",16,16,16,,16,SEM-C8-16-1640,,Required semantic task SEM-C8-16-082; required primary lesson gate; v16.3 integrated lesson checks; Week 16 mastery/teach-back.,"Week 16 Career — Identify the physical board, target MCU, and debug path first",16.3.42
C8.2,Bring up a GPIO input/output and verify both firmware state and physical pin behavior.,"Bring up one STM32 GPIO path from project configuration through firmware state to physical pin behavior, using an independent measurement to prove the result.",REWRITE,Adapted from / informed by,stTraining,STM32 Online Training,https://www.st.com/content/st_com/en/support/learning/stm32-online-training.html,stMooc; tamuESET; armKit,stMooc: STM32CubeMX and STM32Cube HAL Basics — https://www.st.com/content/st_com/en/support/learning/stm32-moocs/stm32cubemx-and-cubeHhal-basics.html; tamuESET: Electronic Systems Engineering Technology (ESET) course descriptions — https://catalog.tamu.edu/undergraduate/course-descriptions/eset/; armKit: Efficient Embedded Systems Education Kit — https://www.arm.com/resources/education/education-kits/efficient-embedded-systems,Rewritten to expose the beginner prerequisite/mental model while preserving the same competency identity and assessment domain.,Alfred sequences the competency inside the shared CETa/Career dependency graph and uses Alfred-specific labs/projects for evidence.,,C7 embedded-C/MCU architecture; C3 measurement evidence; CETA-W16 MCU/toolchain concepts,16,career-w16-career-integration-stm32-bring-up-and-swd-evidence,Career integration: STM32 bring-up and SWD evidence,16,16,17,17,16,SEM-C8-16-1640,,Required semantic task SEM-C8-16-082; required primary lesson gate; v16.3 integrated lesson checks; Week 16 mastery/teach-back.,Week 16 Career — Career integration: STM32 bring-up and SWD evidence,16.3.42
C8.3,"Use SWD debugging to halt, step, inspect variables/registers, set breakpoints, and distinguish code-flow problems from hardware problems.","Explain the debug-probe/SWD path and use it to connect, halt, step, set breakpoints, and inspect variables/registers so code-flow faults can be separated from hardware faults.",REWRITE,Adapted from / informed by,stTraining,STM32 Online Training,https://www.st.com/content/st_com/en/support/learning/stm32-online-training.html,armKit,armKit: Efficient Embedded Systems Education Kit — https://www.arm.com/resources/education/education-kits/efficient-embedded-systems,Rewritten to expose the beginner prerequisite/mental model while preserving the same competency identity and assessment domain.,Alfred sequences the competency inside the shared CETa/Career dependency graph and uses Alfred-specific labs/projects for evidence.,,C7 embedded-C/MCU architecture; C3 measurement evidence; CETA-W16 MCU/toolchain concepts,16,career-w16-swd-debugging-lets-you-inspect-execution-state,SWD debugging lets you inspect execution state,16,16,24,24,16,SEM-C8-16-1640,,Required semantic task SEM-C8-16-082; required primary lesson gate; v16.3 integrated lesson checks; Week 16 mastery/teach-back.,Week 16 Career — SWD debugging lets you inspect execution state,16.3.42
C8.4,"Configure and validate a timer, ADC, or interrupt source while checking assumptions about clocks and units.","After a known-good GPIO baseline, configure and validate one STM32 timer/event or interrupt path while checking peripheral clock, prescaler/period, time units, flags, and observable timing evidence.",SPLIT,Adapted from / informed by,stTraining,STM32 Online Training,https://www.st.com/content/st_com/en/support/learning/stm32-online-training.html,stMooc; tamuESET; armKit,stMooc: STM32CubeMX and STM32Cube HAL Basics — https://www.st.com/content/st_com/en/support/learning/stm32-moocs/stm32cubemx-and-cubeHhal-basics.html; tamuESET: Electronic Systems Engineering Technology (ESET) course descriptions — https://catalog.tamu.edu/undergraduate/course-descriptions/eset/; armKit: Efficient Embedded Systems Education Kit — https://www.arm.com/resources/education/education-kits/efficient-embedded-systems,"The prior standard bundled timer, ADC, and interrupt configuration. Timer/event/interrupt timing remains in C8.4; ADC conversion becomes new C8.7 so each skill has a complete teaching and evidence path.",C8.4 is taught only after the Week 16 GPIO/SWD baseline.,,CETA-W16 (MCU/clock architecture); C7.1–C7.6 (embedded C/MCU architecture); C8.1–C8.3 (known-good STM32 GPIO/build/flash/SWD baseline),16,career-w16-after-the-gpio-baseline-add-one-timer-proof,"After the GPIO baseline, add one timer proof",16,16,18,18; 25,16,SEM-C8-16-1640,,Required semantic task SEM-C8-16-082; required primary lesson gate; v16.3 integrated lesson checks; Week 16 mastery/teach-back.,"Week 16 Career — After the GPIO baseline, add one timer proof",16.3.42
C8.5,"Use current draw, reset behavior, clock configuration, boot configuration, and debug connectivity as early board bring-up checks.","Use staged evidence—power/current, reset/boot, clock/configuration, debug connectivity, minimal firmware, and I/O—to establish a known-good STM32 bring-up baseline before adding complexity.",REWRITE,Adapted from / informed by,stTraining,STM32 Online Training,https://www.st.com/content/st_com/en/support/learning/stm32-online-training.html,stMooc; tamuESET; armKit,stMooc: STM32CubeMX and STM32Cube HAL Basics — https://www.st.com/content/st_com/en/support/learning/stm32-moocs/stm32cubemx-and-cubeHhal-basics.html; tamuESET: Electronic Systems Engineering Technology (ESET) course descriptions — https://catalog.tamu.edu/undergraduate/course-descriptions/eset/; armKit: Efficient Embedded Systems Education Kit — https://www.arm.com/resources/education/education-kits/efficient-embedded-systems,Rewritten to expose the beginner prerequisite/mental model while preserving the same competency identity and assessment domain.,Alfred sequences the competency inside the shared CETa/Career dependency graph and uses Alfred-specific labs/projects for evidence.,,C7 embedded-C/MCU architecture; C3 measurement evidence; CETA-W16 MCU/toolchain concepts,16,career-w16-bring-up-is-a-ladder-of-proofs,Bring-up is a ladder of proofs,16,16,24,24,16,SEM-C8-16-1640,CAREER-W16-CHECK-1; CAREER-W16-CHECK-2; CAREER-W16-GATE; CAREER-W23-CHECK-2; CAREER-W24-CHECK-1; CAREER-W24-CHECK-2; CAREER-W24-GATE,Required semantic task SEM-C8-16-082; required primary lesson gate; v16.3 integrated lesson checks; Week 16 mastery/teach-back.,Week 16 Career — Bring-up is a ladder of proofs,16.3.42
C8.6,"Capture a reproducible STM32 fault with firmware revision, configuration, measurements, and a verified fix.","Capture an STM32 fault reproducibly with board/MCU identity, firmware revision, configuration, measurements/debug evidence, hypothesis, corrective action, and verified retest.",REWRITE,Adapted from / informed by,stTraining,STM32 Online Training,https://www.st.com/content/st_com/en/support/learning/stm32-online-training.html,stMooc; tamuESET; armKit,stMooc: STM32CubeMX and STM32Cube HAL Basics — https://www.st.com/content/st_com/en/support/learning/stm32-moocs/stm32cubemx-and-cubeHhal-basics.html; tamuESET: Electronic Systems Engineering Technology (ESET) course descriptions — https://catalog.tamu.edu/undergraduate/course-descriptions/eset/; armKit: Efficient Embedded Systems Education Kit — https://www.arm.com/resources/education/education-kits/efficient-embedded-systems,Rewritten to expose the beginner prerequisite/mental model while preserving the same competency identity and assessment domain.,Alfred sequences the competency inside the shared CETa/Career dependency graph and uses Alfred-specific labs/projects for evidence.,,C7 embedded-C/MCU architecture; C3 measurement evidence; CETA-W16 MCU/toolchain concepts,16,career-w16-career-integration-stm32-bring-up-and-swd-evidence,Career integration: STM32 bring-up and SWD evidence,16,16,24,24; 26,16,SEM-C8-16-1640,,Required semantic task SEM-C8-16-082; required primary lesson gate; v16.3 integrated lesson checks; Week 16 mastery/teach-back.,Week 16 Career — Career integration: STM32 bring-up and SWD evidence,16.3.42
C8.7,,"After a known-good digital baseline, configure and validate one STM32 ADC channel using a known input while checking reference voltage, channel/pin mode, resolution/sample settings, raw code, engineering-unit conversion, and independent physical measurement.",ADD,Informed by / cross-checked against,stTraining,STM32 Online Training,https://www.st.com/content/st_com/en/support/learning/stm32-online-training.html,armKit,armKit: Efficient Embedded Systems Education Kit — https://www.arm.com/resources/education/education-kits/efficient-embedded-systems,Added because ADC bring-up has a distinct analog/reference/sample/units dependency chain that should not be hidden inside a combined timer/ADC/interrupt standard.,Alfred uses a known DC input and DMM cross-check before any sensor-specific ADC application.,,CETA-W16 (MCU and conversion foundations); C8.1–C8.3 (known-good digital baseline); voltage/reference measurement discipline from C3,16,career-w16-then-prove-one-adc-conversion-with-a-known-input,Then prove one ADC conversion with a known input,16,16,16,,16,SEM-C8-16-1640,,Required semantic task SEM-C8-16-1640; v16.3.40 integrated lesson checks; changed-context mastery evidence.,Week 16 Career — Then prove one ADC conversion with a known input,16.3.42
C9.1,"Configure UART parameters and diagnose mismatched baud rate, data bits, parity, stop bits, logic level, or crossed TX/RX connections.","Configure UART parameters and diagnose mismatched baud rate, data bits, parity, stop bits, logic level, or crossed TX/RX connections.",KEEP,Informed by,stTraining,STM32 Online Training,https://www.st.com/content/st_com/en/support/learning/stm32-online-training.html,saleae; sparkfunSerial; sparkfunI2C; sparkfunSPI,saleae: Logic Analyzer Learning and Support — https://support.saleae.com/; sparkfunSerial: Serial Communication — https://learn.sparkfun.com/tutorials/serial-communication/all; sparkfunI2C: I2C — https://learn.sparkfun.com/tutorials/i2c/all; sparkfunSPI: Serial Peripheral Interface (SPI) — https://learn.sparkfun.com/tutorials/serial-peripheral-interface-spi/all,Retained because the existing competency remains appropriately scoped; provenance and prerequisite traceability were added.,Alfred sequences the competency inside the shared CETa/Career dependency graph and uses Alfred-specific labs/projects for evidence.,,C8 known-good MCU baseline; CETA-W18 interface signaling; C3 measurement/reference discipline,17,career-w17-define-the-serial-contract-before-writing-the-client,Define the serial contract before writing the client,17,17,18,18; 27,18,SEM-C9-18-083,,Required semantic task SEM-C9-18-083; required primary lesson gate; v16.3 integrated lesson checks; Week 18 mastery/teach-back.,Week 17 Career — Define the serial contract before writing the client,16.3.42
C9.2,"Explain I²C addressing, open-drain signaling, pull-up resistors, START/STOP conditions, ACK/NACK, and common stuck-bus faults.","Explain I²C addressing, open-drain signaling, pull-up resistors, START/STOP conditions, ACK/NACK, and common stuck-bus faults.",KEEP,Informed by,stTraining,STM32 Online Training,https://www.st.com/content/st_com/en/support/learning/stm32-online-training.html,saleae; sparkfunSerial; sparkfunI2C; sparkfunSPI,saleae: Logic Analyzer Learning and Support — https://support.saleae.com/; sparkfunSerial: Serial Communication — https://learn.sparkfun.com/tutorials/serial-communication/all; sparkfunI2C: I2C — https://learn.sparkfun.com/tutorials/i2c/all; sparkfunSPI: Serial Peripheral Interface (SPI) — https://learn.sparkfun.com/tutorials/serial-peripheral-interface-spi/all,Retained because the existing competency remains appropriately scoped; provenance and prerequisite traceability were added.,Alfred sequences the competency inside the shared CETa/Career dependency graph and uses Alfred-specific labs/projects for evidence.,,C8 known-good MCU baseline; CETA-W18 interface signaling; C3 measurement/reference discipline,18,career-w18-activate-the-ceta-bus-model-and-choose-i2c-as-the-first-complete-path,Activate the CETa bus model and choose I²C as the first complete path,18,18,25,25,18,SEM-C9-18-083,,Required semantic task SEM-C9-18-083; required primary lesson gate; v16.3 integrated lesson checks; Week 18 mastery/teach-back.,Week 18 Career — Activate the CETa bus model and choose I²C as the first complete path,16.3.42
C9.3,"Explain SPI clock, MOSI/MISO, chip select, mode/polarity/phase, word length, and common configuration mismatches.","Explain SPI clock, MOSI/MISO, chip select, mode/polarity/phase, word length, and common configuration mismatches.",KEEP,Informed by,stTraining,STM32 Online Training,https://www.st.com/content/st_com/en/support/learning/stm32-online-training.html,saleae; sparkfunSerial; sparkfunI2C; sparkfunSPI,saleae: Logic Analyzer Learning and Support — https://support.saleae.com/; sparkfunSerial: Serial Communication — https://learn.sparkfun.com/tutorials/serial-communication/all; sparkfunI2C: I2C — https://learn.sparkfun.com/tutorials/i2c/all; sparkfunSPI: Serial Peripheral Interface (SPI) — https://learn.sparkfun.com/tutorials/serial-peripheral-interface-spi/all,Retained because the existing competency remains appropriately scoped; provenance and prerequisite traceability were added.,Alfred sequences the competency inside the shared CETa/Career dependency graph and uses Alfred-specific labs/projects for evidence.,,C8 known-good MCU baseline; CETA-W18 interface signaling; C3 measurement/reference discipline,18,career-w18-only-now-generalize-the-model-to-spi,Only now generalize the model to SPI,18,18,25,25,18,SEM-C9-18-083,,Required semantic task SEM-C9-18-083; required primary lesson gate; v16.3 integrated lesson checks; Week 18 mastery/teach-back.,Week 18 Career — Only now generalize the model to SPI,16.3.42
C9.4,"Use a logic analyzer capture to correlate firmware actions with actual UART, I²C, or SPI bus transactions.","Use a logic analyzer capture to correlate firmware actions with actual UART, I²C, or SPI bus transactions.",KEEP,Informed by,stTraining,STM32 Online Training,https://www.st.com/content/st_com/en/support/learning/stm32-online-training.html,saleae; sparkfunSerial; sparkfunI2C; sparkfunSPI,saleae: Logic Analyzer Learning and Support — https://support.saleae.com/; sparkfunSerial: Serial Communication — https://learn.sparkfun.com/tutorials/serial-communication/all; sparkfunI2C: I2C — https://learn.sparkfun.com/tutorials/i2c/all; sparkfunSPI: Serial Peripheral Interface (SPI) — https://learn.sparkfun.com/tutorials/serial-peripheral-interface-spi/all,Retained because the existing competency remains appropriately scoped; provenance and prerequisite traceability were added.,Alfred sequences the competency inside the shared CETa/Career dependency graph and uses Alfred-specific labs/projects for evidence.,,C8 known-good MCU baseline; CETA-W18 interface signaling; C3 measurement/reference discipline,18,career-w18-learn-the-logic-analyzer-on-that-known-good-i2c-transaction,Learn the logic analyzer on that known-good I²C transaction,18,18,25,25,18,SEM-C9-18-083,,Required semantic task SEM-C9-18-083; required primary lesson gate; v16.3 integrated lesson checks; Week 18 mastery/teach-back.,Week 18 Career — Learn the logic analyzer on that known-good I²C transaction,16.3.42
C9.5,"Read a sensor/interface datasheet to determine register address, transaction sequence, timing, and expected response.","Read a sensor/interface datasheet to determine register address, transaction sequence, timing, and expected response.",KEEP,Informed by,stTraining,STM32 Online Training,https://www.st.com/content/st_com/en/support/learning/stm32-online-training.html,saleae; sparkfunSerial; sparkfunI2C; sparkfunSPI,saleae: Logic Analyzer Learning and Support — https://support.saleae.com/; sparkfunSerial: Serial Communication — https://learn.sparkfun.com/tutorials/serial-communication/all; sparkfunI2C: I2C — https://learn.sparkfun.com/tutorials/i2c/all; sparkfunSPI: Serial Peripheral Interface (SPI) — https://learn.sparkfun.com/tutorials/serial-peripheral-interface-spi/all,Retained because the existing competency remains appropriately scoped; provenance and prerequisite traceability were added.,Alfred sequences the competency inside the shared CETa/Career dependency graph and uses Alfred-specific labs/projects for evidence.,,C8 known-good MCU baseline; CETA-W18 interface signaling; C3 measurement/reference discipline,18,career-w18-translate-one-i2c-datasheet-into-a-wiring-and-transaction-contract,Translate one I²C datasheet into a wiring and transaction contract,18,18,25,25,18,SEM-C9-18-083,CAREER-W18-CHECK-2,Required semantic task SEM-C9-18-083; required primary lesson gate; v16.3 integrated lesson checks; Week 18 mastery/teach-back.,Week 18 Career — Translate one I²C datasheet into a wiring and transaction contract,16.3.42
C9.6,"Diagnose whether an interface failure is most likely firmware configuration, electrical connection, signal integrity, device addressing, or protocol sequencing.","Diagnose whether an interface failure is most likely firmware configuration, electrical connection, signal integrity, device addressing, or protocol sequencing.",KEEP,Informed by,stTraining,STM32 Online Training,https://www.st.com/content/st_com/en/support/learning/stm32-online-training.html,saleae; sparkfunSerial; sparkfunI2C; sparkfunSPI,saleae: Logic Analyzer Learning and Support — https://support.saleae.com/; sparkfunSerial: Serial Communication — https://learn.sparkfun.com/tutorials/serial-communication/all; sparkfunI2C: I2C — https://learn.sparkfun.com/tutorials/i2c/all; sparkfunSPI: Serial Peripheral Interface (SPI) — https://learn.sparkfun.com/tutorials/serial-peripheral-interface-spi/all,Retained because the existing competency remains appropriately scoped; provenance and prerequisite traceability were added.,Alfred sequences the competency inside the shared CETa/Career dependency graph and uses Alfred-specific labs/projects for evidence.,,C8 known-good MCU baseline; CETA-W18 interface signaling; C3 measurement/reference discipline,18,career-w18-we-do-diagnose-an-i2c-address-nack-by-layer,WE DO: diagnose an I²C address NACK by layer,18,18,25,25,18,SEM-C9-18-083,CAREER-W18-CHECK-1; CAREER-W18-GATE; CAREER-W21-CHECK-1; CAREER-W25-CHECK-1,Required semantic task SEM-C9-18-083; required primary lesson gate; v16.3 integrated lesson checks; Week 18 mastery/teach-back.,Week 18 Career — WE DO: diagnose an I²C address NACK by layer,16.3.42
C10.1,"Use Python to open, configure, read from, and write to a serial device with explicit timeouts and error handling.","Use Python to open, configure, read from, and write to a serial device with explicit timeouts and error handling.",KEEP,Informed by,pythonDocs,Python 3 Documentation,https://docs.python.org/3/,pyserial; pytest; onetTech,pyserial: pySerial Documentation — https://pyserial.readthedocs.io/; pytest: pytest Documentation — https://docs.pytest.org/; onetTech: Electrical and Electronic Engineering Technologists and Technicians — https://www.onetonline.org/link/summary/17-3023.00,Retained because the existing competency remains appropriately scoped; provenance and prerequisite traceability were added.,Alfred sequences the competency inside the shared CETa/Career dependency graph and uses Alfred-specific labs/projects for evidence.,,CAREER-W17-PYTHON-SERIAL; C9 interface/transport evidence; C11 verification limits and evidence discipline,17,career-w17-use-pyserial-as-a-visible-port-bytes-message-pipeline,Use pySerial as a visible port → bytes → message pipeline,17,17,27,27,27,SEM-C10-27-084,CAREER-W17-CHECK-1; CAREER-W17-CHECK-2; CAREER-W17-GATE,Required semantic task SEM-C10-27-084; required primary lesson gate; v16.3 integrated lesson checks; Week 27 mastery/teach-back.,Week 17 Career — Use pySerial as a visible port → bytes → message pipeline,16.3.42
C10.2,Parse incoming measurements into structured values and reject malformed or out-of-range data safely.,Parse incoming measurements into structured values and reject malformed or out-of-range data safely.,KEEP,Informed by,pythonDocs,Python 3 Documentation,https://docs.python.org/3/,pyserial; pytest; onetTech,pyserial: pySerial Documentation — https://pyserial.readthedocs.io/; pytest: pytest Documentation — https://docs.pytest.org/; onetTech: Electrical and Electronic Engineering Technologists and Technicians — https://www.onetonline.org/link/summary/17-3023.00,Retained because the existing competency remains appropriately scoped; provenance and prerequisite traceability were added.,Alfred sequences the competency inside the shared CETa/Career dependency graph and uses Alfred-specific labs/projects for evidence.,,CAREER-W17-PYTHON-SERIAL; C9 interface/transport evidence; C11 verification limits and evidence discipline,17,career-w17-parse-and-validate-only-after-a-complete-message-exists,Parse and validate only after a complete message exists,17,17,27,27,27,SEM-C10-27-084,,Required semantic task SEM-C10-27-084; required primary lesson gate; v16.3 integrated lesson checks; Week 27 mastery/teach-back.,Week 17 Career — Parse and validate only after a complete message exists,16.3.42
C10.3,"Log timestamped test data in a reproducible format that preserves units, device identity, and test conditions.","Log timestamped test data in a reproducible format that preserves units, device identity, and test conditions.",KEEP,Informed by,pythonDocs,Python 3 Documentation,https://docs.python.org/3/,pyserial; pytest; onetTech,pyserial: pySerial Documentation — https://pyserial.readthedocs.io/; pytest: pytest Documentation — https://docs.pytest.org/; onetTech: Electrical and Electronic Engineering Technologists and Technicians — https://www.onetonline.org/link/summary/17-3023.00,Retained because the existing competency remains appropriately scoped; provenance and prerequisite traceability were added.,Alfred sequences the competency inside the shared CETa/Career dependency graph and uses Alfred-specific labs/projects for evidence.,,CAREER-W17-PYTHON-SERIAL; C9 interface/transport evidence; C11 verification limits and evidence discipline,17,career-w17-files-turn-results-into-reproducible-evidence,Files turn results into reproducible evidence,17,17,27,27,27,SEM-C10-27-084,,Required semantic task SEM-C10-27-084; required primary lesson gate; v16.3 integrated lesson checks; Week 27 mastery/teach-back.,Week 17 Career — Files turn results into reproducible evidence,16.3.42
C10.4,Write an automated PASS/FAIL check against explicit limits and report why a failure occurred.,Write an automated PASS/FAIL check against explicit limits and report why a failure occurred.,KEEP,Informed by,pythonDocs,Python 3 Documentation,https://docs.python.org/3/,pyserial; pytest; onetTech,pyserial: pySerial Documentation — https://pyserial.readthedocs.io/; pytest: pytest Documentation — https://docs.pytest.org/; onetTech: Electrical and Electronic Engineering Technologists and Technicians — https://www.onetonline.org/link/summary/17-3023.00,Retained because the existing competency remains appropriately scoped; provenance and prerequisite traceability were added.,Alfred sequences the competency inside the shared CETa/Career dependency graph and uses Alfred-specific labs/projects for evidence.,,CAREER-W17-PYTHON-SERIAL; C9 interface/transport evidence; C11 verification limits and evidence discipline,27,career-w27-verdicts-need-explicit-semantics,Verdicts need explicit semantics,27,27,28,28,27,SEM-C10-27-084,CAREER-W27-GATE,Required semantic task SEM-C10-27-084; required primary lesson gate; v16.3 integrated lesson checks; Week 27 mastery/teach-back.,Week 27 Career — Verdicts need explicit semantics,16.3.42
C10.5,"Plot or summarize test data to reveal trends, drift, noise, or outliers relevant to a hardware decision.","Plot or summarize test data to reveal trends, drift, noise, or outliers relevant to a hardware decision.",KEEP,Informed by,pythonDocs,Python 3 Documentation,https://docs.python.org/3/,pyserial; pytest; onetTech,pyserial: pySerial Documentation — https://pyserial.readthedocs.io/; pytest: pytest Documentation — https://docs.pytest.org/; onetTech: Electrical and Electronic Engineering Technologists and Technicians — https://www.onetonline.org/link/summary/17-3023.00,Retained because the existing competency remains appropriately scoped; provenance and prerequisite traceability were added.,Alfred sequences the competency inside the shared CETa/Career dependency graph and uses Alfred-specific labs/projects for evidence.,,CAREER-W17-PYTHON-SERIAL; C9 interface/transport evidence; C11 verification limits and evidence discipline,27,career-w27-summaries-and-plots-answer-a-hardware-question,Summaries and plots answer a hardware question,27,27,27,,27,SEM-C10-27-084,,Required semantic task SEM-C10-27-084; required primary lesson gate; v16.3 integrated lesson checks; Week 27 mastery/teach-back.,Week 27 Career — Summaries and plots answer a hardware question,16.3.42
C10.6,"Structure a small hardware-test script so setup, stimulus, measurement, evaluation, cleanup, and reporting are separate steps.","Structure a small hardware-test script so setup, stimulus, measurement, evaluation, cleanup, and reporting are separate steps.",KEEP,Informed by,pythonDocs,Python 3 Documentation,https://docs.python.org/3/,pyserial; pytest; onetTech,pyserial: pySerial Documentation — https://pyserial.readthedocs.io/; pytest: pytest Documentation — https://docs.pytest.org/; onetTech: Electrical and Electronic Engineering Technologists and Technicians — https://www.onetonline.org/link/summary/17-3023.00,Retained because the existing competency remains appropriately scoped; provenance and prerequisite traceability were added.,Alfred sequences the competency inside the shared CETa/Career dependency graph and uses Alfred-specific labs/projects for evidence.,,CAREER-W17-PYTHON-SERIAL; C9 interface/transport evidence; C11 verification limits and evidence discipline,27,career-w27-a-test-case-has-setup-stimulus-acquisition-evaluation-cleanup-and-report,"A test case has setup, stimulus, acquisition, evaluation, cleanup, and report stages",27,27,27,,27,SEM-C10-27-084,,Required semantic task SEM-C10-27-084; required primary lesson gate; v16.3 integrated lesson checks; Week 27 mastery/teach-back.,"Week 27 Career — A test case has setup, stimulus, acquisition, evaluation, cleanup, and report stages",16.3.42
C11.1,"Translate a requirement into a measurable verification step with setup, stimulus, expected result, tolerance, and evidence.","Translate a requirement into a measurable verification step with setup, stimulus, expected result, tolerance, and evidence.",KEEP,Informed by / cross-checked against,abetETAC,"Criteria for Accrediting Engineering Technology Programs, 2026–2027",https://www.abet.org/accreditation/accreditation-criteria/criteria-for-accrediting-engineering-technology-programs-2026-2027/,nasaSystems; onetTech,nasaSystems: NASA Systems Engineering Handbook — https://www.nasa.gov/reference/systems-engineering-handbook/; onetTech: Electrical and Electronic Engineering Technologists and Technicians — https://www.onetonline.org/link/summary/17-3023.00,Retained because the existing competency remains appropriately scoped; provenance and prerequisite traceability were added.,Alfred sequences the competency inside the shared CETa/Career dependency graph and uses Alfred-specific labs/projects for evidence.,,C3 measurement evidence; C5 troubleshooting/causal reasoning; explicit requirement/expected-result model,22,career-w22-a-requirement-describes-observable-behavior-and-conditions,A requirement describes observable behavior and conditions,22,22,23,23; 25; 27; 28,28,SEM-C11-28-085,CAREER-W22-CHECK-1; CAREER-W22-GATE,Required semantic task SEM-C11-28-085; required primary lesson gate; v16.3 integrated lesson checks; Week 28 mastery/teach-back.,Week 22 Career — A requirement describes observable behavior and conditions,16.3.42
C11.2,"Distinguish verification, validation, characterization, troubleshooting, and production test.","Distinguish verification, validation, characterization, troubleshooting, and production test.",KEEP,Informed by / cross-checked against,abetETAC,"Criteria for Accrediting Engineering Technology Programs, 2026–2027",https://www.abet.org/accreditation/accreditation-criteria/criteria-for-accrediting-engineering-technology-programs-2026-2027/,nasaSystems; onetTech,nasaSystems: NASA Systems Engineering Handbook — https://www.nasa.gov/reference/systems-engineering-handbook/; onetTech: Electrical and Electronic Engineering Technologists and Technicians — https://www.onetonline.org/link/summary/17-3023.00,Retained because the existing competency remains appropriately scoped; provenance and prerequisite traceability were added.,Alfred sequences the competency inside the shared CETa/Career dependency graph and uses Alfred-specific labs/projects for evidence.,,C3 measurement evidence; C5 troubleshooting/causal reasoning; explicit requirement/expected-result model,22,career-w22-verification-asks-whether-it-meets-the-requirement,Verification asks whether it meets the requirement,20,22,28,28,28,SEM-C11-28-085,CAREER-W20-CHECK-2; CAREER-W20-GATE,Required semantic task SEM-C11-28-085; required primary lesson gate; v16.3 integrated lesson checks; Week 28 mastery/teach-back.,Week 22 Career — Verification asks whether it meets the requirement,16.3.42
C11.3,Design a repeatable test procedure that controls variables and records enough context for another technician to reproduce it.,Design a repeatable test procedure that controls variables and records enough context for another technician to reproduce it.,KEEP,Informed by / cross-checked against,abetETAC,"Criteria for Accrediting Engineering Technology Programs, 2026–2027",https://www.abet.org/accreditation/accreditation-criteria/criteria-for-accrediting-engineering-technology-programs-2026-2027/,nasaSystems; onetTech,nasaSystems: NASA Systems Engineering Handbook — https://www.nasa.gov/reference/systems-engineering-handbook/; onetTech: Electrical and Electronic Engineering Technologists and Technicians — https://www.onetonline.org/link/summary/17-3023.00,Retained because the existing competency remains appropriately scoped; provenance and prerequisite traceability were added.,Alfred sequences the competency inside the shared CETa/Career dependency graph and uses Alfred-specific labs/projects for evidence.,,C3 measurement evidence; C5 troubleshooting/causal reasoning; explicit requirement/expected-result model,22,career-w22-verification-asks-whether-it-meets-the-requirement,Verification asks whether it meets the requirement,22,22,23,23; 24; 25; 27; 28,28,SEM-C11-28-085,,Required semantic task SEM-C11-28-085; required primary lesson gate; v16.3 integrated lesson checks; Week 28 mastery/teach-back.,Week 22 Career — Verification asks whether it meets the requirement,16.3.42
C11.4,"Use boundary, nominal, and fault conditions to expose weaknesses that a single happy-path test would miss.","Use boundary, nominal, and fault conditions to expose weaknesses that a single happy-path test would miss.",KEEP,Informed by / cross-checked against,abetETAC,"Criteria for Accrediting Engineering Technology Programs, 2026–2027",https://www.abet.org/accreditation/accreditation-criteria/criteria-for-accrediting-engineering-technology-programs-2026-2027/,nasaSystems; onetTech,nasaSystems: NASA Systems Engineering Handbook — https://www.nasa.gov/reference/systems-engineering-handbook/; onetTech: Electrical and Electronic Engineering Technologists and Technicians — https://www.onetonline.org/link/summary/17-3023.00,Retained because the existing competency remains appropriately scoped; provenance and prerequisite traceability were added.,Alfred sequences the competency inside the shared CETa/Career dependency graph and uses Alfred-specific labs/projects for evidence.,,C3 measurement evidence; C5 troubleshooting/causal reasoning; explicit requirement/expected-result model,27,career-w27-boundary-and-fault-cases-prove-more-than-the-happy-path,Boundary and fault cases prove more than the happy path,25,27,28,28,28,SEM-C11-28-085,CAREER-W25-GATE; CAREER-W27-CHECK-2,Required semantic task SEM-C11-28-085; required primary lesson gate; v16.3 integrated lesson checks; Week 28 mastery/teach-back.,Week 27 Career — Boundary and fault cases prove more than the happy path,16.3.42
C11.5,"Interpret test results against requirements and identify whether the result is pass, fail, inconclusive, or requires additional data.","Interpret test results against requirements and identify whether the result is pass, fail, inconclusive, or requires additional data.",KEEP,Informed by / cross-checked against,abetETAC,"Criteria for Accrediting Engineering Technology Programs, 2026–2027",https://www.abet.org/accreditation/accreditation-criteria/criteria-for-accrediting-engineering-technology-programs-2026-2027/,nasaSystems; onetTech,nasaSystems: NASA Systems Engineering Handbook — https://www.nasa.gov/reference/systems-engineering-handbook/; onetTech: Electrical and Electronic Engineering Technologists and Technicians — https://www.onetonline.org/link/summary/17-3023.00,Retained because the existing competency remains appropriately scoped; provenance and prerequisite traceability were added.,Alfred sequences the competency inside the shared CETa/Career dependency graph and uses Alfred-specific labs/projects for evidence.,,C3 measurement evidence; C5 troubleshooting/causal reasoning; explicit requirement/expected-result model,27,career-w27-verdicts-need-explicit-semantics,Verdicts need explicit semantics,27,27,28,28,28,SEM-C11-28-085,CAREER-W27-CHECK-1,Required semantic task SEM-C11-28-085; required primary lesson gate; v16.3 integrated lesson checks; Week 28 mastery/teach-back.,Week 27 Career — Verdicts need explicit semantics,16.3.42
C11.6,"Maintain traceability between requirement, test case, result, anomaly, corrective action, and retest evidence.","Maintain traceability between requirement, test case, result, anomaly, corrective action, and retest evidence.",KEEP,Informed by / cross-checked against,abetETAC,"Criteria for Accrediting Engineering Technology Programs, 2026–2027",https://www.abet.org/accreditation/accreditation-criteria/criteria-for-accrediting-engineering-technology-programs-2026-2027/,nasaSystems; onetTech,nasaSystems: NASA Systems Engineering Handbook — https://www.nasa.gov/reference/systems-engineering-handbook/; onetTech: Electrical and Electronic Engineering Technologists and Technicians — https://www.onetonline.org/link/summary/17-3023.00,Retained because the existing competency remains appropriately scoped; provenance and prerequisite traceability were added.,Alfred sequences the competency inside the shared CETa/Career dependency graph and uses Alfred-specific labs/projects for evidence.,,C3 measurement evidence; C5 troubleshooting/causal reasoning; explicit requirement/expected-result model,22,career-w22-traceability-controls-scope,Traceability controls scope,22,22,23,23; 27; 28,28,SEM-C11-28-085,CAREER-W22-CHECK-2,Required semantic task SEM-C11-28-085; required primary lesson gate; v16.3 integrated lesson checks; Week 28 mastery/teach-back.,Week 22 Career — Traceability controls scope,16.3.42
C12.1,Use Git commits and branches to preserve meaningful firmware/test-script history and make changes reviewable.,"Use repository status, diff, staging, commits, and history to inspect and preserve meaningful firmware/test-script changes so the project state is reviewable and reproducible.",SPLIT,Adapted from / informed by,githubSkills,Introduction to Git,https://github.com/skills/introduction-to-git,pccEET101A,pccEET101A: EET 101A — Electronic Lab and Essential Work Skills — https://www.pcc.edu/ccog/eet/101a/,"The prior standard compressed repository inspection, commits, branches/tags, and known-good baseline control. Core change inspection/history remains C12.1; branch/tag baseline control becomes new C12.7.",Alfred teaches repository → working tree → status/diff → commit/history before branching/tagging.,,Prior lab/project evidence; reproducibility and technical communication needs,12,career-w12-version-control-exists-because-project-files-change,Version control exists because project files change,12,12,23,23; 26,12,SEM-C12-12-1640,CAREER-W12-CHECK-2; CAREER-W12-GATE,Required semantic task SEM-C12-22-086; required primary lesson gate; v16.3 integrated lesson checks; Week 22 mastery/teach-back.,Week 12 Career — Version control exists because project files change,16.3.42
C12.2,"Use basic command-line tools and a repeatable project structure to build, run, inspect, and archive engineering work.","Use basic command-line navigation and a repeatable project structure to build, run, inspect, compare, and archive engineering work without losing configuration or evidence context.",REWRITE,Informed by,githubSkills,Introduction to Git,https://github.com/skills/introduction-to-git,pccEET101A,pccEET101A: EET 101A — Electronic Lab and Essential Work Skills — https://www.pcc.edu/ccog/eet/101a/,Rewritten and now explicitly taught in Week 12 with a beginner command-line/project-navigation ladder before Git/project reproducibility is assessed.,"Alfred teaches current directory, file listing, directory changes, project-root awareness, and documented command execution before using the CLI as invisible Git/build/test infrastructure.",,"Week 12 beginner CLI navigation (current directory, list files, change directory, relative paths) plus Git repository/working-tree model; no prior CLI fluency assumed.",12,career-w12-command-line-navigation-is-a-small-reproducibility-tool-not-assumed-know,"Command-line navigation is a small reproducibility tool, not assumed knowledge",12,12,14,14; 17; 23,12,SEM-C12-12-1640,,Required semantic task SEM-C12-22-086; required primary lesson gate; v16.3 integrated lesson checks; Week 22 mastery/teach-back.,"Week 12 Career — Command-line navigation is a small reproducibility tool, not assumed knowledge",16.3.42
C12.3,"Write lab notes with date, objective, configuration, observations, measurements, anomalies, and next actions.","Write lab notes with date, objective, configuration, observations, measurements, anomalies, and next actions.",KEEP,Informed by,githubSkills,Introduction to Git,https://github.com/skills/introduction-to-git,pccEET101A; onetTech,pccEET101A: EET 101A — Electronic Lab and Essential Work Skills — https://www.pcc.edu/ccog/eet/101a/; onetTech: Electrical and Electronic Engineering Technologists and Technicians — https://www.onetonline.org/link/summary/17-3023.00,Retained because the existing competency remains appropriately scoped; provenance and prerequisite traceability were added.,Alfred sequences the competency inside the shared CETa/Career dependency graph and uses Alfred-specific labs/projects for evidence.,,Prior lab/project evidence; reproducibility and technical communication needs,12,career-w12-lab-notes-preserve-the-conditions-that-git-cannot,Lab notes preserve the conditions that Git cannot,12,12,13,13; 20; 21; 22; 23,12,SEM-C12-12-1640,,Required semantic task SEM-C12-22-086; required primary lesson gate; v16.3 integrated lesson checks; Week 22 mastery/teach-back.,Week 12 Career — Lab notes preserve the conditions that Git cannot,16.3.42
C12.4,"Create a concise test report with purpose, setup, method, results, plots/tables, conclusions, and unresolved risks.","Create a concise test report with purpose, setup, method, results, plots/tables, conclusions, and unresolved risks.",KEEP,Informed by,githubSkills,Introduction to Git,https://github.com/skills/introduction-to-git,pccEET101A; onetTech,pccEET101A: EET 101A — Electronic Lab and Essential Work Skills — https://www.pcc.edu/ccog/eet/101a/; onetTech: Electrical and Electronic Engineering Technologists and Technicians — https://www.onetonline.org/link/summary/17-3023.00,Retained because the existing competency remains appropriately scoped; provenance and prerequisite traceability were added.,Alfred sequences the competency inside the shared CETa/Career dependency graph and uses Alfred-specific labs/projects for evidence.,,Prior lab/project evidence; reproducibility and technical communication needs,12,career-w12-a-test-report-turns-evidence-into-a-decision,A test report turns evidence into a decision,12,12,20,20; 28; 30,12,SEM-C12-12-1640,,Required semantic task SEM-C12-22-086; required primary lesson gate; v16.3 integrated lesson checks; Week 22 mastery/teach-back.,Week 12 Career — A test report turns evidence into a decision,16.3.42
C12.5,"Communicate a technical problem to an engineer using observed facts, measurements, attempted checks, and a clear question.","Communicate a technical problem to an engineer using observed facts, measurements, attempted checks, and a clear question.",KEEP,Informed by,githubSkills,Introduction to Git,https://github.com/skills/introduction-to-git,pccEET101A; onetTech,pccEET101A: EET 101A — Electronic Lab and Essential Work Skills — https://www.pcc.edu/ccog/eet/101a/; onetTech: Electrical and Electronic Engineering Technologists and Technicians — https://www.onetonline.org/link/summary/17-3023.00,Retained because the existing competency remains appropriately scoped; provenance and prerequisite traceability were added.,Alfred sequences the competency inside the shared CETa/Career dependency graph and uses Alfred-specific labs/projects for evidence.,,Prior lab/project evidence; reproducibility and technical communication needs,12,career-w12-technical-handoff-separates-facts-hypotheses-and-the-question,"Technical handoff separates facts, hypotheses, and the question",12,12,20,20; 28; 30; 31,12,SEM-C12-12-1640,CAREER-W21-CHECK-2,Required semantic task SEM-C12-22-086; required primary lesson gate; v16.3 integrated lesson checks; Week 22 mastery/teach-back.,"Week 12 Career — Technical handoff separates facts, hypotheses, and the question",16.3.42
C12.6,"Keep filenames, versions, units, screenshots, code, schematics, and evidence organized so a future reviewer can reconstruct the work.","Keep filenames, versions, units, screenshots, code, schematics, and evidence organized so a future reviewer can reconstruct the work.",KEEP,Informed by,githubSkills,Introduction to Git,https://github.com/skills/introduction-to-git,pccEET101A; onetTech,pccEET101A: EET 101A — Electronic Lab and Essential Work Skills — https://www.pcc.edu/ccog/eet/101a/; onetTech: Electrical and Electronic Engineering Technologists and Technicians — https://www.onetonline.org/link/summary/17-3023.00,Retained because the existing competency remains appropriately scoped; provenance and prerequisite traceability were added.,Alfred sequences the competency inside the shared CETa/Career dependency graph and uses Alfred-specific labs/projects for evidence.,,Prior lab/project evidence; reproducibility and technical communication needs,12,career-w12-lab-notes-preserve-the-conditions-that-git-cannot,Lab notes preserve the conditions that Git cannot,12,12,23,23; 29; 30,12,SEM-C12-12-1640,CAREER-W23-CHECK-1,Required semantic task SEM-C12-22-086; required primary lesson gate; v16.3 integrated lesson checks; Week 22 mastery/teach-back.,Week 12 Career — Lab notes preserve the conditions that Git cannot,16.3.42
C12.7,,"Use branches and named known-good baselines/tags to isolate work, preserve recoverable project states, and tie firmware/documentation state to bench evidence.",ADD,Informed by,githubSkills,Introduction to Git,https://github.com/skills/introduction-to-git,pccEET101A,pccEET101A: EET 101A — Electronic Lab and Essential Work Skills — https://www.pcc.edu/ccog/eet/101a/,Added because branch/tag baseline control is a distinct configuration-management behavior that should not be hidden inside basic commit history.,Alfred applies the Git concept directly to pre-change/post-change electronics evidence.,,C12.1 (status/diff/staging/commit/history); C12.2/C12.3 (reproducible project/document structure),12,career-w12-history-becomes-useful-when-each-commit-means-one-coherent-change,History becomes useful when each commit means one coherent change,12,12,12,,12,SEM-C12-12-1640,,Required semantic task SEM-C12-12-1640; v16.3.40 integrated lesson checks; changed-context mastery evidence.,Week 12 Career — History becomes useful when each commit means one coherent change,16.3.42
C13.1,"Present a project with problem, requirements, architecture, implementation, test evidence, failure/recovery story, and final result.","Present a project with problem, requirements, architecture, implementation, test evidence, failure/recovery story, and final result.",KEEP,Alfred-authored integration; cross-checked against,onetTech,Electrical and Electronic Engineering Technologists and Technicians,https://www.onetonline.org/link/summary/17-3023.00,blsTech,blsTech: Electrical and Electronic Engineering Technologists and Technicians — https://www.bls.gov/ooh/architecture-and-engineering/electrical-and-electronics-engineering-technicians.htm,Retained because the existing competency remains appropriately scoped; provenance and prerequisite traceability were added.,Alfred sequences the competency inside the shared CETa/Career dependency graph and uses Alfred-specific labs/projects for evidence.,C11.1; C11.6; C12.3; C12.4; C12.6,"C11.1, C11.6, C12.3, C12.4, C12.6 and accumulated technical project evidence from C1–C12.",29,career-w29-organize-for-a-hiring-manager-not-for-course-chronology,"Organize for a hiring manager, not for course chronology",29,29,30,30,30,SEM-C13-30-1640A,CAREER-W29-CHECK-1; CAREER-W29-GATE,Required semantic task SEM-C13-30-087; required primary lesson gate; v16.3 integrated lesson checks; Week 30 mastery/teach-back.,"Week 29 Career — Organize for a hiring manager, not for course chronology",16.3.42
C13.2,"Explain personal contribution precisely without overstating ownership, certification, job title, or engineering authority.","Explain personal contribution precisely without overstating ownership, certification, job title, or engineering authority.",KEEP,Alfred-authored integration; cross-checked against,onetTech,Electrical and Electronic Engineering Technologists and Technicians,https://www.onetonline.org/link/summary/17-3023.00,blsTech,blsTech: Electrical and Electronic Engineering Technologists and Technicians — https://www.bls.gov/ooh/architecture-and-engineering/electrical-and-electronics-engineering-technicians.htm,Retained because the existing competency remains appropriately scoped; provenance and prerequisite traceability were added.,Alfred sequences the competency inside the shared CETa/Career dependency graph and uses Alfred-specific labs/projects for evidence.,C12.5; C12.6,"C12.5, C12.6 plus the learner’s own project evidence and role boundaries.",29,career-w29-truthful-scope-is-part-of-technical-credibility,Truthful scope is part of technical credibility,29,29,30,30; 31,30,SEM-C13-30-1640A,CAREER-W29-CHECK-2,Required semantic task SEM-C13-30-087; required primary lesson gate; v16.3 integrated lesson checks; Week 30 mastery/teach-back.,Week 29 Career — Truthful scope is part of technical credibility,16.3.42
C13.3,Answer a hardware troubleshooting interview question using a hypothesis-and-measurement process rather than guessing components.,Answer a hardware troubleshooting interview question using a hypothesis-and-measurement process rather than guessing components.,KEEP,Alfred-authored integration; cross-checked against,onetTech,Electrical and Electronic Engineering Technologists and Technicians,https://www.onetonline.org/link/summary/17-3023.00,blsTech,blsTech: Electrical and Electronic Engineering Technologists and Technicians — https://www.bls.gov/ooh/architecture-and-engineering/electrical-and-electronics-engineering-technicians.htm,Retained because the existing competency remains appropriately scoped; provenance and prerequisite traceability were added.,Alfred sequences the competency inside the shared CETa/Career dependency graph and uses Alfred-specific labs/projects for evidence.,C5.1; C5.2; C5.3,C5.1–C5.3 troubleshooting/hypothesis-measurement reasoning plus prior project evidence.,30,career-w30-interview-answers-should-expose-technical-decisions,Interview answers should expose technical decisions,30,30,31,31,30,SEM-C13-30-1640A,CAREER-W30-CHECK-2; CAREER-W30-GATE,Required semantic task SEM-C13-30-087; required primary lesson gate; v16.3 integrated lesson checks; Week 30 mastery/teach-back.,Week 30 Career — Interview answers should expose technical decisions,16.3.42
C13.4,"Tailor a resume bullet to an electronics/test/embedded role using concrete tools, actions, results, and evidence.","Tailor a resume bullet to an electronics/test/embedded role using concrete tools, actions, results, and evidence.",KEEP,Alfred-authored integration; cross-checked against,onetTech,Electrical and Electronic Engineering Technologists and Technicians,https://www.onetonline.org/link/summary/17-3023.00,blsTech,blsTech: Electrical and Electronic Engineering Technologists and Technicians — https://www.bls.gov/ooh/architecture-and-engineering/electrical-and-electronics-engineering-technicians.htm,Retained because the existing competency remains appropriately scoped; provenance and prerequisite traceability were added.,Alfred sequences the competency inside the shared CETa/Career dependency graph and uses Alfred-specific labs/projects for evidence.,C12.6; C13.1,C12.6 evidence organization and C13.1 project-story evidence.,30,career-w30-a-resume-bullet-is-a-compact-evidence-claim,A resume bullet is a compact evidence claim,30,30,31,31,30,SEM-C13-30-1640A,,Required semantic task SEM-C13-30-087; required primary lesson gate; v16.3 integrated lesson checks; Week 30 mastery/teach-back.,Week 30 Career — A resume bullet is a compact evidence claim,16.3.42
C13.5,Evaluate a job description for must-have versus learnable skills and identify a credible bridge-role application strategy.,Evaluate a job description for must-have versus learnable skills and identify a credible bridge-role application strategy.,KEEP,Alfred-authored integration; cross-checked against,onetTech,Electrical and Electronic Engineering Technologists and Technicians,https://www.onetonline.org/link/summary/17-3023.00,blsTech,blsTech: Electrical and Electronic Engineering Technologists and Technicians — https://www.bls.gov/ooh/architecture-and-engineering/electrical-and-electronics-engineering-technicians.htm,Retained because the existing competency remains appropriately scoped; provenance and prerequisite traceability were added.,Alfred sequences the competency inside the shared CETa/Career dependency graph and uses Alfred-specific labs/projects for evidence.,C13.1; C13.2,C13.1–C13.2 plus target-role duties/constraints.,30,career-w30-target-roles-by-transferable-task-not-title-alone,"Target roles by transferable task, not title alone",30,30,31,31,30,SEM-C13-30-1640A,CAREER-W30-CHECK-1,Required semantic task SEM-C13-30-087; required primary lesson gate; v16.3 integrated lesson checks; Week 30 mastery/teach-back.,"Week 30 Career — Target roles by transferable task, not title alone",16.3.42
C13.6,"Use interview/application feedback to choose the next technical repair, portfolio improvement, or job-search adjustment.","Use interview/application feedback to choose the next technical repair, portfolio improvement, or job-search adjustment.",MOVE,Alfred-authored integration; cross-checked against,onetTech,Electrical and Electronic Engineering Technologists and Technicians,https://www.onetonline.org/link/summary/17-3023.00,blsTech,blsTech: Electrical and Electronic Engineering Technologists and Technicians — https://www.bls.gov/ooh/architecture-and-engineering/electrical-and-electronics-engineering-technicians.htm,Moved to the first curriculum location where the full competency is actually taught and can be assessed without future-concept leakage.,Alfred preserves the competency identity but moves required mastery evidence to the dependency-correct week.,C13.1; C13.2; C13.3; C13.4; C13.5,C13.1–C13.5 plus real application/interview outcome evidence.,31,career-w31-repair-narrowly-and-return-to-the-market,Repair narrowly and return to the market,31,31,31,,31,SEM-C13-31-1640B,CAREER-W31-CHECK-1; CAREER-W31-CHECK-2; CAREER-W31-GATE,Required semantic task SEM-C13-30-087; required primary lesson gate; v16.3 integrated lesson checks; Week 30 mastery/teach-back.,Week 31 Career — Repair narrowly and return to the market,16.3.42
