Assignment Week,Source ID,Canonical Source ID,Title,Provider,Resource Type,Original Role,Disposition,Primary Instructional Location,Relationship,Requirement,Inline,Exact Backlink,Additional Course Locations,After Resource Action,Reason
1,aacCurrentPath,aacCurrentPath,Basic Requirements for Current,North Seattle Community College / All About Circuits,College video lecture with transcript,Required · Teaching lecture,RETAINED + INTEGRATED,Week 01 → CETa Lesson → A circuit needs a closed path,Taught in,required,YES,learn.html?week=1&stage=ceta-lesson&lesson=0&section=concept-4&from=media&media=aacCurrentPath,,"After watching, be able to explain or demonstrate: Predict current before calculation and explain why an open path produces zero current.",Existing Teaching Media assignment reconciled to the strongest current instructional section.
1,aacElectricalA,aacElectricalA,"Electrical Quantities A — Voltage, Current, Resistance, and Charge",North Seattle Community College / All About Circuits,College video lecture with transcript,Required · Teaching lecture,RETAINED + INTEGRATED,Week 01 → CETa Lesson → Put the model together: predict before you measure,Review of,required,YES,learn.html?week=1&stage=ceta-lesson&lesson=0&section=concept-11&from=media&media=aacElectricalA,,"After watching, be able to explain or demonstrate: Explain each quantity, its unit, and whether it is measured across or through a circuit element.",Existing Teaching Media assignment reconciled to the strongest current instructional section.
1,aacElectricalB,aacElectricalB,Electrical Quantities B — Ohm’s Law and Electrical Power,North Seattle Community College / All About Circuits,College video lecture with transcript,Required · Teaching lecture,RETAINED + INTEGRATED,Week 01 → CETa Lesson → Power: how quickly electrical energy is transferred,Used in,required,YES,learn.html?week=1&stage=ceta-lesson&lesson=0&section=concept-10&from=media&media=aacElectricalB,,"After watching, be able to explain or demonstrate: Predict direct/inverse relationships before calculating; rearrange V=IR and verify P=VI, I²R and V²/R with units.",Existing Teaching Media assignment reconciled to the strongest current instructional section.
1,aacGroundReference,aacGroundReference,Ground and Other Reference Points,North Seattle Community College / All About Circuits,College video lecture with transcript,Required · Teaching lecture,RETAINED + INTEGRATED,Week 01 → Career Lesson → Pre-power inspection creates the first known-good state,Taught in,required,YES,learn.html?week=1&stage=career-lesson&lesson=1&section=career-w01-pre-power-inspection-creates-the-first-known-good-state&from=media&media=aacGroundReference,,"After watching, be able to explain or demonstrate: Predict positive/negative meter readings from probe order and chosen reference.",Existing Teaching Media assignment reconciled to the strongest current instructional section.
1,aacTechnicalNotation,aacTechnicalNotation,Technical Notation — Engineering Notation and SI Prefixes,North Seattle Community College / All About Circuits,College video lecture with transcript,Required · Teaching lecture,RETAINED + INTEGRATED,Week 01 → CETa Lesson → SI prefixes are multipliers attached to units,Taught in,required,YES,learn.html?week=1&stage=ceta-lesson&lesson=0&section=concept-6&from=media&media=aacTechnicalNotation,,"After watching, be able to explain or demonstrate: Convert base units ↔ milli/micro/nano/pico/kilo/mega/giga without losing powers of ten.",Existing Teaching Media assignment reconciled to the strongest current instructional section.
1,afrotechmodsMultimeter,afrotechmodsMultimeter,THE BEST Multimeter tutorial (HD),Afrotechmods,Beginner YouTube multimeter demonstration,BENCH BRIDGE · Multimeter fundamentals,RETAINED + INTEGRATED,"Week 01 → Career Lesson → Voltage, resistance, and current modes are different circuits",Demonstrated in,supporting,YES,learn.html?week=1&stage=career-lesson&lesson=1&section=career-w01-voltage-resistance-and-current-modes-are-different-circuits&from=media&media=afrotechmodsMultimeter,,"After watching, be able to explain or demonstrate: Notice mode/range selection, probe jacks, voltage measured across two points, current measured through a circuit path, de-energized resistance/continuity checks, and the consequences of using the current jack incorrectly.",Existing Teaching Media assignment reconciled to the strongest current instructional section.
1,afrotechmodsPowerWatts,afrotechmodsPowerWatts,Basic Electricity - Power and watts,Afrotechmods,Beginner YouTube electronics tutorial with practical measurement demo,CLARITY · Electrical power and watts,RETAINED + INTEGRATED,Week 01 → CETa Lesson → Power: how quickly electrical energy is transferred,Demonstrated in,supporting,YES,learn.html?week=1&stage=ceta-lesson&lesson=0&section=concept-10&from=media&media=afrotechmodsPowerWatts,,"After watching, be able to explain or demonstrate: Connect power to the rate of energy transfer, relate P = VI to measured voltage/current, and notice how a resistor can be electrically correct in ohms yet undersized in watts.",Existing Teaching Media assignment reconciled to the strongest current instructional section.
1,afrotechmodsResistanceOhmsLaw,afrotechmodsResistanceOhmsLaw,Basic Electricity - Resistance and Ohm's law,Afrotechmods,Beginner YouTube electronics tutorial with practical circuit demo,CLARITY · Resistance and Ohm's law,RETAINED + INTEGRATED,Week 01 → CETa Lesson → Resistance: why the same voltage does not produce the same current everywhere,Demonstrated in,supporting,YES,learn.html?week=1&stage=ceta-lesson&lesson=0&section=concept-5&from=media&media=afrotechmodsResistanceOhmsLaw,,"After watching, be able to explain or demonstrate: Predict direction first: at fixed voltage, more resistance means less current. Then connect that physical relationship to V = IR instead of treating the formula as isolated memorization.",Existing Teaching Media assignment reconciled to the strongest current instructional section.
1,afrotechmodsWhatIsAmp,afrotechmodsWhatIsAmp,Basic Electricity - What is an amp?,Afrotechmods,Beginner YouTube electronics tutorial,CLARITY · Current and amperes,RETAINED + INTEGRATED,Week 01 → CETa Lesson → Current: charge moving through a path over time,Used in,supporting,YES,learn.html?week=1&stage=ceta-lesson&lesson=0&section=concept-2&from=media&media=afrotechmodsWhatIsAmp,,"After watching, be able to explain or demonstrate: Connect amperes to rate of charge flow, keep conventional-current language separate from electron motion, and say current goes through a path rather than across it.",Existing Teaching Media assignment reconciled to the strongest current instructional section.
1,afrotechmodsWhatIsVoltage,afrotechmodsWhatIsVoltage,Basic Electricity - What is voltage?,Afrotechmods,Beginner YouTube electronics tutorial,CLARITY · Voltage,RETAINED + INTEGRATED,Week 01 → CETa Lesson → Voltage: an energy difference between two points,Used in,supporting,YES,learn.html?week=1&stage=ceta-lesson&lesson=0&section=concept-3&from=media&media=afrotechmodsWhatIsVoltage,,"After watching, be able to explain or demonstrate: Connect volts to energy per charge, distinguish voltage from current, and notice that voltage is always a difference between two points even when a reference node is implied.",Existing Teaching Media assignment reconciled to the strongest current instructional section.
1,flukeMultimeterGuide,flukeMultimeterGuide,How to Use a Multimeter — Comprehensive Guide,Fluke,Manufacturer measurement guide,Required · DMM pre-power verification,RETAINED + INTEGRATED,"Week 01 → Career Lesson → Voltage, resistance, and current modes are different circuits",Taught in,required,YES,learn.html?week=1&stage=career-lesson&lesson=1&section=career-w01-voltage-resistance-and-current-modes-are-different-circuits&from=media&media=flukeMultimeterGuide,"Taught in: Week 03 → CETa Lesson → The DMM is several instruments sharing one display [learn.html?week=3&stage=ceta-lesson&lesson=0&section=concept-1&from=media&media=flukeMultimeterGuide] | Taught in: Week 09 → Career Lesson → Use rail behavior to distinguish source, regulator, and load faults [learn.html?week=9&stage=career-lesson&lesson=1&section=career-w09-use-rail-behavior-to-distinguish-source-regulator-and-load-faults&from=media&media=flukeMultimeterGuide] | Taught in: Week 24 → Career Lesson → Unpowered checks find cheap faults [learn.html?week=24&stage=career-lesson&lesson=1&section=career-w24-unpowered-checks-find-cheap-faults&from=media&media=flukeMultimeterGuide] | Taught in: Week 29 → CETa Lesson → Measurement setup is part of workmanship verification [learn.html?week=29&stage=ceta-lesson&lesson=0&section=concept-5&from=media&media=flukeMultimeterGuide]","After using this reference, be able to locate, explain, or apply: Confirm the current lead is not left in the amperage jack and do not make resistance/continuity measurements on an energized circuit.",Existing Teaching Media assignment reconciled to the strongest current instructional section.
1,flukeSafety,flukeSafety,Electrical Measurement Safety,Fluke,Manufacturer training,Required · Safety instruction,RETAINED + INTEGRATED,"Week 01 → Career Lesson → Voltage, resistance, and current modes are different circuits",Taught in,required,YES,learn.html?week=1&stage=career-lesson&lesson=1&section=career-w01-voltage-resistance-and-current-modes-are-different-circuits&from=media&media=flukeSafety,,"After using this resource, be able to explain or apply: Separate shock/arc/tool-rating/PPE/lead-condition hazards and know stop/de-energize conditions.",Existing Teaching Media assignment reconciled to the strongest current instructional section.
1,keysightBenchPowerCourse,keysightBenchPowerCourse,Bench Power Supply Basics,Keysight Technologies,Manufacturer video course,Required · Pre-power bench-supply procedure,RETAINED + INTEGRATED,Week 01 → Career Lesson → Current limiting is a protective boundary and a diagnostic clue,Lab preparation for,required,YES,learn.html?week=1&stage=career-lesson&lesson=1&section=career-w01-current-limiting-is-a-protective-boundary-and-a-diagnostic-clue&from=media&media=keysightBenchPowerCourse,Demonstrated in: Week 03 → CETa Lesson → A bench supply has two interacting limits [learn.html?week=3&stage=ceta-lesson&lesson=0&section=concept-2&from=media&media=keysightBenchPowerCourse] | Lab preparation for: Week 23 → Career Lesson → Plan first power as a test case [learn.html?week=23&stage=career-lesson&lesson=1&section=career-w23-plan-first-power-as-a-test-case&from=media&media=keysightBenchPowerCourse],"After watching, be able to explain or demonstrate: Predict expected current first; unexpected CC mode or current rise is a stop-and-investigate condition.",Existing Teaching Media assignment reconciled to the strongest current instructional section.
1,mathScienceVoltageCurrentResistance,mathScienceVoltageCurrentResistance,"Lesson 1 - Voltage, Current, Resistance (Engineering Circuit Analysis)",Math and Science (Jason Gibson),Beginner YouTube engineering lecture,START HERE · Beginner concept bridge,RETAINED + INTEGRATED,Week 01 → CETa Lesson → Start with charge: what electricity is actually moving,Taught in,supporting,YES,learn.html?week=1&stage=ceta-lesson&lesson=0&section=concept-1&from=media&media=mathScienceVoltageCurrentResistance,,"After watching, be able to explain or demonstrate: Listen for the everyday physical analogies, the closed-loop requirement, the difference between voltage/current/resistance, and the move from amps to smaller metric-prefixed current units.",Existing Teaching Media assignment reconciled to the strongest current instructional section.
1,medlineElectricalInjury,medlineElectricalInjury,Electrical Injury — First Aid and Emergency Response,MedlinePlus / U.S. National Library of Medicine,Government medical first-aid guidance,Required · Electrical-emergency first aid,RETAINED + INTEGRATED,"Week 01 → CETa Lesson → Shock physiology, emergency response, and First Aid boundaries",Taught in,required,YES,learn.html?week=1&stage=ceta-lesson&lesson=0&section=concept-12&from=media&media=medlineElectricalInjury,,"After using this resource, be able to explain or apply: Never touch a casualty still in contact with an energized source; high-voltage rescue requires trained emergency response and power isolation.",Existing Teaching Media assignment reconciled to the strongest current instructional section.
1,nasaESD,nasaESD,NASA-HDBK-8739.21 — ESD Control,NASA,Government workmanship handbook,Required · ESD protected-work-area instruction,RETAINED + INTEGRATED,"Week 01 → CETa Lesson → ESD, technician tool hazards, and PPE",Taught in,required,YES,learn.html?week=1&stage=ceta-lesson&lesson=0&section=concept-14&from=media&media=nasaESD,Taught in: Week 12 → CETa Lesson → ESD control is specific to the work state [learn.html?week=12&stage=ceta-lesson&lesson=0&section=concept-10&from=media&media=nasaESD] | Used in: Week 24 → CETa Lesson → Safety gates remain absolute [learn.html?week=24&stage=ceta-lesson&lesson=0&section=concept-3&from=media&media=nasaESD] | Used in: Week 29 → CETa Lesson → Physical safety and ESD remain active through rework [learn.html?week=29&stage=ceta-lesson&lesson=0&section=concept-3&from=media&media=nasaESD],"After using this reference, be able to locate, explain, or apply: Keep ESD control distinct from shock protection. Use approved grounding devices/procedures and do not improvise a direct body-to-ground connection around energized hazards.",Existing Teaching Media assignment reconciled to the strongest current instructional section.
1,organicChemTutorBasicCircuits,organicChemTutorBasicCircuits,"Electric Current & Circuits Explained, Ohm's Law, Charge, Power, Physics Problems, Basic Electricity",The Organic Chemistry Tutor,YouTube worked-example physics tutorial,"WORKED PRACTICE · Charge, Ohm’s law, and power",RETAINED + INTEGRATED,Week 01 → CETa Lesson → Worked reasoning,Used in,supporting,YES,learn.html?week=1&stage=ceta-lesson&lesson=0&section=worked&from=media&media=organicChemTutorBasicCircuits,,"After watching, be able to explain or demonstrate: Practice V = IR, P = VI, Q = It, current as coulombs per second, conventional current versus electron flow, and dimensional/unit checks.",Existing Teaching Media assignment reconciled to the strongest current instructional section.
1,oshaDriverSafety,oshaDriverSafety,Motor Vehicle Safety — Driver Safety Training,U.S. Occupational Safety and Health Administration,Government work-vehicle safety training,Required · Service/work-vehicle safety,RETAINED + INTEGRATED,"Week 01 → CETa Lesson → Ladders, service vehicles, and fire classes",Taught in,required,YES,learn.html?week=1&stage=ceta-lesson&lesson=0&section=concept-16&from=media&media=oshaDriverSafety,,"After using this resource, be able to explain or apply: Treat vehicle inspection and backing as technician safety tasks, not merely transportation details.",Existing Teaching Media assignment reconciled to the strongest current instructional section.
1,oshaElectricalStandardsTrainer,oshaElectricalStandardsTrainer,"Electrical Safety Trainer Guide — NEC, NFPA 70E, and Safe Electrical Work Context",U.S. Occupational Safety and Health Administration,Government electrical-safety training guide,Required · NEC/NFPA electrical-safety context,RETAINED + INTEGRATED,"Week 01 → CETa Lesson → NEC awareness, overcurrent protection, and lockout/tagout",Taught in,required,YES,learn.html?week=1&stage=ceta-lesson&lesson=0&section=concept-13&from=media&media=oshaElectricalStandardsTrainer,"Taught in: Week 09 → CETa Lesson → Power-supply hazards, transformer versus line-connected supplies, and protection [learn.html?week=9&stage=ceta-lesson&lesson=0&section=concept-4&from=media&media=oshaElectricalStandardsTrainer]","After using this reference, be able to locate, explain, or apply: Do not confuse an installation code with energized-work authorization; applicable adopted code, OSHA rules, employer procedures, and qualified-person requirements still govern field work.",Existing Teaching Media assignment reconciled to the strongest current instructional section.
1,oshaFiberLaserSafety,oshaFiberLaserSafety,OSHA Technical Manual — Optical Fiber Communication System Laser Safety,U.S. Occupational Safety and Health Administration,Government optical-fiber and laser safety guidance,Required · Fiber-optic/laser service hazard awareness,RETAINED + INTEGRATED,Week 01 → CETa Lesson → RF exposure and fiber-optic hazards,Taught in,required,YES,learn.html?week=1&stage=ceta-lesson&lesson=0&section=concept-15&from=media&media=oshaFiberLaserSafety,,"After using this resource, be able to explain or apply: Never inspect an unknown live fiber with the unaided eye or optical magnifier; treat service conditions differently from normal enclosed operation.",Existing Teaching Media assignment reconciled to the strongest current instructional section.
1,oshaFireExtinguisher,oshaFireExtinguisher,"Portable Fire Extinguishers — Basics, Classes, Selection, and Use",U.S. Occupational Safety and Health Administration,Government interactive fire-safety training,Required · Fire classes and extinguisher decision-making,RETAINED + INTEGRATED,"Week 01 → CETa Lesson → Ladders, service vehicles, and fire classes",Taught in,required,YES,learn.html?week=1&stage=ceta-lesson&lesson=0&section=concept-16&from=media&media=oshaFireExtinguisher,,"After using the interactive resource, be able to explain or demonstrate: Recognize Class C as energized-electrical equipment and choose a nonconductive extinguishing agent; preserve an evacuation path and evacuate when conditions exceed incipient-stage response.",Existing Teaching Media assignment reconciled to the strongest current instructional section.
1,oshaLadderSafety,oshaLadderSafety,Construction eTool — Ladder Safety,U.S. Occupational Safety and Health Administration,Government ladder-safety training,Required · Ladder and access safety,RETAINED + INTEGRATED,"Week 01 → CETa Lesson → Ladders, service vehicles, and fire classes",Taught in,required,YES,learn.html?week=1&stage=ceta-lesson&lesson=0&section=concept-16&from=media&media=oshaLadderSafety,,"After using this resource, be able to explain or apply: Use the correct ladder type and setup for the environment; maintain stable placement and recognize electrical hazards before climbing.",Existing Teaching Media assignment reconciled to the strongest current instructional section.
1,oshaLotoInteractive,oshaLotoInteractive,Lockout/Tagout Interactive Training Program,U.S. Occupational Safety and Health Administration,Government interactive safety tutorial and case studies,Required · Hazardous-energy control instruction,RETAINED + INTEGRATED,"Week 01 → CETa Lesson → NEC awareness, overcurrent protection, and lockout/tagout",Taught in,required,YES,learn.html?week=1&stage=ceta-lesson&lesson=0&section=concept-13&from=media&media=oshaLotoInteractive,,"After using the interactive resource, be able to explain or demonstrate: Distinguish de-energizing from verified isolation. Identify stored-energy hazards and the sequence required before service work.",Existing Teaching Media assignment reconciled to the strongest current instructional section.
1,oshaRfSafety,oshaRfSafety,Radiofrequency and Microwave Radiation — Hazards and Controls,U.S. Occupational Safety and Health Administration,Government RF hazard and control guidance,Required · RF/microwave hazard awareness,RETAINED + INTEGRATED,Week 01 → CETa Lesson → RF exposure and fiber-optic hazards,Taught in,required,YES,learn.html?week=1&stage=ceta-lesson&lesson=0&section=concept-15&from=media&media=oshaRfSafety,,"After using this resource, be able to explain or apply: Do not treat non-ionizing as harmless; risk depends on frequency, power density, geometry, and exposure conditions.",Existing Teaching Media assignment reconciled to the strongest current instructional section.
1,phetDC,phetDC,Circuit Construction Kit: DC — Virtual Lab,"PhET, University of Colorado Boulder",University simulation,Virtual route · Application,RETAINED + INTEGRATED,Week 01 → CETa Lesson → A circuit needs a closed path,Lab preparation for,optional,YES,learn.html?week=1&stage=ceta-lesson&lesson=0&section=concept-4&from=media&media=phetDC,"Lab preparation for: Week 02 → CETa Lesson → Series/parallel DC and AC networks, KCL/KVL, and resistive calculations [learn.html?week=2&stage=ceta-lesson&lesson=0&section=concept-9&from=media&media=phetDC]","After using the interactive resource, be able to explain or demonstrate: Use the simulation to test a written prediction rather than discover the rule by clicking.",Existing Teaching Media assignment reconciled to the strongest current instructional section.
2,aacKclKvl,aacKclKvl,"Ohm’s Law, Kirchhoff’s Laws, and Power Equations",All About Circuits,Engineering video tutorial with transcript,Required · Teaching tutorial,RETAINED + INTEGRATED,Week 02 → CETa Lesson → Kirchhoff turns conservation into two diagnostic rules,Taught in,required,YES,learn.html?week=2&stage=ceta-lesson&lesson=0&section=concept-2&from=media&media=aacKclKvl,,"After watching, be able to explain or demonstrate: Write signed KCL/KVL equations before substituting numbers.",Existing Teaching Media assignment reconciled to the strongest current instructional section.
2,aacMagnetismElectromagnetism,aacMagnetismElectromagnetism,Magnetism and Electromagnetism,North Seattle Community College / All About Circuits,College video lecture with transcript,Required · Electromagnetism foundation,RETAINED + INTEGRATED,Week 02 → CETa Lesson → Electromagnetism and induction,Used in,required,YES,learn.html?week=2&stage=ceta-lesson&lesson=0&section=concept-5&from=media&media=aacMagnetismElectromagnetism,,"After watching, be able to explain or demonstrate: Connect current direction to magnetic-field direction and explain why motors, generators, speakers, microphones, and magnetic components depend on electromagnetic interaction.",Existing Teaching Media assignment reconciled to the strongest current instructional section.
2,aacMeterLoading,aacMeterLoading,Voltmeter Impact on a Measured Circuit,All About Circuits,Engineering worked tutorial,Required · Worked tutorial,RETAINED + INTEGRATED,Week 02 → CETa Lesson → Loaded dividers reveal why measuring changes circuits,Demonstrated in,required,YES,learn.html?week=2&stage=ceta-lesson&lesson=0&section=concept-16&from=media&media=aacMeterLoading,,"After using this resource, be able to explain or apply: Replace the loaded leg with the correct parallel equivalent and recalculate Vout.",Existing Teaching Media assignment reconciled to the strongest current instructional section.
2,aacParallel,aacParallel,Parallel Circuits,North Seattle Community College / All About Circuits,College video lecture with transcript,Required · Teaching lecture,RETAINED + INTEGRATED,Week 02 → CETa Lesson → Topology determines what is shared,Used in,required,YES,learn.html?week=2&stage=ceta-lesson&lesson=0&section=concept-1&from=media&media=aacParallel,,"After watching, be able to explain or demonstrate: Use node identity rather than drawing shape to decide what is parallel.",Existing Teaching Media assignment reconciled to the strongest current instructional section.
2,aacSeries1,aacSeries1,Series Circuits — Part 1,North Seattle Community College / All About Circuits,College video lecture with transcript,Required · Teaching lecture,RETAINED + INTEGRATED,Week 02 → CETa Lesson → Topology determines what is shared,Taught in,required,YES,learn.html?week=2&stage=ceta-lesson&lesson=0&section=concept-1&from=media&media=aacSeries1,,"After watching, be able to explain or demonstrate: Identify the single current path before doing arithmetic.",Existing Teaching Media assignment reconciled to the strongest current instructional section.
2,aacSeriesDivider,aacSeriesDivider,Series Circuits — Part 2: Voltage Divider Equation,North Seattle Community College / All About Circuits,College video lecture with transcript,Required · Teaching lecture,RETAINED + INTEGRATED,Week 02 → CETa Lesson → A divider is only ideal when the load is negligible,Demonstrated in,required,YES,learn.html?week=2&stage=ceta-lesson&lesson=0&section=concept-3&from=media&media=aacSeriesDivider,,"After watching, be able to explain or demonstrate: Derive from series current rather than memorizing an isolated ratio.",Existing Teaching Media assignment reconciled to the strongest current instructional section.
2,aacTroubleshootSeriesParallel,aacTroubleshootSeriesParallel,Troubleshooting Series-Parallel Circuits,North Seattle Community College / All About Circuits,College video lecture with transcript,Required · Technician application,RETAINED + INTEGRATED,Week 02 → Career Lesson → Fault patterns have structure,Demonstrated in,required,YES,learn.html?week=2&stage=career-lesson&lesson=1&section=career-w02-fault-patterns-have-structure&from=media&media=aacTroubleshootSeriesParallel,Demonstrated in: Week 05 → Career Lesson → Competing hypotheses make measurements useful [learn.html?week=5&stage=career-lesson&lesson=1&section=career-w05-competing-hypotheses-make-measurements-useful&from=media&media=aacTroubleshootSeriesParallel],"After watching, be able to explain or demonstrate: Write expected values first; measure only where the result shrinks the fault space.",Existing Teaching Media assignment reconciled to the strongest current instructional section.
2,mitPiezoLab,mitPiezoLab,Lab 9 — Piezoelectricity,MIT OpenCourseWare — Electrical Engineering and Computer Science,University video tutorial and physical-device exploration,Required · Piezoelectricity teaching/demo,RETAINED + INTEGRATED,Week 02 → CETa Lesson → Piezoelectric effect and technician applications,Demonstrated in,required,YES,learn.html?week=2&stage=ceta-lesson&lesson=0&section=concept-13&from=media&media=mitPiezoLab,,"After watching, be able to explain or demonstrate: Explain the conversion mechanism and identify where a piezo element is acting as a sensor, actuator, buzzer, igniter, or resonant device.",Existing Teaching Media assignment reconciled to the strongest current instructional section.
2,neetsGeneratorsMotors,neetsGeneratorsMotors,NEETS Module 5 — Introduction to Generators and Motors,U.S. Navy Electricity and Electronics Training Series,Technician self-study course with worked theory and review questions,Required · Motors and generators technician course,RETAINED + INTEGRATED,Week 02 → CETa Lesson → Motors and generators as reciprocal energy converters,Taught in,required,YES,learn.html?week=2&stage=ceta-lesson&lesson=0&section=concept-6&from=media&media=neetsGeneratorsMotors,,"After using this resource, be able to explain or apply: Explain the direction/energy conversion physically before memorizing machine types; distinguish generator action from motor action.",Existing Teaching Media assignment reconciled to the strongest current instructional section.
2,neetsWaveGeneration,neetsWaveGeneration,NEETS Module 9 — Introduction to Wave-Generation and Wave-Shaping,U.S. Navy Electricity and Electronics Training Series,"Technician self-study course with calculations, circuits, and review questions","Required · Oscillators, pulse circuits, tuned circuits, and wave-shaping course",RETAINED + INTEGRATED,"Week 02 → CETa Lesson → Filters, integrators/differentiators, and wave shaping",Taught in,required,YES,learn.html?week=2&stage=ceta-lesson&lesson=0&section=concept-12&from=media&media=neetsWaveGeneration,,"After using this resource, be able to explain or apply: Calculate resonant frequency, Q/bandwidth, pulse timing, and RC/RL time-constant effects; identify circuit behavior from cause/effect rather than waveform memorization.",Existing Teaching Media assignment reconciled to the strongest current instructional section.
2,phetDC,phetDC,Circuit Construction Kit: DC — Virtual Lab,"PhET, University of Colorado Boulder",University simulation,Virtual route · Application,RETAINED + INTEGRATED,"Week 02 → CETa Lesson → Series/parallel DC and AC networks, KCL/KVL, and resistive calculations",Lab preparation for,optional,YES,learn.html?week=2&stage=ceta-lesson&lesson=0&section=concept-9&from=media&media=phetDC,Lab preparation for: Week 01 → CETa Lesson → A circuit needs a closed path [learn.html?week=1&stage=ceta-lesson&lesson=0&section=concept-4&from=media&media=phetDC],"After using the interactive resource, be able to explain or demonstrate: Change one fault at a time and preserve before/after evidence.",Existing Teaching Media assignment reconciled to the strongest current instructional section.
2,tekPulseDutyCycle,tekSignalGenerator,What Is a Signal Generator? — Pulse Width and Duty Cycle,Tektronix,Test-equipment manufacturer instructional primer,Required · Pulse-width and duty-cycle calculation,RETAINED + INTEGRATED,"Week 02 → CETa Lesson → Sources, AC measures, duty cycle, pulse width, Ohm’s law, and power",Taught in,required,YES,learn.html?week=2&stage=ceta-lesson&lesson=0&section=concept-8&from=media&media=tekPulseDutyCycle,"Taught in: Week 03 → CETa Lesson → Signal generators, frequency counters, RCL substitution, and ESR meters [learn.html?week=3&stage=ceta-lesson&lesson=0&section=concept-5&from=media&media=tekSignalGenerator]","After using this resource, be able to explain or apply: Keep pulse width, period, frequency, and duty cycle as distinct quantities with units; verify time-domain measurements against calculated values.",Existing Teaching Media assignment reconciled to the strongest current instructional section.
2,tiPllFundamentals,tiPllFundamentals,TI Precision Labs — Phase-Locked Loop Fundamentals,Texas Instruments,Manufacturer video series,Required · Phase-locked-loop video series,RETAINED + INTEGRATED,"Week 02 → CETa Lesson → Oscillators, multivibrators, and phase-locked loops",Used in,required,YES,learn.html?week=2&stage=ceta-lesson&lesson=0&section=concept-10&from=media&media=tiPllFundamentals,,"After watching, be able to explain or demonstrate: Trace reference → phase/frequency comparison → loop filter → VCO → feedback divider and explain what lock means physically.",Existing Teaching Media assignment reconciled to the strongest current instructional section.
3,bkVariableIsolatedAc,bkVariableIsolatedAc,1655A Variable Isolated AC Power Supply — Isolation and Line-Variation Testing,B&K Precision,Manufacturer service-bench equipment reference,Required · Isolation-transformer/service-bench instruction,RETAINED + INTEGRATED,"Week 03 → CETa Lesson → Dummy loads, rheostats, isolation transformers, Variacs, and potentiometers",Used in,required,YES,learn.html?week=3&stage=ceta-lesson&lesson=0&section=concept-8&from=media&media=bkVariableIsolatedAc,"Used in: Week 09 → CETa Lesson → Power-supply hazards, transformer versus line-connected supplies, and protection [learn.html?week=9&stage=ceta-lesson&lesson=0&section=concept-4&from=media&media=bkVariableIsolatedAc]","After using this reference, be able to locate, explain, or apply: Isolation breaks the direct mains reference but does not make the secondary harmless; hazardous voltage, stored energy, current capability, and safe probing rules still apply.",Existing Teaching Media assignment reconciled to the strongest current instructional section.
3,digiKeyEsr70,digiKeyEsr70,Atlas ESR70 — Equivalent Series Resistance and Capacitor Testing,Peak Electronic Design / DigiKey,Manufacturer instrument guide,Required · ESR/capacitor-condition instruction,RETAINED + INTEGRATED,"Week 03 → CETa Lesson → Signal generators, frequency counters, RCL substitution, and ESR meters",Taught in,required,YES,learn.html?week=3&stage=ceta-lesson&lesson=0&section=concept-5&from=media&media=digiKeyEsr70,,"After using this reference, be able to locate, explain, or apply: Safely discharge capacitors first; compare ESR against component type/value expectations rather than using a universal pass/fail number.",Existing Teaching Media assignment reconciled to the strongest current instructional section.
3,digiKeyLcrMeter,digiKeyLcrMeter,How to Use an LCR Meter,B&K Precision / DigiKey,Manufacturer measurement demonstration video,Required · LCR measurement demonstration,RETAINED + INTEGRATED,"Week 03 → CETa Lesson → Signal generators, frequency counters, RCL substitution, and ESR meters",Demonstrated in,required,YES,learn.html?week=3&stage=ceta-lesson&lesson=0&section=concept-5&from=media&media=digiKeyLcrMeter,,"After watching, be able to explain or demonstrate: Do not treat a single L/C reading as context-free; note test frequency and series/parallel measurement model.",Existing Teaching Media assignment reconciled to the strongest current instructional section.
3,flukeMultimeterGuide,flukeMultimeterGuide,How to Use a Multimeter — Comprehensive Guide,Fluke,Manufacturer measurement guide,Required · DMM instruction,RETAINED + INTEGRATED,Week 03 → CETa Lesson → The DMM is several instruments sharing one display,Taught in,required,YES,learn.html?week=3&stage=ceta-lesson&lesson=0&section=concept-1&from=media&media=flukeMultimeterGuide,"Taught in: Week 01 → Career Lesson → Voltage, resistance, and current modes are different circuits [learn.html?week=1&stage=career-lesson&lesson=1&section=career-w01-voltage-resistance-and-current-modes-are-different-circuits&from=media&media=flukeMultimeterGuide] | Taught in: Week 09 → Career Lesson → Use rail behavior to distinguish source, regulator, and load faults [learn.html?week=9&stage=career-lesson&lesson=1&section=career-w09-use-rail-behavior-to-distinguish-source-regulator-and-load-faults&from=media&media=flukeMultimeterGuide] | Taught in: Week 24 → Career Lesson → Unpowered checks find cheap faults [learn.html?week=24&stage=career-lesson&lesson=1&section=career-w24-unpowered-checks-find-cheap-faults&from=media&media=flukeMultimeterGuide] | Taught in: Week 29 → CETa Lesson → Measurement setup is part of workmanship verification [learn.html?week=29&stage=ceta-lesson&lesson=0&section=concept-5&from=media&media=flukeMultimeterGuide]","After using this reference, be able to locate, explain, or apply: For every mode, state energized/de-energized condition, jack choice and series/parallel placement.",Existing Teaching Media assignment reconciled to the strongest current instructional section.
3,ietDecadeBoxes,ietDecadeBoxes,"Resistance, Capacitance, and Inductance Decade Boxes",IET Labs,Metrology manufacturer substitution-box reference,Required · R/C/L substitution and decade-box reference,RETAINED + INTEGRATED,"Week 03 → CETa Lesson → Signal generators, frequency counters, RCL substitution, and ESR meters",Used in,required,YES,learn.html?week=3&stage=ceta-lesson&lesson=0&section=concept-5&from=media&media=ietDecadeBoxes,,"After using this reference, be able to locate, explain, or apply: Stay within voltage/current/power/frequency limits and record the substituted value that restores or changes circuit behavior.",Existing Teaching Media assignment reconciled to the strongest current instructional section.
3,keysightBenchCvCc,keysightBenchCvCc,Bench Power Supply Basics — Constant Voltage and Constant Current Modes,Keysight Technologies,Manufacturer video lesson,Required · Focused manufacturer video,RETAINED + INTEGRATED,Week 03 → Career Lesson → Use the DMM and bench supply for slow or static evidence,Lab preparation for,required,YES,learn.html?week=3&stage=career-lesson&lesson=1&section=career-w03-use-the-dmm-and-bench-supply-for-slow-or-static-evidence&from=media&media=keysightBenchCvCc,Lab preparation for: Week 24 → Career Lesson → First power is a controlled experiment [learn.html?week=24&stage=career-lesson&lesson=1&section=career-w24-first-power-is-a-controlled-experiment&from=media&media=keysightBenchCvCc],"After watching, be able to explain or demonstrate: Explain why the supply changes mode and what that means about the load.",Existing Teaching Media assignment reconciled to the strongest current instructional section.
3,keysightBenchPowerCourse,keysightBenchPowerCourse,Bench Power Supply Basics,Keysight Technologies,Manufacturer video course,Required · Bench-supply video course,RETAINED + INTEGRATED,Week 03 → CETa Lesson → A bench supply has two interacting limits,Demonstrated in,required,YES,learn.html?week=3&stage=ceta-lesson&lesson=0&section=concept-2&from=media&media=keysightBenchPowerCourse,Lab preparation for: Week 01 → Career Lesson → Current limiting is a protective boundary and a diagnostic clue [learn.html?week=1&stage=career-lesson&lesson=1&section=career-w01-current-limiting-is-a-protective-boundary-and-a-diagnostic-clue&from=media&media=keysightBenchPowerCourse] | Lab preparation for: Week 23 → Career Lesson → Plan first power as a test case [learn.html?week=23&stage=career-lesson&lesson=1&section=career-w23-plan-first-power-as-a-test-case&from=media&media=keysightBenchPowerCourse],"After watching, be able to explain or demonstrate: Set voltage/current limit deliberately and predict whether the load should place the supply in CV or CC.",Existing Teaching Media assignment reconciled to the strongest current instructional section.
3,keysightElectronicLoadBasics,keysightElectronicLoadBasics,Electronic Load Fundamentals,Keysight Technologies,Manufacturer test-instrument white paper and training foundation,Required · Electronic/dummy-load instruction,RETAINED + INTEGRATED,Week 03 → CETa Lesson → A bench supply has two interacting limits,Taught in,required,YES,learn.html?week=3&stage=ceta-lesson&lesson=0&section=concept-2&from=media&media=keysightElectronicLoadBasics,,"After using this resource, be able to explain or apply: Check voltage/current/power limits and thermal capacity before connecting; distinguish a passive dummy load from an actively controlled electronic load.",Existing Teaching Media assignment reconciled to the strongest current instructional section.
3,neetsTestEquipment,neetsTestEquipment,NEETS Module 16 — Introduction to Test Equipment,U.S. Navy Electricity and Electronics Training Series,Technician self-study test-equipment course,Required · Technician test-equipment breadth course,RETAINED + INTEGRATED,"Week 03 → CETa Lesson → Signal generators, frequency counters, RCL substitution, and ESR meters",Taught in,required,YES,learn.html?week=3&stage=ceta-lesson&lesson=0&section=concept-5&from=media&media=neetsTestEquipment,Taught in: Week 11 → CETa Lesson → Logic pulser/probe digital signal tracing and fault isolation [learn.html?week=11&stage=ceta-lesson&lesson=0&section=concept-7&from=media&media=neetsTestEquipment],"After using this resource, be able to explain or apply: For every instrument, state what quantity it measures/generates, how it connects, what can damage it or the DUT, and what conclusion a reading can support.",Existing Teaching Media assignment reconciled to the strongest current instructional section.
3,rsSpectrumBasics,rsSpectrumBasics,Understanding Basic Spectrum Analyzer Operation,Rohde & Schwarz,Test-equipment manufacturer video,Required · Modern spectrum-analyzer reinforcement,RETAINED + INTEGRATED,Week 03 → CETa Lesson → Oscilloscope controls and spectrum analyzer operation,Demonstrated in,required,YES,learn.html?week=3&stage=ceta-lesson&lesson=0&section=concept-7&from=media&media=rsSpectrumBasics,Demonstrated in: Week 20 → Career Lesson → A spectrum analyzer shows signal energy versus frequency [learn.html?week=20&stage=career-lesson&lesson=1&section=career-w20-a-spectrum-analyzer-shows-signal-energy-versus-frequency&from=media&media=rsSpectrumBasics],"After watching, be able to explain or demonstrate: Choose a safe input level and explain what frequency-domain evidence adds beyond a time-domain oscilloscope view.",Existing Teaching Media assignment reconciled to the strongest current instructional section.
3,stacoVariableTransformer,stacoVariableTransformer,StacoVT Variable Transformer — Variable AC Voltage Control,Staco Energy Products,Variable-transformer manufacturer technical reference,Required · Variac/variable-transformer concept,RETAINED + INTEGRATED,"Week 03 → CETa Lesson → Dummy loads, rheostats, isolation transformers, Variacs, and potentiometers",Used in,required,YES,learn.html?week=3&stage=ceta-lesson&lesson=0&section=concept-8&from=media&media=stacoVariableTransformer,,"After using this reference, be able to locate, explain, or apply: A variable transformer controls voltage; do not assume it provides isolation unless the specific model is explicitly isolated. Identify the isolation function separately before any service procedure.",Existing Teaching Media assignment reconciled to the strongest current instructional section.
3,tekScopeSetup,tekScopeSetup,How to Use an Oscilloscope and Probe — Step-by-Step Tutorial,Tektronix,Manufacturer oscilloscope primer,Required · Manufacturer tutorial,RETAINED + INTEGRATED,"Week 03 → Career Lesson → Reference, grounding, loading, and bandwidth can change the result",Taught in,required,YES,learn.html?week=3&stage=career-lesson&lesson=1&section=career-w03-reference-grounding-loading-and-bandwidth-can-change-the-result&from=media&media=tekScopeSetup,Taught in: Week 29 → CETa Lesson → Measurement setup is part of workmanship verification [learn.html?week=29&stage=ceta-lesson&lesson=0&section=concept-5&from=media&media=tekScopeSetup],"After using this resource, be able to explain or apply: Treat probe ground as an electrical connection; verify attenuation/compensation and preserve settings.",Existing Teaching Media assignment reconciled to the strongest current instructional section.
3,tekScopeWebinar,tekScopeWebinar,How to Get the Most Out of Your Oscilloscope,Tektronix,Manufacturer video webinar,Required · Oscilloscope video instruction,RETAINED + INTEGRATED,Week 03 → CETa Lesson → An oscilloscope is a voltage-versus-time instrument,Demonstrated in,required,YES,learn.html?week=3&stage=ceta-lesson&lesson=0&section=concept-3&from=media&media=tekScopeWebinar,,"After watching, be able to explain or demonstrate: Set volts/div, time/div, coupling/reference and trigger from an expected signal instead of relying on Autoset.",Existing Teaching Media assignment reconciled to the strongest current instructional section.
3,tekSignalGenerator,tekSignalGenerator,What Is a Signal Generator?,Tektronix,Test-equipment manufacturer instructional primer,Required · Modern signal-generator instruction,RETAINED + INTEGRATED,"Week 03 → CETa Lesson → Signal generators, frequency counters, RCL substitution, and ESR meters",Taught in,required,YES,learn.html?week=3&stage=ceta-lesson&lesson=0&section=concept-5&from=media&media=tekSignalGenerator,"Taught in: Week 02 → CETa Lesson → Sources, AC measures, duty cycle, pulse width, Ohm’s law, and power [learn.html?week=2&stage=ceta-lesson&lesson=0&section=concept-8&from=media&media=tekPulseDutyCycle]","After using this resource, be able to explain or apply: Predict the intended DUT stimulus first and account for generator/source impedance and termination when comparing setpoint to measured amplitude.",Existing Teaching Media assignment reconciled to the strongest current instructional section.
4,aacBinaryConversion,aacBinaryConversion,"Binary Conversion — Binary, Decimal, and Hexadecimal",North Seattle Community College / All About Circuits,College video lecture with transcript,Required · Number-system teaching,REMOVED FROM TEACHING MEDIA,,,,,,,,Duplicate/misplaced Week 4 assignment. Binary conversion is actually taught and retained in Week 11.
4,aacBooleanPostulates,aacBooleanPostulates,Boolean Algebra — Postulates and Simplification,North Seattle Community College / All About Circuits,College video lecture with transcript,Required · Boolean-algebra foundation,REMOVED FROM TEACHING MEDIA,,,,,,,,Duplicate/misplaced Week 4 assignment. Boolean algebra is actually taught and retained in Week 11.
4,aacCapIndModern,aacCapIndModern,Capacitors and Capacitance vs. Inductors and Inductance,All About Circuits,Engineering video tutorial with transcript,Required · Teaching tutorial,RETAINED + INTEGRATED,Week 04 → CETa Lesson → Capacitors oppose instantaneous voltage change,Taught in,required,YES,learn.html?week=4&stage=ceta-lesson&lesson=0&section=concept-2&from=media&media=aacCapIndModern,,"After watching, be able to explain or demonstrate: State the continuity rule correctly: ideal capacitor voltage and ideal inductor current cannot change instantaneously.",Existing Teaching Media assignment reconciled to the strongest current instructional section.
4,aacDecibels,aacDecibels,Decibels — Amplifier Basics,North Seattle Community College / All About Circuits,College video lecture with worked dB calculations,Required · Decibel calculation teaching,RETAINED + INTEGRATED,Week 04 → CETa Lesson → Decibels and graphs as engineering representations,Used in,required,YES,learn.html?week=4&stage=ceta-lesson&lesson=0&section=concept-6&from=media&media=aacDecibels,Taught in: Week 10 → CETa Lesson → Gain is an input-to-output ratio with conditions [learn.html?week=10&stage=ceta-lesson&lesson=0&section=concept-1&from=media&media=aacDecibels],"After watching, be able to explain or demonstrate: Use 20 log10 for voltage/current ratios under the stated impedance assumptions and 10 log10 for power ratios; preserve sign for gain versus loss.",Existing Teaching Media assignment reconciled to the strongest current instructional section.
4,aacRcRl,aacRcRl,RC and RL Circuits,North Seattle Community College / All About Circuits,College video lecture with transcript,Required · Teaching lecture,RETAINED + INTEGRATED,Week 04 → CETa Lesson → Inductors oppose instantaneous current change,Used in,required,YES,learn.html?week=4&stage=ceta-lesson&lesson=0&section=concept-3&from=media&media=aacRcRl,Review of: Week 06 → CETa Lesson → Reactance is frequency-dependent opposition [learn.html?week=6&stage=ceta-lesson&lesson=0&section=concept-1&from=media&media=aacRcRl],"After watching, be able to explain or demonstrate: Draw/interpret phase relationships; do not add out-of-phase magnitudes as ordinary scalars.",Existing Teaching Media assignment reconciled to the strongest current instructional section.
4,aacRcTime1,aacRcTime1,RC Time Constants — Part 1: Pulse Circuit Response,North Seattle Community College / All About Circuits,College video lecture with transcript,Required · Teaching lecture,RETAINED + INTEGRATED,Week 04 → CETa Lesson → Capacitors oppose instantaneous voltage change,Demonstrated in,required,YES,learn.html?week=4&stage=ceta-lesson&lesson=0&section=concept-7&from=media&media=aacRcTime1,,"After watching, be able to explain or demonstrate: Predict one-tau ~63%, current decay, discharge polarity and ~five-tau settling.",Existing Teaching Media assignment reconciled to the strongest current instructional section.
4,aacRcTime2,aacRcTime2,RC Time Constants — Part 2: Circuit Waveforms,North Seattle Community College / All About Circuits,College video lecture with transcript,Required · Teaching lecture,RETAINED + INTEGRATED,Week 04 → CETa Lesson → Waveform vocabulary connects the time domain to measurements,Demonstrated in,required,YES,learn.html?week=4&stage=ceta-lesson&lesson=0&section=concept-9&from=media&media=aacRcTime2,,"After watching, be able to explain or demonstrate: Explain waveform shape from available charge/discharge time, not picture recognition.",Existing Teaching Media assignment reconciled to the strongest current instructional section.
4,aacSinusoidalSignals,aacSinusoidalSignals,Characteristics of Sinusoidal Signals,All About Circuits,Engineering video tutorial with transcript,Required · Teaching tutorial,RETAINED + INTEGRATED,Week 04 → CETa Lesson → A waveform needs both vertical and horizontal descriptions,Taught in,required,YES,learn.html?week=4&stage=ceta-lesson&lesson=0&section=concept-1&from=media&media=aacSinusoidalSignals,,"After watching, be able to explain or demonstrate: Label units, reference, amplitude convention, period, frequency and phase before interpretation.",Existing Teaching Media assignment reconciled to the strongest current instructional section.
4,aacSystemNotationsGraphs,aacSystemNotations,"System Notations — Linear, Logarithmic, and Polar Graphs",North Seattle Community College / All About Circuits,College video lecture with transcript,Required · Technical graph interpretation,RETAINED + INTEGRATED,Week 04 → CETa Lesson → Decibels and graphs as engineering representations,Taught in,required,YES,learn.html?week=4&stage=ceta-lesson&lesson=0&section=concept-6&from=media&media=aacSystemNotationsGraphs,Taught in: Week 13 → CETa Lesson → Each drawing answers a different question [learn.html?week=13&stage=ceta-lesson&lesson=0&section=concept-1&from=media&media=aacSystemNotations],"After watching, be able to explain or demonstrate: Identify axis quantity/unit/scale before reading a value; do not assume equal physical spacing means equal numeric increments on a log axis.",Existing Teaching Media assignment reconciled to the strongest current instructional section.
4,adiLtspice,adiLtspice,LTspice Getting Started,Analog Devices,Manufacturer video series,Virtual route · Application,RETAINED + INTEGRATED,Week 04 → Career Lesson → Time-domain and frequency-domain evidence describe the same network,Lab preparation for,optional,YES,learn.html?week=4&stage=career-lesson&lesson=1&section=career-w04-time-domain-and-frequency-domain-evidence-describe-the-same-network&from=media&media=adiLtspice,Lab preparation for: Week 06 → Career Lesson → Characterization starts with a model and a sweep plan [learn.html?week=6&stage=career-lesson&lesson=1&section=career-w06-characterization-starts-with-a-model-and-a-sweep-plan&from=media&media=adiLtspice],"After watching, be able to explain or demonstrate: Compare simulated 63% point and response trend to calculations.",Existing Teaching Media assignment reconciled to the strongest current instructional section.
4,khanEquationIsolation,khanEquationIsolation,Why We Do the Same Thing to Both Sides — Isolating a Variable,Khan Academy,Algebra video lesson with worked equations,Required · Formula/equation rearrangement foundation,RETAINED + INTEGRATED,"Week 04 → CETa Lesson → Core formulas, SI prefixes, NIST spelling exceptions, and scientific notation",Used in,required,YES,learn.html?week=4&stage=ceta-lesson&lesson=0&section=concept-4&from=media&media=khanEquationIsolation,,"After watching, be able to explain or demonstrate: Perform the same legal operation to both sides, track units, and substitute the result back into the original relationship as a check.",Existing Teaching Media assignment reconciled to the strongest current instructional section.
5,aacTroubleshootOpenShort,aacTroubleshootOpenShort,Troubleshooting Open and Shorted Series Circuits,North Seattle Community College / All About Circuits,College video lecture with transcript,Required · Teaching lecture,RETAINED + INTEGRATED,Week 05 → Career Lesson → Start with an observable failure statement,Demonstrated in,required,YES,learn.html?week=5&stage=career-lesson&lesson=1&section=career-w05-start-with-an-observable-failure-statement&from=media&media=aacTroubleshootOpenShort,,"After watching, be able to explain or demonstrate: Predict which voltages/currents change before measuring.",Existing Teaching Media assignment reconciled to the strongest current instructional section.
5,aacTroubleshootParallel,aacTroubleshootParallel,Troubleshooting Parallel Circuits,North Seattle Community College / All About Circuits,College video lecture with transcript,Required · Teaching lecture,RETAINED + INTEGRATED,Week 05 → Career Lesson → Let each measurement shrink the fault space,Demonstrated in,required,YES,learn.html?week=5&stage=career-lesson&lesson=1&section=career-w05-let-each-measurement-shrink-the-fault-space&from=media&media=aacTroubleshootParallel,,"After watching, be able to explain or demonstrate: Know the expected-good reading, minimize measurements and choose the best instrument.",Existing Teaching Media assignment reconciled to the strongest current instructional section.
5,aacTroubleshootSeries,aacTroubleshootSeries,Troubleshooting Series Circuits,North Seattle Community College / All About Circuits,College video lecture with transcript,Required · Teaching lecture,RETAINED + INTEGRATED,Week 05 → Career Lesson → Let each measurement shrink the fault space,Demonstrated in,required,YES,learn.html?week=5&stage=career-lesson&lesson=1&section=career-w05-let-each-measurement-shrink-the-fault-space&from=media&media=aacTroubleshootSeries,,"After watching, be able to explain or demonstrate: Recognize near-open/near-short behavior from voltage patterns.",Existing Teaching Media assignment reconciled to the strongest current instructional section.
5,aacTroubleshootSeriesParallel,aacTroubleshootSeriesParallel,Troubleshooting Series-Parallel Circuits,North Seattle Community College / All About Circuits,College video lecture with transcript,Required · Teaching lecture,RETAINED + INTEGRATED,Week 05 → Career Lesson → Competing hypotheses make measurements useful,Demonstrated in,required,YES,learn.html?week=5&stage=career-lesson&lesson=1&section=career-w05-competing-hypotheses-make-measurements-useful&from=media&media=aacTroubleshootSeriesParallel,Demonstrated in: Week 02 → Career Lesson → Fault patterns have structure [learn.html?week=2&stage=career-lesson&lesson=1&section=career-w02-fault-patterns-have-structure&from=media&media=aacTroubleshootSeriesParallel],"After watching, be able to explain or demonstrate: Choose test points because they split hypotheses.",Existing Teaching Media assignment reconciled to the strongest current instructional section.
5,aacTroubleshootingStrategies,aacTroubleshootingStrategies,Troubleshooting Strategies,North Seattle Community College / All About Circuits,College video lecture with transcript,Required · Teaching lecture,RETAINED + INTEGRATED,Week 05 → Career Lesson → Root cause requires verification after the fix,Demonstrated in,required,YES,learn.html?week=5&stage=career-lesson&lesson=1&section=career-w05-root-cause-requires-verification-after-the-fix&from=media&media=aacTroubleshootingStrategies,,"After watching, be able to explain or demonstrate: For each method, state what evidence confirms/rejects a hypothesis and what could mislead it.",Existing Teaching Media assignment reconciled to the strongest current instructional section.
5,etaFormula,etaFormula,Common Formulas,ETA International,Official reference,Required · Post-retrieval reference,RETAINED + INTEGRATED,Week 05 → CETa Lesson → Practice and misconceptions,Used in,required,YES,learn.html?week=5&stage=ceta-lesson&lesson=0&section=practice&from=media&media=etaFormula,Used in: Week 21 → CETa Lesson → Use a compact scratch framework [learn.html?week=21&stage=ceta-lesson&lesson=0&section=concept-5&from=media&media=etaFormula],"After using this reference, be able to locate, explain, or apply: Do not convert mastery into recognition by reading the sheet first.",Existing Teaching Media assignment reconciled to the strongest current instructional section.
5,mitLabs,mitLabs,6.002 Laboratory Materials,MIT OpenCourseWare,University lab collection,Reference · Evidence model,RETAINED + INTEGRATED,Week 05 → Career Lesson → Verification is more than seeing the output once,Used in,supporting,YES,learn.html?week=5&stage=career-lesson&lesson=1&section=career-w05-verification-is-more-than-seeing-the-output-once&from=media&media=mitLabs,,"After using this reference, be able to locate, explain, or apply: Identify what makes a result reproducible and defensible.",Existing Teaching Media assignment reconciled to the strongest current instructional section.
6,aacRcRl,aacRcRl,RC and RL Circuits,North Seattle Community College / All About Circuits,College video lecture with transcript,Required · Reactance/phase teaching,RETAINED + INTEGRATED,Week 06 → CETa Lesson → Reactance is frequency-dependent opposition,Review of,required,YES,learn.html?week=6&stage=ceta-lesson&lesson=0&section=concept-1&from=media&media=aacRcRl,Used in: Week 04 → CETa Lesson → Inductors oppose instantaneous current change [learn.html?week=4&stage=ceta-lesson&lesson=0&section=concept-3&from=media&media=aacRcRl],"After watching, be able to explain or demonstrate: State the direction of XC and XL change with frequency and identify leading/lagging relationships before calculation.",Existing Teaching Media assignment reconciled to the strongest current instructional section.
6,aacResonantFilters,aacResonantFilters,Resonant Filters,All About Circuits,Engineering textbook tutorial with SPICE examples,Required · Resonance/filter teaching,RETAINED + INTEGRATED,Week 06 → CETa Lesson → Resonance and transformation are controlled relationships,Taught in,required,YES,learn.html?week=6&stage=ceta-lesson&lesson=0&section=concept-3&from=media&media=aacResonantFilters,,"After using this resource, be able to explain or apply: Distinguish series-resonant minimum impedance from parallel-resonant maximum impedance and relate both to the frequency response.",Existing Teaching Media assignment reconciled to the strongest current instructional section.
6,aacSeriesRlc,aacSeriesRlc,"Series R, L, and C — Reactance and Impedance",All About Circuits,Engineering textbook tutorial,Required · Impedance worked tutorial,RETAINED + INTEGRATED,Week 06 → CETa Lesson → Resonance is cancellation of opposite reactances,Demonstrated in,required,YES,learn.html?week=6&stage=ceta-lesson&lesson=0&section=concept-6&from=media&media=aacSeriesRlc,,"After using this resource, be able to explain or apply: Calculate XL/XC first, combine impedance correctly, and connect total impedance to current and phase.",Existing Teaching Media assignment reconciled to the strongest current instructional section.
6,aacTransformerPart1,aacTransformerPart1,Transformers (Part 1),North Seattle Community College / All About Circuits,College video lecture,Required · Transformer teaching,RETAINED + INTEGRATED,Week 06 → CETa Lesson → Resonance and transformation are controlled relationships,Taught in,required,YES,learn.html?week=6&stage=ceta-lesson&lesson=0&section=concept-3&from=media&media=aacTransformerPart1,,"After watching, be able to explain or demonstrate: Relate Np/Ns to voltage ratio and explain why current changes in the opposite direction for an ideal transformer.",Existing Teaching Media assignment reconciled to the strongest current instructional section.
6,adiLtspice,adiLtspice,LTspice Getting Started,Analog Devices,Manufacturer video series,Required · Frequency-response application,RETAINED + INTEGRATED,Week 06 → Career Lesson → Characterization starts with a model and a sweep plan,Lab preparation for,required,YES,learn.html?week=6&stage=career-lesson&lesson=1&section=career-w06-characterization-starts-with-a-model-and-a-sweep-plan&from=media&media=adiLtspice,Lab preparation for: Week 04 → Career Lesson → Time-domain and frequency-domain evidence describe the same network [learn.html?week=4&stage=career-lesson&lesson=1&section=career-w04-time-domain-and-frequency-domain-evidence-describe-the-same-network&from=media&media=adiLtspice],"After watching, be able to explain or demonstrate: Record sweep range, source amplitude, resonant/cutoff frequencies and magnitude/phase changes.",Existing Teaching Media assignment reconciled to the strongest current instructional section.
7,aacBjtIntro,aacBjtIntro,Bipolar Transistors — Introduction,North Seattle Community College / All About Circuits,College video lecture with transcript,Required · BJT family instruction,RETAINED + INTEGRATED,"Week 07 → CETa Lesson → Transistors: BJT, JFET, MOSFET, CMOS, IGBT, and Darlington behavior",Taught in,required,YES,learn.html?week=7&stage=ceta-lesson&lesson=0&section=concept-7&from=media&media=aacBjtIntro,Taught in: Week 08 → CETa Lesson → A BJT is controlled by base current [learn.html?week=8&stage=ceta-lesson&lesson=0&section=concept-2&from=media&media=aacBjtIntro],"After watching, be able to explain or demonstrate: Keep device polarity and terminal identification explicit; do not treat a BJT as interchangeable with a MOSFET.",Existing Teaching Media assignment reconciled to the strongest current instructional section.
7,aacCapacitorsPart1,aacCapacitorsPart1,"Capacitors (Part 1) — Construction, Charge, Capacitance, and Q=CV",North Seattle Community College / All About Circuits,College video lecture with transcript,Required · Capacitor construction/calculation video,RETAINED + INTEGRATED,"Week 07 → CETa Lesson → Capacitors: type, variable capacitance, charge, and coulombs",Taught in,required,YES,learn.html?week=7&stage=ceta-lesson&lesson=0&section=concept-5&from=media&media=aacCapacitorsPart1,,"After watching, be able to explain or demonstrate: Distinguish charge Q, capacitance C and voltage V; explain what geometry/dielectric changes do to capacitance.",Existing Teaching Media assignment reconciled to the strongest current instructional section.
7,aacCapacitorsPart2,aacCapacitorsPart2,"Capacitors (Part 2) — Current Flow, Types, Polarity, and Ratings",North Seattle Community College / All About Circuits,College video lecture with transcript,Required · Capacitor type/rating video,RETAINED + INTEGRATED,"Week 07 → CETa Lesson → Capacitors: type, variable capacitance, charge, and coulombs",Used in,required,YES,learn.html?week=7&stage=ceta-lesson&lesson=0&section=concept-5&from=media&media=aacCapacitorsPart2,,"After watching, be able to explain or demonstrate: Treat polarity and voltage rating as safety/reliability constraints; do not infer dielectric technology from package appearance alone.",Existing Teaching Media assignment reconciled to the strongest current instructional section.
7,aacCmosGateCircuitry,aacCmosGateCircuitry,CMOS Gate Circuitry,All About Circuits,Engineering textbook tutorial,Required · CMOS device-family instruction,RETAINED + INTEGRATED,"Week 07 → CETa Lesson → Transistors: BJT, JFET, MOSFET, CMOS, IGBT, and Darlington behavior",Taught in,required,YES,learn.html?week=7&stage=ceta-lesson&lesson=0&section=concept-7&from=media&media=aacCmosGateCircuitry,Taught in: Week 11 → Career Lesson → Unconnected inputs do not have a reliable state [learn.html?week=11&stage=career-lesson&lesson=1&section=career-w11-unconnected-inputs-do-not-have-a-reliable-state&from=media&media=aacCmosGateCircuitry],"After using this resource, be able to explain or apply: Recognize floating-input behavior and family-specific logic-voltage limits rather than assuming ideal 0/5 V logic.",Existing Teaching Media assignment reconciled to the strongest current instructional section.
7,aacComponentResistors,aacComponentResistors,Electronic Components — Resistors,North Seattle Community College / All About Circuits,College video lecture with transcript,Required · Component-identification video,RETAINED + INTEGRATED,"Week 07 → CETa Lesson → Resistor families, markings, thermistors, and potentiometers",Demonstrated in,required,YES,learn.html?week=7&stage=ceta-lesson&lesson=0&section=concept-4&from=media&media=aacComponentResistors,,"After watching, be able to explain or demonstrate: Identify value, tolerance, power implications and variable-resistor terminal use from the physical part rather than schematic symbol alone.",Existing Teaching Media assignment reconciled to the strongest current instructional section.
7,aacDarlington,aacDarlington,Darlington Pair — Compound BJT Current Gain,All About Circuits,Engineering textbook tutorial within common-collector amplifiers,Required · Darlington family instruction,RETAINED + INTEGRATED,"Week 07 → CETa Lesson → Transistors: BJT, JFET, MOSFET, CMOS, IGBT, and Darlington behavior",Taught in,required,YES,learn.html?week=7&stage=ceta-lesson&lesson=0&section=concept-7&from=media&media=aacDarlington,Used in: Week 08 → CETa Lesson → A BJT is controlled by base current [learn.html?week=8&stage=ceta-lesson&lesson=0&section=concept-2&from=media&media=aacDarlington],"After using this resource, be able to explain or apply: Recognize that higher compound gain does not remove saturation-voltage, speed or power limits.",Existing Teaching Media assignment reconciled to the strongest current instructional section.
7,aacDiac,aacDiac,The DIAC,All About Circuits,Engineering textbook tutorial,Required · DIAC instruction,RETAINED + INTEGRATED,Week 07 → CETa Lesson → SCR/DIAC/TRIAC and diode families,Taught in,required,YES,learn.html?week=7&stage=ceta-lesson&lesson=0&section=concept-8&from=media&media=aacDiac,Taught in: Week 08 → CETa Lesson → Thyristors and specialized diodes have specific triggering behavior [learn.html?week=8&stage=ceta-lesson&lesson=0&section=concept-6&from=media&media=aacDiac],"After using this resource, be able to explain or apply: Distinguish the DIAC trigger role from the TRIAC power-control role.",Existing Teaching Media assignment reconciled to the strongest current instructional section.
7,aacElectromagneticInduction,aacElectromagneticInduction,Electromagnetic Induction,All About Circuits,Engineering textbook tutorial,Required · Generator/transformer foundation,RETAINED + INTEGRATED,Week 07 → CETa Lesson → Electricity and magnetism convert energy in both directions,Taught in,required,YES,learn.html?week=7&stage=ceta-lesson&lesson=0&section=concept-2&from=media&media=aacElectromagneticInduction,,"After using this resource, be able to explain or apply: Connect flux change to induced voltage and use the concept to explain generator and transformer action.",Existing Teaching Media assignment reconciled to the strongest current instructional section.
7,aacElectromagnetism,aacElectromagnetism,Electromagnetism,All About Circuits,Engineering textbook tutorial,Required · Magnetism/relay foundation,RETAINED + INTEGRATED,Week 07 → CETa Lesson → Electricity and magnetism convert energy in both directions,Taught in,required,YES,learn.html?week=7&stage=ceta-lesson&lesson=0&section=concept-2&from=media&media=aacElectromagnetism,,"After using this resource, be able to explain or apply: Use the right-hand rule and explain why more turns/current increase magnetomotive force.",Existing Teaching Media assignment reconciled to the strongest current instructional section.
7,aacElectronicComponents,aacElectronicComponents,Electronic Components,North Seattle Community College / All About Circuits,College video lecture with transcript,Required · Relay/switch/component teaching,RETAINED + INTEGRATED,Week 07 → CETa Lesson → Relays separate coil control from switched contacts,Used in,required,YES,learn.html?week=7&stage=ceta-lesson&lesson=0&section=concept-3&from=media&media=aacElectronicComponents,,"After watching, be able to explain or demonstrate: Trace the coil and contact states separately and distinguish normal/de-energized state from energized state.",Existing Teaching Media assignment reconciled to the strongest current instructional section.
7,aacIgbt,aacIgbt,Insulated-Gate Bipolar Transistors (IGBTs),All About Circuits,Engineering textbook tutorial,Required · IGBT family instruction,RETAINED + INTEGRATED,"Week 07 → CETa Lesson → Transistors: BJT, JFET, MOSFET, CMOS, IGBT, and Darlington behavior",Taught in,required,YES,learn.html?week=7&stage=ceta-lesson&lesson=0&section=concept-7&from=media&media=aacIgbt,Used in: Week 08 → CETa Lesson → A MOSFET is controlled by gate-to-source voltage [learn.html?week=8&stage=ceta-lesson&lesson=0&section=concept-3&from=media&media=aacIgbt],"After using this resource, be able to explain or apply: Classify it separately from a MOSFET or BJT and use current datasheets for switching/thermal limits.",Existing Teaching Media assignment reconciled to the strongest current instructional section.
7,aacInductorsPart2,aacInductorsPart2,Inductors (Part 2) — Types and Applications,North Seattle Community College / All About Circuits,College video lecture with transcript,Required · Inductor types/application video,RETAINED + INTEGRATED,"Week 07 → CETa Lesson → Inductors and transformers: construction, cores, turns, and laminations",Taught in,required,YES,learn.html?week=7&stage=ceta-lesson&lesson=0&section=concept-6&from=media&media=aacInductorsPart2,,"After watching, be able to explain or demonstrate: Connect core/application choice to inductance, reactance and unwanted RF behavior rather than treating every coil as interchangeable.",Existing Teaching Media assignment reconciled to the strongest current instructional section.
7,aacIntroICs,aacIntroICs,Introduction to Integrated Circuits (ICs),All About Circuits,Engineering video tutorial,Required · IC construction/package video,RETAINED + INTEGRATED,Week 07 → CETa Lesson → Integrated circuits and relay types including solid-state relays,Taught in,required,YES,learn.html?week=7&stage=ceta-lesson&lesson=0&section=concept-9&from=media&media=aacIntroICs,,"After watching, be able to explain or demonstrate: Separate the silicon die/circuit from the external package and recognize that package style does not define function.",Existing Teaching Media assignment reconciled to the strongest current instructional section.
7,aacJfet,aacJfet,Junction Field-Effect Transistors (JFET),North Seattle Community College / All About Circuits,College video lecture with transcript,Required · JFET family instruction,RETAINED + INTEGRATED,"Week 07 → CETa Lesson → Transistors: BJT, JFET, MOSFET, CMOS, IGBT, and Darlington behavior",Used in,required,YES,learn.html?week=7&stage=ceta-lesson&lesson=0&section=concept-7&from=media&media=aacJfet,Used in: Week 08 → CETa Lesson → BJT and FET devices control current differently [learn.html?week=8&stage=ceta-lesson&lesson=0&section=concept-5&from=media&media=aacJfet],"After watching, be able to explain or demonstrate: Contrast JFET junction-gate control with insulated-gate MOSFET behavior.",Existing Teaching Media assignment reconciled to the strongest current instructional section.
7,aacMosfetLecture,aacMosfetLecture,MOSFETs — MOS Field Effect Transistors,North Seattle Community College / All About Circuits,College video lecture with transcript,Required · MOSFET/CMOS family instruction,RETAINED + INTEGRATED,"Week 07 → CETa Lesson → Transistors: BJT, JFET, MOSFET, CMOS, IGBT, and Darlington behavior",Used in,required,YES,learn.html?week=7&stage=ceta-lesson&lesson=0&section=concept-7&from=media&media=aacMosfetLecture,Taught in: Week 08 → CETa Lesson → A MOSFET is controlled by gate-to-source voltage [learn.html?week=8&stage=ceta-lesson&lesson=0&section=concept-3&from=media&media=aacMosfetLecture],"After watching, be able to explain or demonstrate: Do not confuse VGS(th) with a guaranteed fully enhanced low RDS(on) operating point.",Existing Teaching Media assignment reconciled to the strongest current instructional section.
7,aacPassiveComponents,aacPassiveComponents,"Passive, Active, and Electromechanical Components",All About Circuits,Engineering video tutorial,Required · Component-family teaching,RETAINED + INTEGRATED,Week 07 → CETa Lesson → A part name does not establish suitability,Taught in,required,YES,learn.html?week=7&stage=ceta-lesson&lesson=0&section=concept-1&from=media&media=aacPassiveComponents,,"After watching, be able to explain or demonstrate: Identify resistor/capacitor/inductor/transformer/sensor/switch/connector/motor/generator roles from function, not appearance alone.",Existing Teaching Media assignment reconciled to the strongest current instructional section.
7,aacResistorTypes,aacResistorTypes,"Resistor Types — Thermistors, Photoresistors, Potentiometers, and Construction",All About Circuits,Engineering textbook tutorial,Required · Specialty-resistor reference,RETAINED + INTEGRATED,"Week 07 → CETa Lesson → Resistor families, markings, thermistors, and potentiometers",Used in,required,YES,learn.html?week=7&stage=ceta-lesson&lesson=0&section=concept-4&from=media&media=aacResistorTypes,,"After using this reference, be able to locate, explain, or apply: Separate a fixed resistor from a sensor-dependent resistor and explain what physical quantity changes its resistance.",Existing Teaching Media assignment reconciled to the strongest current instructional section.
7,aacSpecialPurposeDiodes,aacSpecialPurposeDiodes,Special-Purpose Diodes — Schottky and Other Device Types,All About Circuits,Engineering textbook tutorial,Required · Special-diode family instruction,RETAINED + INTEGRATED,Week 07 → CETa Lesson → SCR/DIAC/TRIAC and diode families,Taught in,required,YES,learn.html?week=7&stage=ceta-lesson&lesson=0&section=concept-8&from=media&media=aacSpecialPurposeDiodes,Taught in: Week 08 → CETa Lesson → Thyristors and specialized diodes have specific triggering behavior [learn.html?week=8&stage=ceta-lesson&lesson=0&section=concept-6&from=media&media=aacSpecialPurposeDiodes],"After using this resource, be able to explain or apply: Compare forward drop, switching/recovery and application rather than memorizing names only.",Existing Teaching Media assignment reconciled to the strongest current instructional section.
7,aacSsrBasics,aacSsrBasics,The Basics of SSRs (Solid-State Relays),All About Circuits,Engineering technical article,Required · Solid-state relay teaching,RETAINED + INTEGRATED,Week 07 → CETa Lesson → Integrated circuits and relay types including solid-state relays,Taught in,required,YES,learn.html?week=7&stage=ceta-lesson&lesson=0&section=concept-9&from=media&media=aacSsrBasics,,"After using this resource, be able to explain or apply: Check output device/type, leakage/on-state loss and whether the load is AC or DC before selecting an SSR.",Existing Teaching Media assignment reconciled to the strongest current instructional section.
7,aacTriac,aacTriac,The TRIAC,All About Circuits,Engineering textbook tutorial,Required · TRIAC/SCR-family instruction,RETAINED + INTEGRATED,Week 07 → CETa Lesson → SCR/DIAC/TRIAC and diode families,Taught in,required,YES,learn.html?week=7&stage=ceta-lesson&lesson=0&section=concept-8&from=media&media=aacTriac,Taught in: Week 08 → CETa Lesson → Thyristors and specialized diodes have specific triggering behavior [learn.html?week=8&stage=ceta-lesson&lesson=0&section=concept-6&from=media&media=aacTriac],"After using this resource, be able to explain or apply: Recognize latching/holding behavior and why AC control differs from a simple transistor switch.",Existing Teaching Media assignment reconciled to the strongest current instructional section.
7,aacZener,aacZener,Special Diodes — Zener Diodes,North Seattle Community College / All About Circuits,College video lecture with transcript,Required · Zener diode instruction,RETAINED + INTEGRATED,Week 07 → CETa Lesson → SCR/DIAC/TRIAC and diode families,Used in,required,YES,learn.html?week=7&stage=ceta-lesson&lesson=0&section=concept-8&from=media&media=aacZener,Used in: Week 08 → CETa Lesson → Thyristors and specialized diodes have specific triggering behavior [learn.html?week=8&stage=ceta-lesson&lesson=0&section=concept-6&from=media&media=aacZener],"After watching, be able to explain or demonstrate: Keep ordinary forward conduction distinct from controlled reverse-breakdown use.",Existing Teaching Media assignment reconciled to the strongest current instructional section.
7,digiKeyDatasheet,digiKeyDatasheet,How To Read A Datasheet — Electronics with Becky Stern,DigiKey Electronics,Industry instructional video,Required · Ratings/datasheet teaching,RETAINED + INTEGRATED,Week 07 → Career Lesson → Read the datasheet in a risk-first order,Taught in,required,YES,learn.html?week=7&stage=career-lesson&lesson=1&section=career-w07-read-the-datasheet-in-a-risk-first-order&from=media&media=digiKeyDatasheet,Taught in: Week 08 → Career Lesson → Start from the load and work backward [learn.html?week=8&stage=career-lesson&lesson=1&section=career-w08-start-from-the-load-and-work-backward&from=media&media=digiKeyDatasheet] | Demonstrated in: Week 13 → CETa Lesson → A datasheet is conditional evidence [learn.html?week=13&stage=ceta-lesson&lesson=0&section=concept-3&from=media&media=digiKeyDatasheet] | Lab preparation for: Week 18 → Career Lesson → Translate one I²C datasheet into a wiring and transaction contract [learn.html?week=18&stage=career-lesson&lesson=1&section=career-w18-translate-one-i2c-datasheet-into-a-wiring-and-transaction-contract&from=media&media=digiKeyDatasheet],"After watching, be able to explain or demonstrate: Separate absolute maximum ratings from normal operating conditions and cite the exact table/graph used.",Existing Teaching Media assignment reconciled to the strongest current instructional section.
7,neetsSolidStateDevices,neetsSolidStateDevices,NEETS Module 7 — Introduction to Solid-State Devices and Power Supplies,U.S. Navy Electricity and Electronics Training Series / Historic Naval Ships Association,Technician self-study manual,Required · Semiconductor-family map,RETAINED + INTEGRATED,"Week 07 → CETa Lesson → Transistors: BJT, JFET, MOSFET, CMOS, IGBT, and Darlington behavior",Taught in,required,YES,learn.html?week=7&stage=ceta-lesson&lesson=0&section=concept-7&from=media&media=neetsSolidStateDevices,Taught in: Week 08 → CETa Lesson → BJT and FET devices control current differently [learn.html?week=8&stage=ceta-lesson&lesson=0&section=concept-5&from=media&media=neetsSolidStateDevices] | Used in: Week 09 → CETa Lesson → Linear supplies move through recognizable blocks [learn.html?week=9&stage=ceta-lesson&lesson=0&section=concept-8&from=media&media=neetsSolidStateDevices],"After using this resource, be able to explain or apply: Identify device role, terminals/control mechanism, polarity/directionality and the evidence needed before substitution.",Existing Teaching Media assignment reconciled to the strongest current instructional section.
7,tiInductiveLoads,tiInductiveLoads,Driving inductive loads with power switches,Texas Instruments,Manufacturer training video,Required · Relay/solenoid switching,RETAINED + INTEGRATED,Week 07 → Career Lesson → A relay coil is an inductive load,Demonstrated in,required,YES,learn.html?week=7&stage=career-lesson&lesson=1&section=career-w07-a-relay-coil-is-an-inductive-load&from=media&media=tiInductiveLoads,,"After watching, be able to explain or demonstrate: Predict polarity reversal and identify the safe current-decay path.",Existing Teaching Media assignment reconciled to the strongest current instructional section.
7,tiMotorTypes,tiMotorTypes,Motor types,Texas Instruments,Manufacturer training video,Required · Motor-family overview,RETAINED + INTEGRATED,Week 07 → CETa Lesson → Relays and machines convert electrical and magnetic behavior into motion,Demonstrated in,required,YES,learn.html?week=7&stage=ceta-lesson&lesson=0&section=concept-12&from=media&media=tiMotorTypes,,"After watching, be able to explain or demonstrate: Identify what is being commutated and how the drive method differs by motor family.",Existing Teaching Media assignment reconciled to the strongest current instructional section.
7,tiTransformers2026,tiTransformers2026,Transformers introduction,Texas Instruments / University of Texas at Austin,University-industry video lecture,Required · Real transformer behavior,RETAINED + INTEGRATED,"Week 07 → CETa Lesson → Transformers couple magnetic flux, not DC continuity",Demonstrated in,required,YES,learn.html?week=7&stage=ceta-lesson&lesson=0&section=concept-11&from=media&media=tiTransformers2026,,"After watching, be able to explain or demonstrate: Separate ideal turns-ratio behavior from nonideal magnetic effects.",Existing Teaching Media assignment reconciled to the strongest current instructional section.
8,aacBjtIntro,aacBjtIntro,Bipolar Transistors — Introduction,North Seattle Community College / All About Circuits,College video lecture with transcript,Required · BJT teaching,RETAINED + INTEGRATED,Week 08 → CETa Lesson → A BJT is controlled by base current,Taught in,required,YES,learn.html?week=8&stage=ceta-lesson&lesson=0&section=concept-2&from=media&media=aacBjtIntro,"Taught in: Week 07 → CETa Lesson → Transistors: BJT, JFET, MOSFET, CMOS, IGBT, and Darlington behavior [learn.html?week=7&stage=ceta-lesson&lesson=0&section=concept-7&from=media&media=aacBjtIntro]","After watching, be able to explain or demonstrate: Identify emitter/base/collector and distinguish NPN from PNP orientation/bias.",Existing Teaching Media assignment reconciled to the strongest current instructional section.
8,aacDarlington,aacDarlington,Darlington Pair — Compound BJT Current Gain,All About Circuits,Engineering textbook tutorial within common-collector amplifiers,Required · Darlington family reference,RETAINED + INTEGRATED,Week 08 → CETa Lesson → A BJT is controlled by base current,Used in,required,YES,learn.html?week=8&stage=ceta-lesson&lesson=0&section=concept-2&from=media&media=aacDarlington,"Taught in: Week 07 → CETa Lesson → Transistors: BJT, JFET, MOSFET, CMOS, IGBT, and Darlington behavior [learn.html?week=7&stage=ceta-lesson&lesson=0&section=concept-7&from=media&media=aacDarlington]","After using this reference, be able to locate, explain, or apply: Recognize a Darlington as a compound BJT structure and account for its larger effective base-emitter drop in practical circuits.",Existing Teaching Media assignment reconciled to the strongest current instructional section.
8,aacDiac,aacDiac,The DIAC,All About Circuits,Engineering textbook tutorial,Required · DIAC teaching,RETAINED + INTEGRATED,Week 08 → CETa Lesson → Thyristors and specialized diodes have specific triggering behavior,Taught in,required,YES,learn.html?week=8&stage=ceta-lesson&lesson=0&section=concept-6&from=media&media=aacDiac,Taught in: Week 07 → CETa Lesson → SCR/DIAC/TRIAC and diode families [learn.html?week=7&stage=ceta-lesson&lesson=0&section=concept-8&from=media&media=aacDiac],"After using this resource, be able to explain or apply: Distinguish DIAC breakover triggering from a gated SCR/TRIAC control terminal.",Existing Teaching Media assignment reconciled to the strongest current instructional section.
8,aacDiodeCharacteristics,aacDiodeCharacteristics,Diode Characteristics — Diode and Diode Circuits,North Seattle Community College / All About Circuits,College video lecture with transcript,Required · Diode teaching,RETAINED + INTEGRATED,Week 08 → CETa Lesson → A diode is directional but not an ideal check valve,Taught in,required,YES,learn.html?week=8&stage=ceta-lesson&lesson=0&section=concept-1&from=media&media=aacDiodeCharacteristics,,"After watching, be able to explain or demonstrate: Predict current path and polarity before calculating or measuring.",Existing Teaching Media assignment reconciled to the strongest current instructional section.
8,aacIgbt,aacIgbt,Insulated-Gate Bipolar Transistors (IGBTs),All About Circuits,Engineering textbook tutorial,Required · IGBT family reference,RETAINED + INTEGRATED,Week 08 → CETa Lesson → A MOSFET is controlled by gate-to-source voltage,Used in,required,YES,learn.html?week=8&stage=ceta-lesson&lesson=0&section=concept-3&from=media&media=aacIgbt,"Taught in: Week 07 → CETa Lesson → Transistors: BJT, JFET, MOSFET, CMOS, IGBT, and Darlington behavior [learn.html?week=7&stage=ceta-lesson&lesson=0&section=concept-7&from=media&media=aacIgbt]","After using this reference, be able to locate, explain, or apply: Compare switching speed/conduction tradeoffs with MOSFET/BJT rather than treating IGBT as a drop-in substitute.",Existing Teaching Media assignment reconciled to the strongest current instructional section.
8,aacJfet,aacJfet,Junction Field-Effect Transistors (JFET),North Seattle Community College / All About Circuits,College video lecture with transcript,Required · JFET family video,RETAINED + INTEGRATED,Week 08 → CETa Lesson → BJT and FET devices control current differently,Used in,required,YES,learn.html?week=8&stage=ceta-lesson&lesson=0&section=concept-5&from=media&media=aacJfet,"Used in: Week 07 → CETa Lesson → Transistors: BJT, JFET, MOSFET, CMOS, IGBT, and Darlington behavior [learn.html?week=7&stage=ceta-lesson&lesson=0&section=concept-7&from=media&media=aacJfet]","After watching, be able to explain or demonstrate: Contrast voltage-controlled FET input behavior with BJT base-current control.",Existing Teaching Media assignment reconciled to the strongest current instructional section.
8,aacMosfetLecture,aacMosfetLecture,MOSFETs — MOS Field Effect Transistors,North Seattle Community College / All About Circuits,College video lecture with transcript,Required · MOSFET teaching,RETAINED + INTEGRATED,Week 08 → CETa Lesson → A MOSFET is controlled by gate-to-source voltage,Taught in,required,YES,learn.html?week=8&stage=ceta-lesson&lesson=0&section=concept-3&from=media&media=aacMosfetLecture,"Used in: Week 07 → CETa Lesson → Transistors: BJT, JFET, MOSFET, CMOS, IGBT, and Darlington behavior [learn.html?week=7&stage=ceta-lesson&lesson=0&section=concept-7&from=media&media=aacMosfetLecture]","After watching, be able to explain or demonstrate: Separate gate threshold from guaranteed low-resistance full-on operation.",Existing Teaching Media assignment reconciled to the strongest current instructional section.
8,aacSemiconductorBasics,aacSemiconductorBasics,Semiconductor Basics: Materials and Devices,All About Circuits,Engineering video tutorial,Required · Semiconductor foundation,RETAINED + INTEGRATED,Week 08 → CETa Lesson → Semiconductor junctions create controllable nonlinear behavior,Used in,required,YES,learn.html?week=8&stage=ceta-lesson&lesson=0&section=concept-4&from=media&media=aacSemiconductorBasics,,"After watching, be able to explain or demonstrate: Relate material/doping changes to carrier availability instead of memorizing device symbols only.",Existing Teaching Media assignment reconciled to the strongest current instructional section.
8,aacSpecialPurposeDiodes,aacSpecialPurposeDiodes,Special-Purpose Diodes — Schottky and Other Device Types,All About Circuits,Engineering textbook tutorial,Required · Special-diode breadth,RETAINED + INTEGRATED,Week 08 → CETa Lesson → Thyristors and specialized diodes have specific triggering behavior,Taught in,required,YES,learn.html?week=8&stage=ceta-lesson&lesson=0&section=concept-6&from=media&media=aacSpecialPurposeDiodes,Taught in: Week 07 → CETa Lesson → SCR/DIAC/TRIAC and diode families [learn.html?week=7&stage=ceta-lesson&lesson=0&section=concept-8&from=media&media=aacSpecialPurposeDiodes],"After using this resource, be able to explain or apply: Choose a diode family from the required voltage/current/speed/function instead of assuming any diode is interchangeable.",Existing Teaching Media assignment reconciled to the strongest current instructional section.
8,aacTriac,aacTriac,The TRIAC,All About Circuits,Engineering textbook tutorial,Required · TRIAC teaching,RETAINED + INTEGRATED,Week 08 → CETa Lesson → Thyristors and specialized diodes have specific triggering behavior,Taught in,required,YES,learn.html?week=8&stage=ceta-lesson&lesson=0&section=concept-6&from=media&media=aacTriac,Taught in: Week 07 → CETa Lesson → SCR/DIAC/TRIAC and diode families [learn.html?week=7&stage=ceta-lesson&lesson=0&section=concept-8&from=media&media=aacTriac],"After using this resource, be able to explain or apply: Explain why TRIAC behavior differs from an SCR on alternating current and why current zero-crossing matters to turn-off.",Existing Teaching Media assignment reconciled to the strongest current instructional section.
8,aacTroubleshootSemiconductors,aacTroubleshootSemiconductors,Troubleshooting Semiconductors,North Seattle Community College / All About Circuits,College video lecture with transcript,Required · Device troubleshooting,RETAINED + INTEGRATED,Week 08 → Career Lesson → Three node measurements usually reveal the stage that failed,Demonstrated in,required,YES,learn.html?week=8&stage=career-lesson&lesson=1&section=career-w08-three-node-measurements-usually-reveal-the-stage-that-failed&from=media&media=aacTroubleshootSemiconductors,,"After watching, be able to explain or demonstrate: Separate mechanical/package/ESD issues from electrical junction symptoms.",Existing Teaching Media assignment reconciled to the strongest current instructional section.
8,aacZener,aacZener,Special Diodes — Zener Diodes,North Seattle Community College / All About Circuits,College video lecture with transcript,Required · Zener-diode video,RETAINED + INTEGRATED,Week 08 → CETa Lesson → Thyristors and specialized diodes have specific triggering behavior,Used in,required,YES,learn.html?week=8&stage=ceta-lesson&lesson=0&section=concept-6&from=media&media=aacZener,Used in: Week 07 → CETa Lesson → SCR/DIAC/TRIAC and diode families [learn.html?week=7&stage=ceta-lesson&lesson=0&section=concept-8&from=media&media=aacZener],"After watching, be able to explain or demonstrate: Do not treat intentional Zener breakdown as ordinary diode failure; include current limiting in every regulation example.",Existing Teaching Media assignment reconciled to the strongest current instructional section.
8,digiKeyDatasheet,digiKeyDatasheet,How To Read A Datasheet — Electronics with Becky Stern,DigiKey Electronics,Industry instructional video,Required · Semiconductor selection,RETAINED + INTEGRATED,Week 08 → Career Lesson → Start from the load and work backward,Taught in,required,YES,learn.html?week=8&stage=career-lesson&lesson=1&section=career-w08-start-from-the-load-and-work-backward&from=media&media=digiKeyDatasheet,Taught in: Week 07 → Career Lesson → Read the datasheet in a risk-first order [learn.html?week=7&stage=career-lesson&lesson=1&section=career-w07-read-the-datasheet-in-a-risk-first-order&from=media&media=digiKeyDatasheet] | Demonstrated in: Week 13 → CETa Lesson → A datasheet is conditional evidence [learn.html?week=13&stage=ceta-lesson&lesson=0&section=concept-3&from=media&media=digiKeyDatasheet] | Lab preparation for: Week 18 → Career Lesson → Translate one I²C datasheet into a wiring and transaction contract [learn.html?week=18&stage=career-lesson&lesson=1&section=career-w18-translate-one-i2c-datasheet-into-a-wiring-and-transaction-contract&from=media&media=digiKeyDatasheet],"After watching, be able to explain or demonstrate: Cite the exact condition attached to every current, voltage or resistance claim.",Existing Teaching Media assignment reconciled to the strongest current instructional section.
8,neetsSolidStateDevices,neetsSolidStateDevices,NEETS Module 7 — Introduction to Solid-State Devices and Power Supplies,U.S. Navy Electricity and Electronics Training Series / Historic Naval Ships Association,Technician self-study manual,Required · Coherent semiconductor technician sequence,RETAINED + INTEGRATED,Week 08 → CETa Lesson → BJT and FET devices control current differently,Taught in,required,YES,learn.html?week=8&stage=ceta-lesson&lesson=0&section=concept-5&from=media&media=neetsSolidStateDevices,"Taught in: Week 07 → CETa Lesson → Transistors: BJT, JFET, MOSFET, CMOS, IGBT, and Darlington behavior [learn.html?week=7&stage=ceta-lesson&lesson=0&section=concept-7&from=media&media=neetsSolidStateDevices] | Used in: Week 09 → CETa Lesson → Linear supplies move through recognizable blocks [learn.html?week=9&stage=ceta-lesson&lesson=0&section=concept-8&from=media&media=neetsSolidStateDevices]","After using this resource, be able to explain or apply: For each device, identify terminals, conduction/control mechanism, normal polarity and a representative application before troubleshooting it.",Existing Teaching Media assignment reconciled to the strongest current instructional section.
8,tiMosfetBasics2026,tiMosfetBasics2026,MOSFET basics,Texas Instruments / University of Texas at Austin,University-industry video lecture,Required · MOSFET switch application,RETAINED + INTEGRATED,Week 08 → Career Lesson → Gate drive and switching loss are real design constraints,Demonstrated in,required,YES,learn.html?week=8&stage=career-lesson&lesson=1&section=career-w08-gate-drive-and-switching-loss-are-real-design-constraints&from=media&media=tiMosfetBasics2026,,"After watching, be able to explain or demonstrate: Check whether the available gate voltage actually meets the datasheet's on-resistance conditions.",Existing Teaching Media assignment reconciled to the strongest current instructional section.
9,aacPowerIcs,aacPowerIcs,Introduction to Power Management: Voltage Regulator ICs,All About Circuits,Engineering video tutorial,Required · Regulator teaching video,RETAINED + INTEGRATED,"Week 09 → CETa Lesson → Regulation trades voltage, current, heat, noise, and complexity",Taught in,required,YES,learn.html?week=9&stage=ceta-lesson&lesson=0&section=concept-3&from=media&media=aacPowerIcs,,"After watching, be able to explain or demonstrate: Explain why a linear pass device dissipates power continuously while a switcher transfers energy in switched intervals.",Existing Teaching Media assignment reconciled to the strongest current instructional section.
9,aacPowerSupplies,aacPowerSuppliesApplications,Power Supplies — Applications,North Seattle Community College / All About Circuits,College video lecture with transcript,Required · Rectifier/power-supply lecture,RETAINED + INTEGRATED,Week 09 → CETa Lesson → Follow the block chain,Taught in,required,YES,learn.html?week=9&stage=ceta-lesson&lesson=0&section=concept-1&from=media&media=aacPowerSupplies,Demonstrated in: Week 09 → CETa Lesson → The filter capacitor supplies load between peaks [learn.html?week=9&stage=ceta-lesson&lesson=0&section=concept-2&from=media&media=aacPowerSuppliesApplications],"After watching, be able to explain or demonstrate: Sketch the waveform after each block and predict what a failed/open/shorted block would do downstream.",Existing Teaching Media assignment reconciled to the strongest current instructional section.
9,aacPowerSuppliesApplications,aacPowerSuppliesApplications,Power Supplies — Applications,North Seattle Community College / All About Circuits,College video lecture with transcript,Required · Linear-supply/filter video,RETAINED + INTEGRATED,Week 09 → CETa Lesson → The filter capacitor supplies load between peaks,Demonstrated in,required,YES,learn.html?week=9&stage=ceta-lesson&lesson=0&section=concept-2&from=media&media=aacPowerSuppliesApplications,Taught in: Week 09 → CETa Lesson → Follow the block chain [learn.html?week=9&stage=ceta-lesson&lesson=0&section=concept-1&from=media&media=aacPowerSupplies],"After watching, be able to explain or demonstrate: Predict where ripple exists, what each filter element suppresses and what measurements should appear before/after the filter.",Existing Teaching Media assignment reconciled to the strongest current instructional section.
9,aacPowerSupplyCircuits,aacPowerSupplyCircuits,Power Supply Circuits,All About Circuits,Engineering textbook tutorial,Required · Supply topology reading,RETAINED + INTEGRATED,Week 09 → CETa Lesson → Linear supplies move through recognizable blocks,Taught in,required,YES,learn.html?week=9&stage=ceta-lesson&lesson=0&section=concept-8&from=media&media=aacPowerSupplyCircuits,,"After using this resource, be able to explain or apply: Separate rectification/filter ripple from regulator behavior and identify where regulation is actually occurring.",Existing Teaching Media assignment reconciled to the strongest current instructional section.
9,bkVariableIsolatedAc,bkVariableIsolatedAc,1655A Variable Isolated AC Power Supply — Isolation and Line-Variation Testing,B&K Precision,Manufacturer service-bench equipment reference,Required · Isolation-versus-variable-AC concept,RETAINED + INTEGRATED,"Week 09 → CETa Lesson → Power-supply hazards, transformer versus line-connected supplies, and protection",Used in,required,YES,learn.html?week=9&stage=ceta-lesson&lesson=0&section=concept-4&from=media&media=bkVariableIsolatedAc,"Used in: Week 03 → CETa Lesson → Dummy loads, rheostats, isolation transformers, Variacs, and potentiometers [learn.html?week=3&stage=ceta-lesson&lesson=0&section=concept-8&from=media&media=bkVariableIsolatedAc]","After using this reference, be able to locate, explain, or apply: Do not call a plain variable transformer an isolation transformer; verify whether isolation is actually provided.",Existing Teaching Media assignment reconciled to the strongest current instructional section.
9,flukeMultimeterGuide,flukeMultimeterGuide,How to Use a Multimeter — Comprehensive Guide,Fluke,Manufacturer measurement guide,Required · Measurement application,RETAINED + INTEGRATED,"Week 09 → Career Lesson → Use rail behavior to distinguish source, regulator, and load faults",Taught in,required,YES,learn.html?week=9&stage=career-lesson&lesson=1&section=career-w09-use-rail-behavior-to-distinguish-source-regulator-and-load-faults&from=media&media=flukeMultimeterGuide,"Taught in: Week 01 → Career Lesson → Voltage, resistance, and current modes are different circuits [learn.html?week=1&stage=career-lesson&lesson=1&section=career-w01-voltage-resistance-and-current-modes-are-different-circuits&from=media&media=flukeMultimeterGuide] | Taught in: Week 03 → CETa Lesson → The DMM is several instruments sharing one display [learn.html?week=3&stage=ceta-lesson&lesson=0&section=concept-1&from=media&media=flukeMultimeterGuide] | Taught in: Week 24 → Career Lesson → Unpowered checks find cheap faults [learn.html?week=24&stage=career-lesson&lesson=1&section=career-w24-unpowered-checks-find-cheap-faults&from=media&media=flukeMultimeterGuide] | Taught in: Week 29 → CETa Lesson → Measurement setup is part of workmanship verification [learn.html?week=29&stage=ceta-lesson&lesson=0&section=concept-5&from=media&media=flukeMultimeterGuide]","After using this reference, be able to locate, explain, or apply: Never measure resistance on an energized circuit and preserve expected/measured/decision evidence.",Existing Teaching Media assignment reconciled to the strongest current instructional section.
9,neetsSolidStateDevices,neetsSolidStateDevices,NEETS Module 7 — Introduction to Solid-State Devices and Power Supplies,U.S. Navy Electricity and Electronics Training Series / Historic Naval Ships Association,Technician self-study manual,Required · Technician power-supply troubleshooting reference,RETAINED + INTEGRATED,Week 09 → CETa Lesson → Linear supplies move through recognizable blocks,Used in,required,YES,learn.html?week=9&stage=ceta-lesson&lesson=0&section=concept-8&from=media&media=neetsSolidStateDevices,"Taught in: Week 07 → CETa Lesson → Transistors: BJT, JFET, MOSFET, CMOS, IGBT, and Darlington behavior [learn.html?week=7&stage=ceta-lesson&lesson=0&section=concept-7&from=media&media=neetsSolidStateDevices] | Taught in: Week 08 → CETa Lesson → BJT and FET devices control current differently [learn.html?week=8&stage=ceta-lesson&lesson=0&section=concept-5&from=media&media=neetsSolidStateDevices]","After using this reference, be able to locate, explain, or apply: Troubleshoot block-by-block from source to load and distinguish a failed rectifier, filter and regulator by measured evidence.",Existing Teaching Media assignment reconciled to the strongest current instructional section.
9,oshaElectricalStandardsTrainer,oshaElectricalStandardsTrainer,"Electrical Safety Trainer Guide — NEC, NFPA 70E, and Safe Electrical Work Context",U.S. Occupational Safety and Health Administration,Government electrical-safety training guide,Required · Line-connected service boundary,RETAINED + INTEGRATED,"Week 09 → CETa Lesson → Power-supply hazards, transformer versus line-connected supplies, and protection",Taught in,required,YES,learn.html?week=9&stage=ceta-lesson&lesson=0&section=concept-4&from=media&media=oshaElectricalStandardsTrainer,"Taught in: Week 01 → CETa Lesson → NEC awareness, overcurrent protection, and lockout/tagout [learn.html?week=1&stage=ceta-lesson&lesson=0&section=concept-13&from=media&media=oshaElectricalStandardsTrainer]","After using this reference, be able to locate, explain, or apply: Do not turn a conceptual mains-supply lesson into live-line servicing; de-energize/isolate unless an authorized qualified procedure explicitly requires otherwise.",Existing Teaching Media assignment reconciled to the strongest current instructional section.
9,tiBatteryTraining,tiBatteryTraining,Battery Management Deep Dive — Battery Chargers: Fundamentals,Texas Instruments,Manufacturer on-demand video training series,Required · Battery/recharge video sequence,RETAINED + INTEGRATED,"Week 09 → CETa Lesson → Batteries, charging, capacity, and protection",Used in,required,YES,learn.html?week=9&stage=ceta-lesson&lesson=0&section=concept-5&from=media&media=tiBatteryTraining,,"After watching, be able to explain or demonstrate: Separate cell chemistry limits, charging stages/current/voltage control, protection and system power-path behavior.",Existing Teaching Media assignment reconciled to the strongest current instructional section.
9,tiBoardTroubleshooting,tiBoardTroubleshooting,Board Level Troubleshooting,Texas Instruments,Manufacturer troubleshooting video,Required · Power fault-isolation application,RETAINED + INTEGRATED,"Week 09 → Career Lesson → Use rail behavior to distinguish source, regulator, and load faults",Demonstrated in,required,YES,learn.html?week=9&stage=career-lesson&lesson=1&section=career-w09-use-rail-behavior-to-distinguish-source-regulator-and-load-faults&from=media&media=tiBoardTroubleshooting,Demonstrated in: Week 13 → Career Lesson → Choose a high-information test [learn.html?week=13&stage=career-lesson&lesson=1&section=career-w13-choose-a-high-information-test&from=media&media=tiBoardTroubleshooting] | Demonstrated in: Week 24 → Career Lesson → Bring up dependencies in order [learn.html?week=24&stage=career-lesson&lesson=1&section=career-w24-bring-up-dependencies-in-order&from=media&media=tiBoardTroubleshooting] | Demonstrated in: Week 28 → Career Lesson → Root cause survives controlled reversal [learn.html?week=28&stage=career-lesson&lesson=1&section=career-w28-root-cause-survives-controlled-reversal&from=media&media=tiBoardTroubleshooting],"After watching, be able to explain or demonstrate: Compare expected rails/current signatures with measured evidence and change one variable at a time.",Existing Teaching Media assignment reconciled to the strongest current instructional section.
9,tiSwitchingRegulatorFundamentals,tiSwitchingRegulatorFundamentals,Switching Regulator Fundamentals,Texas Instruments,Manufacturer application report,Required · Switching-regulator reference,RETAINED + INTEGRATED,Week 09 → CETa Lesson → Switch-mode power supply operation,Used in,required,YES,learn.html?week=9&stage=ceta-lesson&lesson=0&section=concept-7&from=media&media=tiSwitchingRegulatorFundamentals,,"After using this reference, be able to locate, explain, or apply: Trace inductor/capacitor current paths during switch ON/OFF intervals.",Existing Teaching Media assignment reconciled to the strongest current instructional section.
10,aacAmpConfigs,aacAmplifierConfigs,Amplifier Configurations,North Seattle Community College / All About Circuits,College video lecture with transcript,Required · Transistor amplifier teaching,RETAINED + INTEGRATED,"Week 10 → CETa Lesson → Amplifier roles, classes, stages, and frequency response",Taught in,required,YES,learn.html?week=10&stage=ceta-lesson&lesson=0&section=concept-4&from=media&media=aacAmpConfigs,"Used in: Week 10 → CETa Lesson → BJT and FET amplifier bias, gain, and power [learn.html?week=10&stage=ceta-lesson&lesson=0&section=concept-5&from=media&media=aacAmplifierConfigs]","After watching, be able to explain or demonstrate: Identify which terminal is common and what happens to voltage/current gain, phase and impedance.",Existing Teaching Media assignment reconciled to the strongest current instructional section.
10,aacAmplifierConfigs,aacAmplifierConfigs,"Amplifier Configurations — Common-Emitter, Common-Collector, and Common-Base",North Seattle Community College / All About Circuits,College video lecture with transcript,Required · BJT amplifier configuration video,RETAINED + INTEGRATED,"Week 10 → CETa Lesson → BJT and FET amplifier bias, gain, and power",Used in,required,YES,learn.html?week=10&stage=ceta-lesson&lesson=0&section=concept-5&from=media&media=aacAmplifierConfigs,"Taught in: Week 10 → CETa Lesson → Amplifier roles, classes, stages, and frequency response [learn.html?week=10&stage=ceta-lesson&lesson=0&section=concept-4&from=media&media=aacAmpConfigs]","After watching, be able to explain or demonstrate: Explain why a near-unity-voltage-gain emitter follower can still be useful because of impedance/current-drive behavior.",Existing Teaching Media assignment reconciled to the strongest current instructional section.
10,aacDecibels,aacDecibels,Decibels — Amplifier Basics,North Seattle Community College / All About Circuits,College video lecture with worked dB calculations,Required · Gain/decibel teaching,RETAINED + INTEGRATED,Week 10 → CETa Lesson → Gain is an input-to-output ratio with conditions,Taught in,required,YES,learn.html?week=10&stage=ceta-lesson&lesson=0&section=concept-1&from=media&media=aacDecibels,Used in: Week 04 → CETa Lesson → Decibels and graphs as engineering representations [learn.html?week=4&stage=ceta-lesson&lesson=0&section=concept-6&from=media&media=aacDecibels],"After watching, be able to explain or demonstrate: Use the correct 20log versus 10log relationship and keep units/ratio meaning explicit.",Existing Teaching Media assignment reconciled to the strongest current instructional section.
10,aacJfetAmplifiers,aacJfetAmplifiers,"JFET Amplifiers — Common-Source, Common-Gate, and Common-Drain",North Seattle Community College / All About Circuits,College video lecture with transcript,Required · JFET amplifier video,RETAINED + INTEGRATED,"Week 10 → CETa Lesson → BJT and FET amplifier bias, gain, and power",Used in,required,YES,learn.html?week=10&stage=ceta-lesson&lesson=0&section=concept-5&from=media&media=aacJfetAmplifiers,,"After watching, be able to explain or demonstrate: Use the FET's high input impedance and configuration choice as part of the signal-chain explanation.",Existing Teaching Media assignment reconciled to the strongest current instructional section.
10,aacMosfetAmplifiers,aacMosfetAmplifiers,MOSFET Amplifiers — Biasing and Common-Source Behavior,North Seattle Community College / All About Circuits,College video lecture with transcript,Required · MOSFET amplifier video,RETAINED + INTEGRATED,"Week 10 → CETa Lesson → BJT and FET amplifier bias, gain, and power",Used in,required,YES,learn.html?week=10&stage=ceta-lesson&lesson=0&section=concept-5&from=media&media=aacMosfetAmplifiers,,"After watching, be able to explain or demonstrate: Keep the device out of cutoff/saturation when analyzing a linear amplifier and connect bias errors to waveform distortion.",Existing Teaching Media assignment reconciled to the strongest current instructional section.
10,aacOpAmpBasicConfig,aacOpAmpBasicConfig,Basic Amplifier Configuration — Op Amps,North Seattle Community College / All About Circuits,College video lecture with transcript,Required · Op-amp configuration teaching,RETAINED + INTEGRATED,Week 10 → CETa Lesson → Operational amplifiers and gain analysis,Taught in,required,YES,learn.html?week=10&stage=ceta-lesson&lesson=0&section=concept-6&from=media&media=aacOpAmpBasicConfig,,"After watching, be able to explain or demonstrate: Trace negative feedback and distinguish ideal analysis from real input/output limitations.",Existing Teaching Media assignment reconciled to the strongest current instructional section.
10,aacTransistorBiasing,aacTransistorBiasing,"Transistor Biasing (continued) — Cutoff, Linear Region, and Saturation",North Seattle Community College / All About Circuits,College video lecture with transcript,Required · BJT bias-region video,RETAINED + INTEGRATED,"Week 10 → CETa Lesson → BJT and FET amplifier bias, gain, and power",Taught in,required,YES,learn.html?week=10&stage=ceta-lesson&lesson=0&section=concept-5&from=media&media=aacTransistorBiasing,,"After watching, be able to explain or demonstrate: Diagnose clipping as the signal forcing the device out of the intended linear region rather than simply 'too much gain.'",Existing Teaching Media assignment reconciled to the strongest current instructional section.
10,tiAudioAmpBasics,tiAudioAmpBasics,Audio Amplifier Basics,Texas Instruments,Manufacturer video,Required · Amplifier roles/classes video,RETAINED + INTEGRATED,"Week 10 → CETa Lesson → Amplifier roles, classes, stages, and frequency response",Used in,required,YES,learn.html?week=10&stage=ceta-lesson&lesson=0&section=concept-4&from=media&media=tiAudioAmpBasics,"Used in: Week 19 → CETa Lesson → Audio/video blocks, microphones, speakers, recording and playback [learn.html?week=19&stage=ceta-lesson&lesson=0&section=concept-8&from=media&media=tiAudioAmpBasics]","After watching, be able to explain or demonstrate: Relate class to conduction/switching behavior, efficiency/distortion tradeoffs and intended load/application rather than memorizing letters.",Existing Teaching Media assignment reconciled to the strongest current instructional section.
10,tiAudioFundamentals,tiAudioFundamentals,TI Precision Labs — Audio Fundamentals,Texas Instruments,Manufacturer video series,Required · Manufacturer amplifier fundamentals series,RETAINED + INTEGRATED,Week 10 → Career Lesson → Report gain across frequency and load,Used in,required,YES,learn.html?week=10&stage=career-lesson&lesson=1&section=career-w10-report-gain-across-frequency-and-load&from=media&media=tiAudioFundamentals,"Used in: Week 19 → CETa Lesson → Interfacing, distortion, conflicts, fault isolation, and signal levels [learn.html?week=19&stage=ceta-lesson&lesson=0&section=concept-9&from=media&media=tiAudioFundamentals]","After watching, be able to explain or demonstrate: Connect each spec to a measurable input/output behavior and distinguish gain from output-power capability.",Existing Teaching Media assignment reconciled to the strongest current instructional section.
10,tiOpAmpOutputStage,tiOpAmpOutputStage,Op Amp Distortion — Output Stage,Texas Instruments,Manufacturer technical video,Required · Loading/clipping teaching,RETAINED + INTEGRATED,"Week 10 → CETa Lesson → Distortion, loading, buffering, and measurement error",Demonstrated in,required,YES,learn.html?week=10&stage=ceta-lesson&lesson=0&section=concept-7&from=media&media=tiOpAmpOutputStage,,"After watching, be able to explain or demonstrate: Separate input/common-mode problems from output-load/output-swing problems.",Existing Teaching Media assignment reconciled to the strongest current instructional section.
10,tiPrecisionOpAmps,tiPrecisionOpAmps,TI Precision Labs — Op Amps,Texas Instruments,Manufacturer college-style video curriculum,Required · Op-amp curriculum,RETAINED + INTEGRATED,Week 10 → CETa Lesson → Op-amp rules are conditional approximations,Used in,required,YES,learn.html?week=10&stage=ceta-lesson&lesson=0&section=concept-10&from=media&media=tiPrecisionOpAmps,,"After watching, be able to explain or demonstrate: Connect common-mode range, output swing, gain-bandwidth and slew rate to clipping/distortion/bandwidth symptoms.",Existing Teaching Media assignment reconciled to the strongest current instructional section.
11,aacBinaryConversion,aacBinaryConversion,"Binary Conversion — Binary, Decimal, and Hexadecimal",North Seattle Community College / All About Circuits,College video lecture with transcript,Required · Teaching lecture,RETAINED + INTEGRATED,Week 11 → CETa Lesson → Number bases are different representations of the same value,Taught in,required,YES,learn.html?week=11&stage=ceta-lesson&lesson=0&section=concept-1&from=media&media=aacBinaryConversion,,"After watching, be able to explain or demonstrate: Work conversions without a calculator first and explain positional weights.",Existing Teaching Media assignment reconciled to the strongest current instructional section.
11,aacBooleanPostulates,aacBooleanPostulates,Boolean Algebra — Postulates and Simplification,North Seattle Community College / All About Circuits,College video lecture with transcript,Required · Teaching lecture,RETAINED + INTEGRATED,Week 11 → CETa Lesson → Logic gates implement conditions,Taught in,required,YES,learn.html?week=11&stage=ceta-lesson&lesson=0&section=concept-2&from=media&media=aacBooleanPostulates,,"After watching, be able to explain or demonstrate: Translate every symbolic step back into a gate-level change.",Existing Teaching Media assignment reconciled to the strongest current instructional section.
11,aacCmosGateCircuitry,aacCmosGateCircuitry,CMOS Gate Circuitry,All About Circuits,Engineering textbook tutorial,Required · Real-hardware reading,RETAINED + INTEGRATED,Week 11 → Career Lesson → Unconnected inputs do not have a reliable state,Taught in,required,YES,learn.html?week=11&stage=career-lesson&lesson=1&section=career-w11-unconnected-inputs-do-not-have-a-reliable-state&from=media&media=aacCmosGateCircuitry,"Taught in: Week 07 → CETa Lesson → Transistors: BJT, JFET, MOSFET, CMOS, IGBT, and Darlington behavior [learn.html?week=7&stage=ceta-lesson&lesson=0&section=concept-7&from=media&media=aacCmosGateCircuitry]","After using this resource, be able to explain or apply: Predict the state of an unconnected input and choose a pull direction intentionally.",Existing Teaching Media assignment reconciled to the strongest current instructional section.
11,aacCombinationalLogic,aacCombinationalLogic,Combinational Logic,North Seattle Community College / All About Circuits,College video lecture with transcript,Required · Teaching lecture,RETAINED + INTEGRATED,"Week 11 → CETa Lesson → Logic gates, truth tables, and flip-flops",Taught in,required,YES,learn.html?week=11&stage=ceta-lesson&lesson=0&section=concept-4&from=media&media=aacCombinationalLogic,,"After watching, be able to explain or demonstrate: Complete truth tables before viewing the solution.",Existing Teaching Media assignment reconciled to the strongest current instructional section.
11,aacComputerHardware,aacComputerHardware,"Computer Hardware — Processor, Memory, Controllers, Buses, and Peripherals",North Seattle Community College / All About Circuits,College video lecture with transcript,Required · Processor-system block video,RETAINED + INTEGRATED,Week 11 → CETa Lesson → Digital displays and microcontrollers,Used in,required,YES,learn.html?week=11&stage=ceta-lesson&lesson=0&section=concept-6&from=media&media=aacComputerHardware,"Used in: Week 14 → CETa Lesson → Computer architecture, CPU blocks, memory, block diagrams, and flowcharts [learn.html?week=14&stage=ceta-lesson&lesson=0&section=concept-4&from=media&media=aacComputerHardware]","After watching, be able to explain or demonstrate: Trace data/control from CPU to memory and peripherals and identify which block owns each function.",Existing Teaching Media assignment reconciled to the strongest current instructional section.
11,aacCounters,aacCounters,Counters — Synchronous/Asynchronous Counting and Frequency Division,North Seattle Community College / All About Circuits,College video lecture with transcript,Required · Counter video,RETAINED + INTEGRATED,"Week 11 → CETa Lesson → Counters, buses, clocks, timing, and logic families",Used in,required,YES,learn.html?week=11&stage=ceta-lesson&lesson=0&section=concept-5&from=media&media=aacCounters,,"After watching, be able to explain or demonstrate: Trace bit state across clock edges and identify when ripple delay can create transient false counts.",Existing Teaching Media assignment reconciled to the strongest current instructional section.
11,aacLogicLevels,aacLogicLevels,Logic Signal Voltage Levels,All About Circuits,Engineering textbook tutorial,Required · Real-hardware reading,RETAINED + INTEGRATED,"Week 11 → Career Lesson → A logical 1 is a voltage range, not the word “high”",Taught in,required,YES,learn.html?week=11&stage=career-lesson&lesson=1&section=career-w11-a-logical-1-is-a-voltage-range-not-the-word-high&from=media&media=aacLogicLevels,,"After using this resource, be able to explain or apply: Use datasheet VIH/VIL/VOH/VOL rather than assuming ‘0 V/5 V’.",Existing Teaching Media assignment reconciled to the strongest current instructional section.
11,aacMicroprocessorBusNetworks,aacMicroprocessorBusNetworks,"Microprocessor Bus Networks — Address, Data, and Control Buses",North Seattle Community College / All About Circuits,College video lecture with transcript,Required · Digital-bus video,RETAINED + INTEGRATED,"Week 11 → CETa Lesson → Counters, buses, clocks, timing, and logic families",Used in,required,YES,learn.html?week=11&stage=ceta-lesson&lesson=0&section=concept-5&from=media&media=aacMicroprocessorBusNetworks,Used in: Week 14 → CETa Lesson → Peripherals and interface devices/cards [learn.html?week=14&stage=ceta-lesson&lesson=0&section=concept-6&from=media&media=aacMicroprocessorBusNetworks],"After watching, be able to explain or demonstrate: State what information each bus carries and follow one read/write transaction at block level.",Existing Teaching Media assignment reconciled to the strongest current instructional section.
11,aacSequentialLogic,aacSequentialLogic,Sequential Logic,North Seattle Community College / All About Circuits,College video lecture with transcript,Required · Teaching lecture,RETAINED + INTEGRATED,Week 11 → CETa Lesson → Sequential logic remembers state,Taught in,required,YES,learn.html?week=11&stage=ceta-lesson&lesson=0&section=concept-3&from=media&media=aacSequentialLogic,Review of: Week 15 → CETa Lesson → A state machine makes history explicit [learn.html?week=15&stage=ceta-lesson&lesson=0&section=concept-3&from=media&media=aacSequentialLogic],"After watching, be able to explain or demonstrate: Track state across input/clock events rather than treating outputs as purely combinational.",Existing Teaching Media assignment reconciled to the strongest current instructional section.
11,aacSevenSegmentDisplay,aacSevenSegmentDisplay,Digital Lab — 7-Segment LED Display and Decoder/Driver,All About Circuits,Engineering worked digital-circuit tutorial,Required · Display/decoder worked tutorial,RETAINED + INTEGRATED,Week 11 → CETa Lesson → Digital displays and microcontrollers,Demonstrated in,required,YES,learn.html?week=11&stage=ceta-lesson&lesson=0&section=concept-6&from=media&media=aacSevenSegmentDisplay,,"After using this resource, be able to explain or apply: Trace BCD input through decoder outputs to illuminated segments and distinguish common-cathode/common-anode requirements.",Existing Teaching Media assignment reconciled to the strongest current instructional section.
11,aacShiftRegisters,aacShiftRegisters,Introduction to Shift Registers,All About Circuits,Engineering digital-circuits tutorial,Required · Register/serial-parallel teaching,RETAINED + INTEGRATED,Week 11 → CETa Lesson → Digital displays and microcontrollers,Taught in,required,YES,learn.html?week=11&stage=ceta-lesson&lesson=0&section=concept-6&from=media&media=aacShiftRegisters,,"After using this resource, be able to explain or apply: Track what bit is stored in each stage after each clock and state whether the interface is serial or parallel on each side.",Existing Teaching Media assignment reconciled to the strongest current instructional section.
11,neetsTestEquipment,neetsTestEquipment,NEETS Module 16 — Introduction to Test Equipment,U.S. Navy Electricity and Electronics Training Series,Technician self-study test-equipment course,Required · Logic probe/pulser instrument section,RETAINED + INTEGRATED,Week 11 → CETa Lesson → Logic pulser/probe digital signal tracing and fault isolation,Taught in,required,YES,learn.html?week=11&stage=ceta-lesson&lesson=0&section=concept-7&from=media&media=neetsTestEquipment,"Taught in: Week 03 → CETa Lesson → Signal generators, frequency counters, RCL substitution, and ESR meters [learn.html?week=3&stage=ceta-lesson&lesson=0&section=concept-5&from=media&media=neetsTestEquipment]","After using this resource, be able to explain or apply: Use a probe/pulser only on compatible logic circuitry and distinguish static logic-state indication from timing analysis with a logic analyzer/scope.",Existing Teaching Media assignment reconciled to the strongest current instructional section.
11,saleaeDigitalSignals,saleaeDigitalSignals,STM32 Nucleo Board — Digital Signals,Saleae,Manufacturer hands-on logic-analyzer tutorial,Required · Logic-analyzer application,RETAINED + INTEGRATED,Week 11 → Career Lesson → Debounce is a time-domain problem,Taught in,required,YES,learn.html?week=11&stage=career-lesson&lesson=1&section=career-w11-debounce-is-a-time-domain-problem&from=media&media=saleaeDigitalSignals,"Taught in: Week 15 → Career Lesson → Career integration: embedded C, MCU architecture, and nonblocking design [learn.html?week=15&stage=career-lesson&lesson=1&section=career-w15-career-integration-embedded-c-mcu-architecture-and-nonblocking-design&from=media&media=saleaeDigitalSignals] | Taught in: Week 29 → CETa Lesson → Instrument evidence should tell one coherent story [learn.html?week=29&stage=ceta-lesson&lesson=0&section=concept-2&from=media&media=saleaeDigitalSignals]","After using this resource, be able to explain or apply: Correlate raw edges with decoded/logical events; do not rely only on a screenshot.",Existing Teaching Media assignment reconciled to the strongest current instructional section.
11,tiDebounceSwitch,tiDebounceSwitch,Debounce a Switch,Texas Instruments,Manufacturer video,Required · Manufacturer video,RETAINED + INTEGRATED,Week 11 → Career Lesson → Debounce is a time-domain problem,Demonstrated in,required,YES,learn.html?week=11&stage=career-lesson&lesson=1&section=career-w11-debounce-is-a-time-domain-problem&from=media&media=tiDebounceSwitch,,"After watching, be able to explain or demonstrate: Relate bounce time to the unwanted digital events and explain hysteresis’ role.",Existing Teaching Media assignment reconciled to the strongest current instructional section.
12,adafruitSolderProblems,adafruitSolderProblems,Adafruit Guide to Excellent Soldering — Common Soldering Problems,Adafruit Learning System,Industry workmanship tutorial,Required · Defect recognition,RETAINED + INTEGRATED,"Week 12 → CETa Lesson → Heat shunts, cold joints, and good mechanical/electrical connections",Taught in,required,YES,learn.html?week=12&stage=ceta-lesson&lesson=0&section=concept-5&from=media&media=adafruitSolderProblems,"Taught in: Week 29 → CETa Lesson → Workmanship criteria are observable, not aesthetic preference [learn.html?week=29&stage=ceta-lesson&lesson=0&section=concept-1&from=media&media=adafruitSolderProblems]","After using this resource, be able to explain or apply: Identify cold/disturbed/overheated joints, poor wetting, bridges, excess/insufficient solder and lifted pads.",Existing Teaching Media assignment reconciled to the strongest current instructional section.
12,chemtronicsSolderWick,chemtronicsSolderWick,How to Use Chemtronics Soder-Wick,Chemtronics / DigiKey,Manufacturer rework demonstration,Required · Rework demonstration,RETAINED + INTEGRATED,"Week 12 → CETa Lesson → Desoldering principles, equipment care, and solder wick",Taught in,required,YES,learn.html?week=12&stage=ceta-lesson&lesson=0&section=concept-7&from=media&media=chemtronicsSolderWick,Taught in: Week 29 → CETa Lesson → Physical safety and ESD remain active through rework [learn.html?week=29&stage=ceta-lesson&lesson=0&section=concept-3&from=media&media=chemtronicsSolderWick],"After using this resource, be able to explain or apply: Heat the braid/joint together, minimize dwell, remove iron and braid together, and stop before pad/board damage.",Existing Teaching Media assignment reconciled to the strongest current instructional section.
12,digiKeyBrokenTrace,digiKeyBrokenTrace,How to Repair Broken Traces — Another Teaching Moment,DigiKey Electronics,Electronics repair video,Required · PCB trace-repair video,RETAINED + INTEGRATED,Week 12 → CETa Lesson → Rework has a damage budget,Demonstrated in,required,YES,learn.html?week=12&stage=ceta-lesson&lesson=0&section=concept-9&from=media&media=digiKeyBrokenTrace,,"After watching, be able to explain or demonstrate: Confirm the intended net from schematic/continuity evidence before bridging; avoid creating a shortcut around another component or net.",Existing Teaching Media assignment reconciled to the strongest current instructional section.
12,digiKeySoldering,digiKeySoldering,How To Solder — Electronics with Becky Stern,DigiKey Electronics,Industry instructional video,Required · Soldering demonstration,RETAINED + INTEGRATED,"Week 12 → CETa Lesson → A good joint comes from clean surfaces, correct heat, and wetting",Demonstrated in,required,YES,learn.html?week=12&stage=ceta-lesson&lesson=0&section=concept-2&from=media&media=digiKeySoldering,,"After watching, be able to explain or demonstrate: Identify where heat and solder are applied and what acceptable wetting looks like.",Existing Teaching Media assignment reconciled to the strongest current instructional section.
12,githubSkills,githubSkills,Introduction to Git,GitHub Skills,Beginner Git / command-line training,Required · Intro GitHub collaboration workflow,RETAINED + INTEGRATED,"Week 12 → Career Lesson → Command-line navigation is a small reproducibility tool, not assumed knowledge",Lab preparation for,required,YES,learn.html?week=12&stage=career-lesson&lesson=1&section=career-w12-command-line-navigation-is-a-small-reproducibility-tool-not-assumed-know&from=media&media=githubSkills,Lab preparation for: Week 23 → Career Lesson → A repository is the project’s reconstructable memory [learn.html?week=23&stage=career-lesson&lesson=1&section=career-w23-a-repository-is-the-projects-reconstructable-memory&from=media&media=githubSkills],"After using this resource, be able to explain or apply: Do not infer command-line git status/diff/log or configuration-management depth from this introduction; those are taught explicitly in Weeks 22–23.",Existing Teaching Media assignment reconciled to the strongest current instructional section.
12,nasaCrewElectronicsRepair,nasaCrewElectronicsRepair,NASA/TM-2011-216933 — Electronics Repair Training for Spaceflight Crews,NASA,Government electronics-repair training manual,Required · Solder process/safety training,RETAINED + INTEGRATED,"Week 12 → CETa Lesson → Solder safety, fumes, splatter, flux, and alloy choice",Taught in,required,YES,learn.html?week=12&stage=ceta-lesson&lesson=0&section=concept-4&from=media&media=nasaCrewElectronicsRepair,,"After using this resource, be able to explain or apply: Treat solder alloy/flux/process as controlled variables; identify contamination, overheating and poor wetting risks before rework.",Existing Teaching Media assignment reconciled to the strongest current instructional section.
12,nasaESD,nasaESD,NASA-HDBK-8739.21 — ESD Control,NASA,Government workmanship handbook,Required · ESD instruction/reference,RETAINED + INTEGRATED,Week 12 → CETa Lesson → ESD control is specific to the work state,Taught in,required,YES,learn.html?week=12&stage=ceta-lesson&lesson=0&section=concept-10&from=media&media=nasaESD,"Taught in: Week 01 → CETa Lesson → ESD, technician tool hazards, and PPE [learn.html?week=1&stage=ceta-lesson&lesson=0&section=concept-14&from=media&media=nasaESD] | Used in: Week 24 → CETa Lesson → Safety gates remain absolute [learn.html?week=24&stage=ceta-lesson&lesson=0&section=concept-3&from=media&media=nasaESD] | Used in: Week 29 → CETa Lesson → Physical safety and ESD remain active through rework [learn.html?week=29&stage=ceta-lesson&lesson=0&section=concept-3&from=media&media=nasaESD]","After using this reference, be able to locate, explain, or apply: Keep ESD device protection distinct from shock/energy safety.",Existing Teaching Media assignment reconciled to the strongest current instructional section.
12,nasaHarness,nasaHarness,"NASA-STD-8739.4 — Crimping, Cables, Harnesses, and Wiring",NASA,Government workmanship standard,Path-specific · Workmanship reference,RETAINED + INTEGRATED,Week 12 → Career Lesson → Career integration: solder/rework workmanship and harness evidence,Used in,supporting,YES,learn.html?week=12&stage=career-lesson&lesson=1&section=career-w12-career-integration-solder-rework-workmanship-and-harness-evidence&from=media&media=nasaHarness,Used in: Week 29 → CETa Lesson → Workmanship is verified by condition plus electrical evidence [learn.html?week=29&stage=ceta-lesson&lesson=0&section=concept-7&from=media&media=nasaHarness],"After using this reference, be able to locate, explain, or apply: State objective accept/rework/escalate evidence.",Existing Teaching Media assignment reconciled to the strongest current instructional section.
12,neetsSolderingWiring,neetsSolderingWiring,"NEETS Module 4 — Introduction to Electrical Conductors, Wiring Techniques, and Schematic Reading",U.S. Navy Electricity and Electronics Training Series / Historic Naval Ships Association,Technician self-study manual,Required · Heat-shunt and soldering fundamentals reference,RETAINED + INTEGRATED,"Week 12 → CETa Lesson → Heat shunts, cold joints, and good mechanical/electrical connections",Used in,required,YES,learn.html?week=12&stage=ceta-lesson&lesson=0&section=concept-5&from=media&media=neetsSolderingWiring,,"After using this reference, be able to locate, explain, or apply: Place thermal protection between the joint and heat-sensitive part when required and minimize dwell rather than compensating with excessive heat.",Existing Teaching Media assignment reconciled to the strongest current instructional section.
12,paceBgaTutorial,paceBgaTutorial,Official IR 3000 Tutorial — Install and Remove BGA and SMC,PACE Worldwide,Professional rework video tutorial,Required · BGA/SMT rework process video,RETAINED + INTEGRATED,Week 12 → CETa Lesson → SMT/BGA handling and PCB pad/trace/PTH repair boundaries,Used in,required,YES,learn.html?week=12&stage=ceta-lesson&lesson=0&section=concept-6&from=media&media=paceBgaTutorial,,"After watching, be able to explain or demonstrate: Recognize why BGA rework requires dedicated thermal/profile/alignment equipment and should not be attempted as casual hand rework.",Existing Teaching Media assignment reconciled to the strongest current instructional section.
12,paceThermoBondCitKit,paceThermoBondCitKit,"ThermoBond Cir-Kit — Land, Pad, and Trace Repair Procedures",PACE Worldwide,Professional PCB repair procedure manual,Required · Pad/land/trace repair procedure reference,RETAINED + INTEGRATED,Week 12 → CETa Lesson → SMT/BGA handling and PCB pad/trace/PTH repair boundaries,Used in,required,YES,learn.html?week=12&stage=ceta-lesson&lesson=0&section=concept-6&from=media&media=paceThermoBondCitKit,,"After using this reference, be able to locate, explain, or apply: Distinguish conductor repair from pad/land replacement and preserve geometry/adhesion/clearance before electrical verification.",Existing Teaching Media assignment reconciled to the strongest current instructional section.
13,aacSystemNotations,aacSystemNotations,System Notations,North Seattle Community College / All About Circuits,College video lecture with transcript,Required · Diagram-type teaching,RETAINED + INTEGRATED,Week 13 → CETa Lesson → Each drawing answers a different question,Taught in,required,YES,learn.html?week=13&stage=ceta-lesson&lesson=0&section=concept-1&from=media&media=aacSystemNotations,Taught in: Week 04 → CETa Lesson → Decibels and graphs as engineering representations [learn.html?week=4&stage=ceta-lesson&lesson=0&section=concept-6&from=media&media=aacSystemNotationsGraphs],"After watching, be able to explain or demonstrate: Never infer physical placement from schematic drawing position; use labels/nets/reference designators.",Existing Teaching Media assignment reconciled to the strongest current instructional section.
13,digiKeyDatasheet,digiKeyDatasheet,How To Read A Datasheet — Electronics with Becky Stern,DigiKey Electronics,Industry instructional video,Required · Datasheet-reading video,RETAINED + INTEGRATED,Week 13 → CETa Lesson → A datasheet is conditional evidence,Demonstrated in,required,YES,learn.html?week=13&stage=ceta-lesson&lesson=0&section=concept-3&from=media&media=digiKeyDatasheet,Taught in: Week 07 → Career Lesson → Read the datasheet in a risk-first order [learn.html?week=7&stage=career-lesson&lesson=1&section=career-w07-read-the-datasheet-in-a-risk-first-order&from=media&media=digiKeyDatasheet] | Taught in: Week 08 → Career Lesson → Start from the load and work backward [learn.html?week=8&stage=career-lesson&lesson=1&section=career-w08-start-from-the-load-and-work-backward&from=media&media=digiKeyDatasheet] | Lab preparation for: Week 18 → Career Lesson → Translate one I²C datasheet into a wiring and transaction contract [learn.html?week=18&stage=career-lesson&lesson=1&section=career-w18-translate-one-i2c-datasheet-into-a-wiring-and-transaction-contract&from=media&media=digiKeyDatasheet],"After watching, be able to explain or demonstrate: Cite the exact table/condition supporting each expected test value.",Existing Teaching Media assignment reconciled to the strongest current instructional section.
13,digiKeySchematics,digiKeySchematics,How to Read a Schematic — Another Teaching Moment,DigiKey Electronics,Industry instructional video,Required · Schematic-reading video,RETAINED + INTEGRATED,Week 13 → CETa Lesson → Read from rails and references into functional blocks,Demonstrated in,required,YES,learn.html?week=13&stage=ceta-lesson&lesson=0&section=concept-2&from=media&media=digiKeySchematics,,"After watching, be able to explain or demonstrate: Trace electrical relationships across page/net labels rather than by visual proximity.",Existing Teaching Media assignment reconciled to the strongest current instructional section.
13,nscTroubleshooting,nscTroubleshooting,Elements of System Level Troubleshooting,North Seattle Community College / All About Circuits,College video lecture,Required · System troubleshooting lecture,RETAINED + INTEGRATED,Week 13 → Career Lesson → Build a fault model before probing,Demonstrated in,required,YES,learn.html?week=13&stage=career-lesson&lesson=1&section=career-w13-build-a-fault-model-before-probing&from=media&media=nscTroubleshooting,,"After watching, be able to explain or demonstrate: Every measurement must compare to an expected-good value and eliminate one or more hypotheses.",Existing Teaching Media assignment reconciled to the strongest current instructional section.
13,oshaBranchCircuitAwareness,oshaBranchCircuitAwareness,"OSHA Subpart S Electrical eTool — Conductors, Polarity, Branch Circuits, and Grounding",U.S. Occupational Safety and Health Administration,Government electrical-safety and wiring-awareness training,Required · Building-wiring awareness/reference,RETAINED + INTEGRATED,Week 13 → CETa Lesson → Building wiring awareness and flowcharts,Used in,required,YES,learn.html?week=13&stage=ceta-lesson&lesson=0&section=concept-6&from=media&media=oshaBranchCircuitAwareness,,"After using this reference, be able to locate, explain, or apply: Recognize hot/grounded/grounding functions and why polarity/grounding errors are hazardous; do not convert this awareness into authorization to perform premises wiring.",Existing Teaching Media assignment reconciled to the strongest current instructional section.
13,siemensProcessFlowcharts,siemensProcessFlowcharts,"Siemens SCE Process Automation — Flowcharts, Control Flowcharts, Process Flowcharts, and P&IDs",Siemens Automation Cooperates with Education (SCE),University-oriented process-automation training module,Required · Process/control diagram teaching,RETAINED + INTEGRATED,Week 13 → CETa Lesson → Building wiring awareness and flowcharts,Taught in,required,YES,learn.html?week=13&stage=ceta-lesson&lesson=0&section=concept-6&from=media&media=siemensProcessFlowcharts,,"After using this resource, be able to explain or apply: Identify what each diagram type is intended to communicate and trace flow direction/functional relationships without assuming it shows physical placement.",Existing Teaching Media assignment reconciled to the strongest current instructional section.
13,tiBoardTroubleshooting,tiBoardTroubleshooting,Board Level Troubleshooting,Texas Instruments,Manufacturer troubleshooting video,Required · Industry root-cause example,RETAINED + INTEGRATED,Week 13 → Career Lesson → Choose a high-information test,Demonstrated in,required,YES,learn.html?week=13&stage=career-lesson&lesson=1&section=career-w13-choose-a-high-information-test&from=media&media=tiBoardTroubleshooting,"Demonstrated in: Week 09 → Career Lesson → Use rail behavior to distinguish source, regulator, and load faults [learn.html?week=9&stage=career-lesson&lesson=1&section=career-w09-use-rail-behavior-to-distinguish-source-regulator-and-load-faults&from=media&media=tiBoardTroubleshooting] | Demonstrated in: Week 24 → Career Lesson → Bring up dependencies in order [learn.html?week=24&stage=career-lesson&lesson=1&section=career-w24-bring-up-dependencies-in-order&from=media&media=tiBoardTroubleshooting] | Demonstrated in: Week 28 → Career Lesson → Root cause survives controlled reversal [learn.html?week=28&stage=career-lesson&lesson=1&section=career-w28-root-cause-survives-controlled-reversal&from=media&media=tiBoardTroubleshooting]","After watching, be able to explain or demonstrate: Do not blame a component until board conditions, parasitics/cleanliness and controlled swap evidence support it.",Existing Teaching Media assignment reconciled to the strongest current instructional section.
14,aacComputerHardware,aacComputerHardware,"Computer Hardware — Processor, Memory, Controllers, Buses, and Peripherals",North Seattle Community College / All About Circuits,College video lecture with transcript,Required · Computer/peripheral block teaching,RETAINED + INTEGRATED,"Week 14 → CETa Lesson → Computer architecture, CPU blocks, memory, block diagrams, and flowcharts",Used in,required,YES,learn.html?week=14&stage=ceta-lesson&lesson=0&section=concept-4&from=media&media=aacComputerHardware,Used in: Week 11 → CETa Lesson → Digital displays and microcontrollers [learn.html?week=11&stage=ceta-lesson&lesson=0&section=concept-6&from=media&media=aacComputerHardware],"After watching, be able to explain or demonstrate: Trace a peripheral transaction as CPU/memory/controller/bus/device behavior instead of treating a computer as one opaque box.",Existing Teaching Media assignment reconciled to the strongest current instructional section.
14,aacMicroprocessorBusNetworks,aacMicroprocessorBusNetworks,"Microprocessor Bus Networks — Address, Data, and Control Buses",North Seattle Community College / All About Circuits,College video lecture with transcript,Required · Interface-card/bus concept teaching,RETAINED + INTEGRATED,Week 14 → CETa Lesson → Peripherals and interface devices/cards,Used in,required,YES,learn.html?week=14&stage=ceta-lesson&lesson=0&section=concept-6&from=media&media=aacMicroprocessorBusNetworks,"Used in: Week 11 → CETa Lesson → Counters, buses, clocks, timing, and logic families [learn.html?week=11&stage=ceta-lesson&lesson=0&section=concept-5&from=media&media=aacMicroprocessorBusNetworks]","After watching, be able to explain or demonstrate: Separate address selection, data transfer and control/handshake functions when tracing an interface fault.",Existing Teaching Media assignment reconciled to the strongest current instructional section.
14,automationDirectPlcScan,automationDirectPlcScan,"PLC Program Structure — Main Scan, Subroutines, and Interrupts",AutomationDirect,Manufacturer PLC training video with transcript,Required · Scan-cycle and program-structure video,RETAINED + INTEGRATED,"Week 14 → CETa Lesson → PLC purpose, scan cycle, programming concepts, and languages",Demonstrated in,required,YES,learn.html?week=14&stage=ceta-lesson&lesson=0&section=concept-5&from=media&media=automationDirectPlcScan,,"After watching, be able to explain or demonstrate: Explain why normal logic is scan-based, why scan time matters and when an interrupt is used for an event that cannot wait for the ordinary scan.",Existing Teaching Media assignment reconciled to the strongest current instructional section.
14,beejC,beejC,Beej's Guide to C Programming,Brian Hall / open textbook,Open C textbook,Required · Language reference,RETAINED + INTEGRATED,Week 14 → Career Lesson → Career integration: C programming as testable technical work,Used in,required,YES,learn.html?week=14&stage=career-lesson&lesson=1&section=career-w14-career-integration-c-programming-as-testable-technical-work&from=media&media=beejC,,"After using this reference, be able to locate, explain, or apply: Look up a rule only when needed, then apply it in compiled/tested code.",Existing Teaching Media assignment reconciled to the strongest current instructional section.
14,cs50C,cs50C,CS50x Week 4 — Memory and Pointers,Harvard University,University course notes and video,Required · Memory/pointer follow-on,RETAINED + INTEGRATED,Week 14 → Career Lesson → Addresses and pointers make memory locations explicit,Used in,required,YES,learn.html?week=14&stage=career-lesson&lesson=1&section=career-w14-addresses-and-pointers-make-memory-locations-explicit&from=media&media=cs50C,,"After watching, be able to explain or demonstrate: Draw memory/address relationships and explain segmentation/buffer failures.",Existing Teaching Media assignment reconciled to the strongest current instructional section.
14,cs50Week1C2026,cs50Week1C2026,CS50x 2026 — Week 1 C,Harvard University,"University lecture, notes, transcript, and video",Required · C foundation,RETAINED + INTEGRATED,Week 14 → Career Lesson → A C program is source text that must be translated before it runs,Taught in,required,YES,learn.html?week=14&stage=career-lesson&lesson=1&section=career-w14-a-c-program-is-source-text-that-must-be-translated-before-it-runs&from=media&media=cs50Week1C2026,,"After watching, be able to explain or demonstrate: Compile frequently and treat compiler diagnostics as evidence, not noise.",Existing Teaching Media assignment reconciled to the strongest current instructional section.
14,mitAssemblyArchitecture,mitAssemblyArchitecture,Lecture 4 — Assembly Language & Computer Architecture,MIT OpenCourseWare,University lecture video with transcript,Required · Computer-architecture lecture,RETAINED + INTEGRATED,"Week 14 → CETa Lesson → A computer repeatedly moves, transforms, and stores information",Taught in,required,YES,learn.html?week=14&stage=ceta-lesson&lesson=0&section=concept-1&from=media&media=mitAssemblyArchitecture,,"After watching, be able to explain or demonstrate: Connect instructions to registers, memory and actual hardware execution rather than treating C as an abstract language.",Existing Teaching Media assignment reconciled to the strongest current instructional section.
14,plcopen61131Languages,plcopen61131Languages,"IEC 61131-3 Programming Languages — LD, FBD, ST, and SFC",PLCopen / IEC 61131-3,Industrial-control programming standard overview,Required · PLC programming-language framework,RETAINED + INTEGRATED,"Week 14 → CETa Lesson → PLC purpose, scan cycle, programming concepts, and languages",Used in,required,YES,learn.html?week=14&stage=ceta-lesson&lesson=0&section=concept-5&from=media&media=plcopen61131Languages,,"After using this reference, be able to locate, explain, or apply: Recognize equivalent control intent across graphical/textual representations and avoid treating one vendor editor as the definition of PLC programming.",Existing Teaching Media assignment reconciled to the strongest current instructional section.
14,siemensScePlcCourses,siemensScePlcCourses,SCE PLC Courses — SIMATIC S7 and TIA Portal,Siemens Automation Cooperates with Education (SCE),Current curriculum-oriented PLC training pathway,Required · PLC foundation pathway,RETAINED + INTEGRATED,"Week 14 → CETa Lesson → PLC purpose, scan cycle, programming concepts, and languages",Taught in,required,YES,learn.html?week=14&stage=ceta-lesson&lesson=0&section=concept-5&from=media&media=siemensScePlcCourses,,"After using this resource, be able to explain or apply: Keep PLC hardware/I-O, engineering software and the user control program conceptually separate.",Existing Teaching Media assignment reconciled to the strongest current instructional section.
15,aacSequentialLogic,aacSequentialLogic,Sequential Logic,North Seattle Community College / All About Circuits,College video lecture with transcript,Required · State foundation,RETAINED + INTEGRATED,Week 15 → CETa Lesson → A state machine makes history explicit,Review of,required,YES,learn.html?week=15&stage=ceta-lesson&lesson=0&section=concept-3&from=media&media=aacSequentialLogic,Taught in: Week 11 → CETa Lesson → Sequential logic remembers state [learn.html?week=11&stage=ceta-lesson&lesson=0&section=concept-3&from=media&media=aacSequentialLogic],"After watching, be able to explain or demonstrate: Write state and transition conditions explicitly before coding.",Existing Teaching Media assignment reconciled to the strongest current instructional section.
15,armEmbedded,armEmbedded,Embedded C Programming with Arm Cortex-M,Arm,Vendor-validated video course,Required · Embedded C/machine-level course,RETAINED + INTEGRATED,Week 15 → Career Lesson → Map C onto a microcontroller before adding concurrency,Taught in,required,YES,learn.html?week=15&stage=career-lesson&lesson=1&section=career-w15-map-c-onto-a-microcontroller-before-adding-concurrency&from=media&media=armEmbedded,Review of: Week 16 → CETa Lesson → An MCU is a computer plus tightly integrated peripherals [learn.html?week=16&stage=ceta-lesson&lesson=0&section=concept-4&from=media&media=armEmbedded] | Review of: Week 26 → CETa Lesson → Memory and time define embedded correctness [learn.html?week=26&stage=ceta-lesson&lesson=0&section=concept-2&from=media&media=armEmbedded],"After watching, be able to explain or demonstrate: Connect every register operation to the machine/register/memory effect visible in the debugger.",Existing Teaching Media assignment reconciled to the strongest current instructional section.
15,microchipAsyncDrivers,microchipAsyncDrivers,Asynchronous vs. Synchronous Drivers — Non-Blocking Bare-Metal State Machines,Microchip Technology,Manufacturer embedded architecture guidance,Required · Nonblocking state-machine design guidance,RETAINED + INTEGRATED,Week 15 → Career Lesson → State machines make behavior explicit,Taught in,required,YES,learn.html?week=15&stage=career-lesson&lesson=1&section=career-w15-state-machines-make-behavior-explicit&from=media&media=microchipAsyncDrivers,,"After using this resource, be able to explain or apply: Break long/external waits into smaller state-driven tasks that return promptly and make forward progress on later loop passes.",Existing Teaching Media assignment reconciled to the strongest current instructional section.
15,microchipDesignPatterns,microchipDesignPatterns,"MCC Melody Design Patterns — Polling, Interrupt/Callback, and State-Machine Control",Microchip Technology,Manufacturer embedded design-pattern tutorial,Required · Embedded control-flow architecture,RETAINED + INTEGRATED,Week 15 → CETa Lesson → A state machine makes history explicit,Taught in,required,YES,learn.html?week=15&stage=ceta-lesson&lesson=0&section=concept-3&from=media&media=microchipDesignPatterns,,"After using this resource, be able to explain or apply: Define states, events/conditions and transitions before coding; keep interrupt work short and move longer behavior into normal application tasks/state handling.",Existing Teaching Media assignment reconciled to the strongest current instructional section.
15,microchipNonblockingTick,microchipNonblockingTick,Tick Interface Using Timer Interrupts — Non-Blocking Delays,Microchip Developer Help,Current 2026 hands-on embedded lab,Required · Timer/interrupt nonblocking lab example,RETAINED + INTEGRATED,Week 15 → Career Lesson → Blocking code prevents other work from happening,Lab preparation for,required,YES,learn.html?week=15&stage=career-lesson&lesson=1&section=career-w15-blocking-code-prevents-other-work-from-happening&from=media&media=microchipNonblockingTick,,"After using this resource, be able to explain or apply: Separate the timer ISR/tick source from application state/timing decisions and explain why the main loop can continue doing other work.",Existing Teaching Media assignment reconciled to the strongest current instructional section.
15,saleaeDigitalSignals,saleaeDigitalSignals,STM32 Nucleo Board — Digital Signals,Saleae,Manufacturer hands-on logic-analyzer tutorial,Required · Timing evidence,RETAINED + INTEGRATED,"Week 15 → Career Lesson → Career integration: embedded C, MCU architecture, and nonblocking design",Taught in,required,YES,learn.html?week=15&stage=career-lesson&lesson=1&section=career-w15-career-integration-embedded-c-mcu-architecture-and-nonblocking-design&from=media&media=saleaeDigitalSignals,Taught in: Week 11 → Career Lesson → Debounce is a time-domain problem [learn.html?week=11&stage=career-lesson&lesson=1&section=career-w11-debounce-is-a-time-domain-problem&from=media&media=saleaeDigitalSignals] | Taught in: Week 29 → CETa Lesson → Instrument evidence should tell one coherent story [learn.html?week=29&stage=ceta-lesson&lesson=0&section=concept-2&from=media&media=saleaeDigitalSignals],"After using this resource, be able to explain or apply: Preserve sample rate, channel/threshold and measured interval so timing claims are reproducible.",Existing Teaching Media assignment reconciled to the strongest current instructional section.
15,stCubeIdeBasics,stCubeIdeBasics,STM32CubeIDE basics MOOC,STMicroelectronics,Manufacturer hands-on course,Required · GPIO/EXTI/timer application,RETAINED + INTEGRATED,"Week 15 → Career Lesson → Career integration: embedded C, MCU architecture, and nonblocking design",Lab preparation for,required,YES,learn.html?week=15&stage=career-lesson&lesson=1&section=career-w15-career-integration-embedded-c-mcu-architecture-and-nonblocking-design&from=media&media=stCubeIdeBasics,"Lab preparation for: Week 16 → Career Lesson → A project contains source, configuration, and a build recipe [learn.html?week=16&stage=career-lesson&lesson=1&section=career-w16-a-project-contains-source-configuration-and-a-build-recipe&from=media&media=stCubeIdeBasics]","After watching, be able to explain or demonstrate: Identify initialization, callback/interrupt path and main-loop behavior separately.",Existing Teaching Media assignment reconciled to the strongest current instructional section.
16,armEmbedded,armEmbedded,Embedded C Programming with Arm Cortex-M,Arm,Vendor-validated video course,Required · Cortex-M architecture reinforcement,RETAINED + INTEGRATED,Week 16 → CETa Lesson → An MCU is a computer plus tightly integrated peripherals,Review of,required,YES,learn.html?week=16&stage=ceta-lesson&lesson=0&section=concept-4&from=media&media=armEmbedded,Taught in: Week 15 → Career Lesson → Map C onto a microcontroller before adding concurrency [learn.html?week=15&stage=career-lesson&lesson=1&section=career-w15-map-c-onto-a-microcontroller-before-adding-concurrency&from=media&media=armEmbedded] | Review of: Week 26 → CETa Lesson → Memory and time define embedded correctness [learn.html?week=26&stage=ceta-lesson&lesson=0&section=concept-2&from=media&media=armEmbedded],"After watching, be able to explain or demonstrate: Explain what the CPU/peripheral is doing at each debugger observation.",Existing Teaching Media assignment reconciled to the strongest current instructional section.
16,stBootStartup,stBootStartup,STM32 Boot and Startup Tips MOOC,STMicroelectronics,Manufacturer MOOC,Required · Boot/startup instruction,RETAINED + INTEGRATED,Week 16 → CETa Lesson → Clock and reset state determine whether configuration means anything,Taught in,required,YES,learn.html?week=16&stage=ceta-lesson&lesson=0&section=concept-5&from=media&media=stBootStartup,Review of: Week 24 → Career Lesson → Bring up dependencies in order [learn.html?week=24&stage=career-lesson&lesson=1&section=career-w24-bring-up-dependencies-in-order&from=media&media=stBootStartup],"After watching, be able to explain or demonstrate: Separate power, reset/boot, clock, startup and application failures.",Existing Teaching Media assignment reconciled to the strongest current instructional section.
16,stCubeIdeBasics,stCubeIdeBasics,STM32CubeIDE basics MOOC,STMicroelectronics,Manufacturer hands-on course,Required · STM32 bring-up course,RETAINED + INTEGRATED,"Week 16 → Career Lesson → A project contains source, configuration, and a build recipe",Lab preparation for,required,YES,learn.html?week=16&stage=career-lesson&lesson=1&section=career-w16-a-project-contains-source-configuration-and-a-build-recipe&from=media&media=stCubeIdeBasics,"Lab preparation for: Week 15 → Career Lesson → Career integration: embedded C, MCU architecture, and nonblocking design [learn.html?week=15&stage=career-lesson&lesson=1&section=career-w15-career-integration-embedded-c-mcu-architecture-and-nonblocking-design&from=media&media=stCubeIdeBasics]","After watching, be able to explain or demonstrate: Separate generated initialization, application code and peripheral configuration.",Existing Teaching Media assignment reconciled to the strongest current instructional section.
16,stCubeIdeDebug,stCubeIdeDebug,"STM32CubeIDE Debug — Registers, Memory, Peripherals, Breakpoints and Fault Analysis",STMicroelectronics,Manufacturer debug documentation,Required · Debug/SWD instruction,RETAINED + INTEGRATED,Week 16 → CETa Lesson → SWD exposes internal state but can alter timing,Used in,required,YES,learn.html?week=16&stage=ceta-lesson&lesson=0&section=concept-7&from=media&media=stCubeIdeDebug,,"After using this reference, be able to locate, explain, or apply: Use the debugger to prove processor/peripheral state instead of relying on printf alone.",Existing Teaching Media assignment reconciled to the strongest current instructional section.
17,cisaDeviceBackup,cisaDeviceBackup,How to Protect the Data Stored on Your Devices — Backup and Malware-Resilient Practices,U.S. Cybersecurity and Infrastructure Security Agency,Government cybersecurity training,Required · Backup/recovery and malware-resilience instruction,RETAINED + INTEGRATED,"Week 17 → CETa Lesson → Program installation, utilities, backups, downloads, and recovery",Taught in,required,YES,learn.html?week=17&stage=ceta-lesson&lesson=0&section=concept-5&from=media&media=cisaDeviceBackup,,"After using this resource, be able to explain or apply: A backup is not proven until its recovery path is understood/tested; avoid leaving removable backup media continuously exposed to ransomware.",Existing Teaching Media assignment reconciled to the strongest current instructional section.
17,ciscoNetworkingBasics,ciscoNetworkingBasics,"CCST Networking — Networking Basics, Addressing, DNS, DHCP, Troubleshooting, and Security",Cisco,Vendor networking fundamentals training pathway,Required · Basic networking pathway,RETAINED + INTEGRATED,"Week 17 → CETa Lesson → Basic operation, setup/configuration, and stand-alone versus networked computers",Taught in,required,YES,learn.html?week=17&stage=ceta-lesson&lesson=0&section=concept-4&from=media&media=ciscoNetworkingBasics,Taught in: Week 20 → CETa Lesson → Wired data/voice networks and POTS [learn.html?week=20&stage=ceta-lesson&lesson=0&section=concept-9&from=media&media=ciscoNetworkingBasics],"After using this resource, be able to explain or apply: Trace a connectivity problem from physical link through addressing/name resolution rather than jumping immediately to application blame.",Existing Teaching Media assignment reconciled to the strongest current instructional section.
17,eatonUpsVsSurge,eatonUpsVsSurge,UPS vs. Surge Suppressor — What Each Power-Protection Device Does,Eaton,Power-protection manufacturer technical explainer,Required · Electrical power-protection distinction,RETAINED + INTEGRATED,Week 17 → CETa Lesson → Surges versus malware and practical cybersecurity/network use,Taught in,required,YES,learn.html?week=17&stage=ceta-lesson&lesson=0&section=concept-6&from=media&media=eatonUpsVsSurge,,"After using this resource, be able to explain or apply: Classify a symptom as data/software/security versus power interruption/surge before recommending a control.",Existing Teaching Media assignment reconciled to the strongest current instructional section.
17,microsoftAppsUpdates,microsoftAppsUpdates,Manage Apps and Windows Updates,Microsoft Learn,Beginner Windows application/update learning path,Required · Software installation/update foundation,RETAINED + INTEGRATED,Week 17 → CETa Lesson → Surges versus malware and practical cybersecurity/network use,Taught in,required,YES,learn.html?week=17&stage=ceta-lesson&lesson=0&section=concept-6&from=media&media=microsoftAppsUpdates,,"After using this resource, be able to explain or apply: Record versions and change one software variable at a time during troubleshooting so updates/installs remain traceable.",Existing Teaching Media assignment reconciled to the strongest current instructional section.
17,microsoftDefenderBasics,microsoftDefenderBasics,"Explore Microsoft Defender — Malware Protection, Firewall, and Network Profiles",Microsoft Learn,Beginner endpoint-security module,Required · Malware/firewall/security teaching,RETAINED + INTEGRATED,Week 17 → CETa Lesson → Surges versus malware and practical cybersecurity/network use,Taught in,required,YES,learn.html?week=17&stage=ceta-lesson&lesson=0&section=concept-6&from=media&media=microsoftDefenderBasics,,"After using this resource, be able to explain or apply: Do not confuse cybersecurity threats with electrical power disturbances; diagnose the failure domain before selecting a protective control.",Existing Teaching Media assignment reconciled to the strongest current instructional section.
17,microsoftSupportTools,microsoftSupportTools,"Explore Support and Diagnostic Tools — Task Manager, Event Viewer, Reliability Monitor, MMC, Registry",Microsoft Learn,Beginner Windows diagnostic-tools module,Required · Utilities/diagnostics teaching,RETAINED + INTEGRATED,"Week 17 → CETa Lesson → Program installation, utilities, backups, downloads, and recovery",Taught in,required,YES,learn.html?week=17&stage=ceta-lesson&lesson=0&section=concept-5&from=media&media=microsoftSupportTools,,"After using this resource, be able to explain or apply: Collect evidence before changing configuration; correlate time-stamped events/process/resource symptoms with the reported failure.",Existing Teaching Media assignment reconciled to the strongest current instructional section.
17,microsoftWindowsConfig,microsoftWindowsConfig,Configure Post-Installation Settings and Personalization in Windows,Microsoft Learn,Beginner Windows client learning path,Required · Computer setup/configuration foundation,RETAINED + INTEGRATED,"Week 17 → CETa Lesson → Basic operation, setup/configuration, and stand-alone versus networked computers",Taught in,required,YES,learn.html?week=17&stage=ceta-lesson&lesson=0&section=concept-4&from=media&media=microsoftWindowsConfig,,"After using this resource, be able to explain or apply: Document configuration changes and distinguish operating-system settings from application/driver configuration.",Existing Teaching Media assignment reconciled to the strongest current instructional section.
17,pyserial,pyserial,pySerial Documentation,pySerial project,Official project documentation,Required · Host-side serial instruction/reference,RETAINED + INTEGRATED,Week 17 → Career Lesson → Use pySerial as a visible port → bytes → message pipeline,Used in,required,YES,learn.html?week=17&stage=career-lesson&lesson=1&section=career-w17-use-pyserial-as-a-visible-port-bytes-message-pipeline&from=media&media=pyserial,Used in: Week 27 → Career Lesson → Automated test is still a physical measurement system [learn.html?week=27&stage=career-lesson&lesson=1&section=career-w27-automated-test-is-still-a-physical-measurement-system&from=media&media=pyserial],"After using this reference, be able to locate, explain, or apply: Expect partial reads and define what timeout means for the test.",Existing Teaching Media assignment reconciled to the strongest current instructional section.
17,saleaeAsyncSerial,saleaeAsyncSerial,Async Serial Analyzer — User Guide,Saleae,Manufacturer protocol-analyzer guide,Required · Analyzer configuration,RETAINED + INTEGRATED,Week 17 → CETa Lesson → UART shares timing rules instead of a clock wire,Taught in,required,YES,learn.html?week=17&stage=ceta-lesson&lesson=0&section=concept-1&from=media&media=saleaeAsyncSerial,,"After using this reference, be able to locate, explain, or apply: When decoding fails, verify raw timing before changing firmware.",Existing Teaching Media assignment reconciled to the strongest current instructional section.
17,saleaeLearnAsync,saleaeLearnAsync,Learn Asynchronous Serial,Saleae,Manufacturer protocol teaching guide,Required · UART/async serial teaching,RETAINED + INTEGRATED,Week 17 → CETa Lesson → UART shares timing rules instead of a clock wire,Taught in,required,YES,learn.html?week=17&stage=ceta-lesson&lesson=0&section=concept-1&from=media&media=saleaeLearnAsync,,"After using this reference, be able to locate, explain, or apply: Calculate bit time from baud and explain how a wrong baud/framing assumption creates decode errors.",Existing Teaching Media assignment reconciled to the strongest current instructional section.
17,saleaeStm32Uart,saleaeStm32Uart,STM32 Nucleo Board — Analyzing UART,Saleae,Manufacturer hands-on tutorial,Required · STM32 UART application,RETAINED + INTEGRATED,Week 17 → Career Lesson → Define the serial contract before writing the client,Taught in,required,YES,learn.html?week=17&stage=career-lesson&lesson=1&section=career-w17-define-the-serial-contract-before-writing-the-client&from=media&media=saleaeStm32Uart,,"After using this resource, be able to explain or apply: Capture both directions and correlate configuration with measured bit timing.",Existing Teaching Media assignment reconciled to the strongest current instructional section.
18,adiMixedSignalGrounding,adiMixedSignalGrounding,Successful PCB Grounding with Mixed-Signal Chips — Follow the Path of Least Impedance,Analog Devices,Semiconductor-vendor grounding tutorial,Required · Ground/reference and return-path teaching,RETAINED + INTEGRATED,"Week 18 → CETa Lesson → Signal levels, connectors, grounding, mismatch, and conflict symptoms",Used in,required,YES,learn.html?week=18&stage=ceta-lesson&lesson=0&section=concept-4&from=media&media=adiMixedSignalGrounding,,"After using this reference, be able to locate, explain, or apply: Trace where current actually returns; do not assume every node labelled GND is automatically an ideal/common zero-impedance reference.",Existing Teaching Media assignment reconciled to the strongest current instructional section.
18,digiKeyDatasheet,digiKeyDatasheet,How To Read A Datasheet — Electronics with Becky Stern,DigiKey Electronics,Industry instructional video,Required · Sensor/peripheral datasheet workflow,RETAINED + INTEGRATED,Week 18 → Career Lesson → Translate one I²C datasheet into a wiring and transaction contract,Lab preparation for,required,YES,learn.html?week=18&stage=career-lesson&lesson=1&section=career-w18-translate-one-i2c-datasheet-into-a-wiring-and-transaction-contract&from=media&media=digiKeyDatasheet,Taught in: Week 07 → Career Lesson → Read the datasheet in a risk-first order [learn.html?week=7&stage=career-lesson&lesson=1&section=career-w07-read-the-datasheet-in-a-risk-first-order&from=media&media=digiKeyDatasheet] | Taught in: Week 08 → Career Lesson → Start from the load and work backward [learn.html?week=8&stage=career-lesson&lesson=1&section=career-w08-start-from-the-load-and-work-backward&from=media&media=digiKeyDatasheet] | Demonstrated in: Week 13 → CETa Lesson → A datasheet is conditional evidence [learn.html?week=13&stage=ceta-lesson&lesson=0&section=concept-3&from=media&media=digiKeyDatasheet],"After watching, be able to explain or demonstrate: Cite the exact register/scale equation used to turn raw bytes into engineering units.",Existing Teaching Media assignment reconciled to the strongest current instructional section.
18,molexConnectorFundamentals,molexConnectorFundamentals,"Connector Fundamentals — Gender, Polarization, Keying, Coding, and Mis-Mating Prevention",Molex,Connector-manufacturer engineering tutorial,Required · Connector compatibility/mis-mating teaching,RETAINED + INTEGRATED,"Week 18 → CETa Lesson → Signal levels, connectors, grounding, mismatch, and conflict symptoms",Taught in,required,YES,learn.html?week=18&stage=ceta-lesson&lesson=0&section=concept-4&from=media&media=molexConnectorFundamentals,,"After using this resource, be able to explain or apply: Verify pinout, orientation, mating family, power/ground assignment and mechanical keying before energizing an unfamiliar interface.",Existing Teaching Media assignment reconciled to the strongest current instructional section.
18,saleaeI2cGuide,saleaeI2cGuide,I2C Analyzer — User Guide,Saleae,Manufacturer protocol-analyzer guide,Required · I2C analyzer reference,RETAINED + INTEGRATED,Week 18 → Career Lesson → Learn the logic analyzer on that known-good I²C transaction,Used in,required,YES,learn.html?week=18&stage=career-lesson&lesson=1&section=career-w18-learn-the-logic-analyzer-on-that-known-good-i2c-transaction&from=media&media=saleaeI2cGuide,,"After using this reference, be able to locate, explain, or apply: Inspect raw waveform whenever decode conflicts with the datasheet transaction.",Existing Teaching Media assignment reconciled to the strongest current instructional section.
18,saleaeLearnI2c,saleaeLearnI2c,Learn I2C — Inter-Integrated Circuit,Saleae,Manufacturer protocol teaching guide,Required · I2C teaching guide,RETAINED + INTEGRATED,Week 18 → CETa Lesson → I2C uses shared open-drain lines and addressing,Used in,required,YES,learn.html?week=18&stage=ceta-lesson&lesson=0&section=concept-7&from=media&media=saleaeLearnI2c,,"After using this reference, be able to locate, explain, or apply: Explain why pull-ups are required and identify address/data/ACK phases in a raw transaction.",Existing Teaching Media assignment reconciled to the strongest current instructional section.
18,saleaeLearnSpi,saleaeLearnSpi,Learn SPI — Serial Peripheral Interface,Saleae,Manufacturer protocol teaching guide,Required · SPI teaching guide,RETAINED + INTEGRATED,Week 18 → Career Lesson → Only now generalize the model to SPI,Used in,required,YES,learn.html?week=18&stage=career-lesson&lesson=1&section=career-w18-only-now-generalize-the-model-to-spi&from=media&media=saleaeLearnSpi,,"After using this reference, be able to locate, explain, or apply: Determine which edge samples data and verify mode against the peripheral datasheet.",Existing Teaching Media assignment reconciled to the strongest current instructional section.
18,saleaeSpiGuide,saleaeSpiGuide,SPI Analyzer — User Guide,Saleae,Manufacturer protocol-analyzer guide,Required · SPI analyzer reference,RETAINED + INTEGRATED,Week 18 → Career Lesson → Run one small SPI comparison transaction,Used in,required,YES,learn.html?week=18&stage=career-lesson&lesson=1&section=career-w18-run-one-small-spi-comparison-transaction&from=media&media=saleaeSpiGuide,,"After using this reference, be able to locate, explain, or apply: If bytes are wrong, verify alignment and CPOL/CPHA against raw edges.",Existing Teaching Media assignment reconciled to the strongest current instructional section.
18,saleaeStm32I2c,saleaeStm32I2c,STM32 Nucleo Board — Analyzing I2C,Saleae,Manufacturer hands-on tutorial,Required · STM32 I2C sensor application,RETAINED + INTEGRATED,Week 18 → Career Lesson → I DO: prove an I²C identity-register read end to end,Taught in,required,YES,learn.html?week=18&stage=career-lesson&lesson=1&section=career-w18-i-do-prove-an-i2c-identity-register-read-end-to-end&from=media&media=saleaeStm32I2c,Taught in: Week 25 → Career Lesson → Triangulate with independent evidence [learn.html?week=25&stage=career-lesson&lesson=1&section=career-w25-triangulate-with-independent-evidence&from=media&media=saleaeStm32I2c],"After using this resource, be able to explain or apply: Correlate raw bytes with device-register intent and measured sensor change.",Existing Teaching Media assignment reconciled to the strongest current instructional section.
18,saleaeStm32Spi,saleaeStm32Spi,STM32 Nucleo Board — Analyzing SPI,Saleae,Manufacturer hands-on tutorial,Required · STM32 SPI application,RETAINED + INTEGRATED,Week 18 → Career Lesson → Run one small SPI comparison transaction,Taught in,required,YES,learn.html?week=18&stage=career-lesson&lesson=1&section=career-w18-run-one-small-spi-comparison-transaction&from=media&media=saleaeStm32Spi,Taught in: Week 25 → Career Lesson → Triangulate with independent evidence [learn.html?week=25&stage=career-lesson&lesson=1&section=career-w25-triangulate-with-independent-evidence&from=media&media=saleaeStm32Spi],"After using this resource, be able to explain or apply: Correlate transfers with chip select and raw clock/data edges.",Existing Teaching Media assignment reconciled to the strongest current instructional section.
18,silabsZigbeeBootcamp,silabsZigbeeBootcamp,"Zigbee Software Boot Camp — Forming, Joining, Commands, Events, and Persistence",Silicon Labs,Beginner hands-on wireless training series,Required · Zigbee applied training sequence,RETAINED + INTEGRATED,"Week 18 → CETa Lesson → USB, I2C, and Zigbee interfaces",Taught in,required,YES,learn.html?week=18&stage=ceta-lesson&lesson=0&section=concept-5&from=media&media=silabsZigbeeBootcamp,,"After using this resource, be able to explain or apply: Connect abstract network roles to observable commissioning/message/event behavior rather than memorizing terminology only.",Existing Teaching Media assignment reconciled to the strongest current instructional section.
18,silabsZigbeeFundamentals,silabsZigbeeFundamentals,"Zigbee Fundamentals — Architecture, Device Roles, Networking, Security, and Applications",Silicon Labs,Wireless-vendor fundamentals curriculum,Required · Zigbee architecture/fundamentals,RETAINED + INTEGRATED,"Week 18 → CETa Lesson → USB, I2C, and Zigbee interfaces",Taught in,required,YES,learn.html?week=18&stage=ceta-lesson&lesson=0&section=concept-5&from=media&media=silabsZigbeeFundamentals,,"After using this resource, be able to explain or apply: Identify coordinator/router/end-device roles and separate PHY/MAC/network/application-layer responsibilities at technician depth.",Existing Teaching Media assignment reconciled to the strongest current instructional section.
18,stUsbTraining,stUsbTraining,"STM32 USB Training — Device/Host, Transfers, Electrical Requirements, Classes, and Hands-On",STMicroelectronics,Manufacturer 10-hour MOOC with videos and exercises,Required · USB theory + STM32 implementation MOOC,RETAINED + INTEGRATED,"Week 18 → CETa Lesson → USB, I2C, and Zigbee interfaces",Used in,required,YES,learn.html?week=18&stage=ceta-lesson&lesson=0&section=concept-5&from=media&media=stUsbTraining,,"After watching, be able to explain or demonstrate: Separate host/device role, bus power/electrical constraints, enumeration/class behavior and application payload; do not treat USB as 'UART with a different plug.'",Existing Teaching Media assignment reconciled to the strongest current instructional section.
18,tiLogicTranslation,tiLogicTranslation,Logic and Voltage Translation Training,Texas Instruments,Manufacturer logic-interface video series,Required · Signal-level compatibility teaching,RETAINED + INTEGRATED,"Week 18 → CETa Lesson → Signal levels, connectors, grounding, mismatch, and conflict symptoms",Taught in,required,YES,learn.html?week=18&stage=ceta-lesson&lesson=0&section=concept-4&from=media&media=tiLogicTranslation,,"After watching, be able to explain or demonstrate: Check VIH/VIL/VOH/VOL, directionality, pull-ups/open-drain behavior and supply domains before connecting two digital devices.",Existing Teaching Media assignment reconciled to the strongest current instructional section.
19,aacAudioElectronics,aacAudioElectronics,"An Introduction to Audio Electronics — Sound, Microphones, Speakers, and Amplifiers",All About Circuits,Engineering audio-electronics teaching article,Required · Microphone/speaker/audio signal-chain teaching,RETAINED + INTEGRATED,"Week 19 → CETa Lesson → Audio/video blocks, microphones, speakers, recording and playback",Taught in,required,YES,learn.html?week=19&stage=ceta-lesson&lesson=0&section=concept-8&from=media&media=aacAudioElectronics,,"After using this resource, be able to explain or apply: Treat microphone and speaker as electroacoustic transducers with source/load behavior; identify where weak-signal gain, power gain, bandwidth, distortion and impedance problems appear in the chain.",Existing Teaching Media assignment reconciled to the strongest current instructional section.
19,aacImageSensorIntro,aacImageSensorIntro,"Introduction to Image Sensor Technology — Photons to Electrons, CCD and CMOS",All About Circuits,Engineering image-sensor/camera teaching article,Required · Camera/image-sensor foundation,RETAINED + INTEGRATED,"Week 19 → CETa Lesson → Cameras, opto-isolators, and broadband optical links",Taught in,required,YES,learn.html?week=19&stage=ceta-lesson&lesson=0&section=concept-12&from=media&media=aacImageSensorIntro,,"After using this resource, be able to explain or apply: Trace photons → photosensitive pixel/device → charge/electrical signal → readout/processing instead of treating a camera as a black box.",Existing Teaching Media assignment reconciled to the strongest current instructional section.
19,aacOptocouplerBasics,aacOptocouplerBasics,Beyond the Optocoupler — Understanding Optical Isolation and Digital Isolators,All About Circuits,Engineering isolation tutorial,Required · Optocoupler/isolation teaching,RETAINED + INTEGRATED,"Week 19 → CETa Lesson → Cameras, opto-isolators, and broadband optical links",Taught in,required,YES,learn.html?week=19&stage=ceta-lesson&lesson=0&section=concept-12&from=media&media=aacOptocouplerBasics,,"After using this resource, be able to explain or apply: Explain that information crosses the isolation barrier without a direct conductive signal path and identify speed/aging/performance tradeoffs at a conceptual level.",Existing Teaching Media assignment reconciled to the strongest current instructional section.
19,aacOptoelectronicsIntro,aacOptoelectronicsIntro,"An Introduction to Optoelectronics — LEDs, Photoresistors, Photodiodes, Solar Cells, Phototransistors, and Optoisolators",All About Circuits,Engineering optoelectronics teaching article,Required · Optoelectronic-device foundation,RETAINED + INTEGRATED,"Week 19 → CETa Lesson → Photovoltaic cells, photodiodes, phototransistors, LDRs, materials, and symbols",Taught in,required,YES,learn.html?week=19&stage=ceta-lesson&lesson=0&section=concept-11&from=media&media=aacOptoelectronicsIntro,,"After using this resource, be able to explain or apply: For each device, state whether electrical energy becomes light or light becomes an electrical quantity, and what circuit role that enables.",Existing Teaching Media assignment reconciled to the strongest current instructional section.
19,digiKeyOptoDisplays,digiKeyOptoDisplays,"Getting Started with Optoelectronic Displays — LED, LCD, OLED, Plasma, e-Paper, and Touch",DigiKey Electronics,Distributor engineering video,Required · Display-technology video,RETAINED + INTEGRATED,"Week 19 → CETa Lesson → Display technologies: LED, seven-segment, LCD, OLED, and tradeoffs",Demonstrated in,required,YES,learn.html?week=19&stage=ceta-lesson&lesson=0&section=concept-10&from=media&media=digiKeyOptoDisplays,,"After watching, be able to explain or demonstrate: Separate the display technology that creates/modulates light from the digital/analog interface used to drive it.",Existing Teaching Media assignment reconciled to the strongest current instructional section.
19,digiKeyPhotoDevices,digiKeyPhotoDevices,The Basics of Photodiodes and Phototransistors and How to Apply Them,DigiKey Electronics,Engineering tutorial on photoelectric semiconductor devices,Required · Photodiode/phototransistor application teaching,RETAINED + INTEGRATED,"Week 19 → CETa Lesson → Photovoltaic cells, photodiodes, phototransistors, LDRs, materials, and symbols",Taught in,required,YES,learn.html?week=19&stage=ceta-lesson&lesson=0&section=concept-11&from=media&media=digiKeyPhotoDevices,,"After using this resource, be able to explain or apply: Connect wavelength/sensitivity, bias mode, dark current, response speed and interface/amplifier choice to measurement behavior.",Existing Teaching Media assignment reconciled to the strongest current instructional section.
19,foaMediaLectureIndex,foaMediaLectureIndex,FOA Fiber Optics and Premises Cabling Video Lecture Index,The Fiber Optic Association,Professional training lecture series,Required · Fiber teaching sequence,RETAINED + INTEGRATED,Week 19 → CETa Lesson → Optical links move modulated light through a controlled path,Taught in,required,YES,learn.html?week=19&stage=ceta-lesson&lesson=0&section=concept-3&from=media&media=foaMediaLectureIndex,"Used in: Week 19 → CETa Lesson → Coax, copper pairs, fiber, impedance, and termination [learn.html?week=19&stage=ceta-lesson&lesson=0&section=concept-5&from=media&media=foaMediaLectureIndex] | Used in: Week 19 → CETa Lesson → Bonding, splicing, crimping, and cable preparation [learn.html?week=19&stage=ceta-lesson&lesson=0&section=concept-6&from=media&media=foaMediaLectureIndex] | Used in: Week 19 → CETa Lesson → Cable testing, dB loss, connectors, and defects [learn.html?week=19&stage=ceta-lesson&lesson=0&section=concept-7&from=media&media=foaMediaLectureIndex]","After watching, be able to explain or demonstrate: Trace source→fiber/path→receiver; explain loss, connector/bend effects, eye safety and why test method depends on the fault question.",Existing Teaching Media assignment reconciled to the strongest current instructional section.
19,foaPremisesGuide,foaPremisesGuide,FOA Premises Cabling Reference and Training,The Fiber Optic Association,Professional training reference with lecture links and quizzes,Required · Copper/coax/media sequence,RETAINED + INTEGRATED,"Week 19 → CETa Lesson → Coax, copper pairs, fiber, impedance, and termination",Taught in,required,YES,learn.html?week=19&stage=ceta-lesson&lesson=0&section=concept-5&from=media&media=foaPremisesGuide,,"After watching, be able to explain or demonstrate: Choose media/termination from signal, distance/environment and failure mode; distinguish continuity/wiremap from signal-quality evidence.",Existing Teaching Media assignment reconciled to the strongest current instructional section.
19,foaSplicesConnectors,foaSplicesConnectors,FOA Lecture 5 — Splices and Connectors,The Fiber Optic Association,Professional training video,Required · Fiber termination video,RETAINED + INTEGRATED,"Week 19 → CETa Lesson → Bonding, splicing, crimping, and cable preparation",Demonstrated in,required,YES,learn.html?week=19&stage=ceta-lesson&lesson=0&section=concept-6&from=media&media=foaSplicesConnectors,,"After watching, be able to explain or demonstrate: Treat connector condition/cleanliness and mating as electrical/optical evidence, not cosmetic appearance.",Existing Teaching Media assignment reconciled to the strongest current instructional section.
19,foaTestingOverview,foaTestingOverview,FOA Lecture 12 — Fiber Optic Testing Overview,The Fiber Optic Association,Professional training video,Required · Fiber test video,RETAINED + INTEGRATED,"Week 19 → CETa Lesson → Cable testing, dB loss, connectors, and defects",Demonstrated in,required,YES,learn.html?week=19&stage=ceta-lesson&lesson=0&section=concept-7&from=media&media=foaTestingOverview,,"After watching, be able to explain or demonstrate: Select a test from the failure mode rather than defaulting to one instrument.",Existing Teaching Media assignment reconciled to the strongest current instructional section.
19,neetsMagneticRecording,neetsMagneticRecording,NEETS Module 23 — Magnetic Recording: Record/Reproduce Electronics and Signal Path,U.S. Navy / Naval Education and Training Professional Development and Technology Center,Legacy technician self-study module used only for enduring recording/reproduction electronics concepts,Required · Recording/reproduction electronics concept path,RETAINED + INTEGRATED,"Week 19 → CETa Lesson → Audio/video blocks, microphones, speakers, recording and playback",Taught in,required,YES,learn.html?week=19&stage=ceta-lesson&lesson=0&section=concept-8&from=media&media=neetsMagneticRecording,,"After using this resource, be able to explain or apply: Focus on record/reproduce heads/electronics, signal flow and performance concepts—not obsolete tape/disk formats or historical Navy equipment procedures.",Existing Teaching Media assignment reconciled to the strongest current instructional section.
19,tekDigitalVideoPrimer,tekDigitalVideoPrimer,Guide to Standard and HD Digital Video Measurements,Tektronix,Test-and-measurement manufacturer video-signal primer,Required · Video equipment/signal-path orientation,RETAINED + INTEGRATED,"Week 19 → CETa Lesson → Interfacing, distortion, conflicts, fault isolation, and signal levels",Used in,required,YES,learn.html?week=19&stage=ceta-lesson&lesson=0&section=concept-9&from=media&media=tekDigitalVideoPrimer,,"After watching, be able to explain or demonstrate: Identify source, transport and destination blocks and connect amplitude/timing/termination errors to video-path symptoms; do not attempt professional broadcast certification depth.",Existing Teaching Media assignment reconciled to the strongest current instructional section.
19,tiAudioAmpBasics,tiAudioAmpBasics,Audio Amplifier Basics,Texas Instruments,Manufacturer video,Required · Audio teaching video,RETAINED + INTEGRATED,"Week 19 → CETa Lesson → Audio/video blocks, microphones, speakers, recording and playback",Used in,required,YES,learn.html?week=19&stage=ceta-lesson&lesson=0&section=concept-8&from=media&media=tiAudioAmpBasics,"Used in: Week 10 → CETa Lesson → Amplifier roles, classes, stages, and frequency response [learn.html?week=10&stage=ceta-lesson&lesson=0&section=concept-4&from=media&media=tiAudioAmpBasics]","After watching, be able to explain or demonstrate: Trace where gain, clipping, bandwidth/noise and load interaction can create symptoms.",Existing Teaching Media assignment reconciled to the strongest current instructional section.
19,tiAudioFundamentals,tiAudioFundamentals,TI Precision Labs — Audio Fundamentals,Texas Instruments,Manufacturer video series,Required · Audio manufacturer series,RETAINED + INTEGRATED,"Week 19 → CETa Lesson → Interfacing, distortion, conflicts, fault isolation, and signal levels",Used in,required,YES,learn.html?week=19&stage=ceta-lesson&lesson=0&section=concept-9&from=media&media=tiAudioFundamentals,Used in: Week 10 → Career Lesson → Report gain across frequency and load [learn.html?week=10&stage=career-lesson&lesson=1&section=career-w10-report-gain-across-frequency-and-load&from=media&media=tiAudioFundamentals],"After watching, be able to explain or demonstrate: Connect each spec to what could be measured at a test point instead of memorizing labels.",Existing Teaching Media assignment reconciled to the strongest current instructional section.
20,aacTransmissionLine,aacTransmissionLine,What Is a Transmission Line?,All About Circuits,Engineering RF textbook tutorial,Required · RF engineering tutorial,RETAINED + INTEGRATED,"Week 20 → CETa Lesson → Antennas, feedlines, impedance matching, SWR/VSWR, and feedline types",Taught in,required,YES,learn.html?week=20&stage=ceta-lesson&lesson=0&section=concept-5&from=media&media=aacTransmissionLine,,"After using this resource, be able to explain or apply: Explain why an RF interconnect can change the signal even when DC continuity is perfect.",Existing Teaching Media assignment reconciled to the strongest current instructional section.
20,ciscoNetworkingBasics,ciscoNetworkingBasics,"CCST Networking — Networking Basics, Addressing, DNS, DHCP, Troubleshooting, and Security",Cisco,Vendor networking fundamentals training pathway,Required · Wired-data network baseline,RETAINED + INTEGRATED,Week 20 → CETa Lesson → Wired data/voice networks and POTS,Taught in,required,YES,learn.html?week=20&stage=ceta-lesson&lesson=0&section=concept-9&from=media&media=ciscoNetworkingBasics,"Taught in: Week 17 → CETa Lesson → Basic operation, setup/configuration, and stand-alone versus networked computers [learn.html?week=17&stage=ceta-lesson&lesson=0&section=concept-4&from=media&media=ciscoNetworkingBasics]","After using this resource, be able to explain or apply: Distinguish the physical/link network path from IP addressing/name/service behavior and from analog POTS voice signaling.",Existing Teaching Media assignment reconciled to the strongest current instructional section.
20,ciscoPotsLoopSignaling,ciscoPotsLoopSignaling,"Voice Network Signaling and Control — Loop-Start Tip/Ring, Off-Hook Current, and Ringing",Cisco,Telecommunications technical tutorial,Required · POTS loop-start signaling instruction,RETAINED + INTEGRATED,Week 20 → CETa Lesson → Wired data/voice networks and POTS,Taught in,required,YES,learn.html?week=20&stage=ceta-lesson&lesson=0&section=concept-9&from=media&media=ciscoPotsLoopSignaling,,"After using this resource, be able to explain or apply: Distinguish the DC loop-current state from the AC ringing signal and keep this analog signaling layer separate from the DSL frequency-splitting concept taught by the companion POTS splitter resource.",Existing Teaching Media assignment reconciled to the strongest current instructional section.
20,ciscoPotsSplitters,ciscoPotsSplitters,Using POTS Splitters and Microfilters in a DSL Environment,Cisco,Network-vendor POTS/DSL wired voice-data technical tutorial,Required · POTS/wired voice-data coexistence teaching,RETAINED + INTEGRATED,Week 20 → CETa Lesson → Wired data/voice networks and POTS,Taught in,required,YES,learn.html?week=20&stage=ceta-lesson&lesson=0&section=concept-9&from=media&media=ciscoPotsSplitters,,"After using this resource, be able to explain or apply: Recognize POTS voice and broadband data as different frequency uses of the same copper pair and diagnose missing/incorrect filtering as a voice/data coexistence fault.",Existing Teaching Media assignment reconciled to the strongest current instructional section.
20,fccRF,fccRF,OET Bulletin 65 — RF Exposure,U.S. Federal Communications Commission,Government safety reference,Required · Safety reference,RETAINED + INTEGRATED,Week 20 → CETa Lesson → RF systems move information through electromagnetic energy,Taught in,required,YES,learn.html?week=20&stage=ceta-lesson&lesson=0&section=concept-10&from=media&media=fccRF,,"After using this reference, be able to locate, explain, or apply: Do not infer safety from ‘low voltage’ when RF power is involved.",Existing Teaching Media assignment reconciled to the strongest current instructional section.
20,neetsAntennas,neetsAntennas,"NEETS Module 10 — Wave Propagation, Transmission Lines, Antennas, Matching, and SWR",U.S. Navy / Naval Education and Training,Legacy technician self-study module used for enduring RF/antenna fundamentals,Required · Antenna/transmission-line/SWR fundamentals,RETAINED + INTEGRATED,"Week 20 → CETa Lesson → Antennas, feedlines, impedance matching, SWR/VSWR, and feedline types",Taught in,required,YES,learn.html?week=20&stage=ceta-lesson&lesson=0&section=concept-5&from=media&media=neetsAntennas,,"After using this resource, be able to explain or apply: Connect mismatch to reflected energy/standing waves and use wavelength/frequency relationships to reason about antenna dimensions and behavior.",Existing Teaching Media assignment reconciled to the strongest current instructional section.
20,neetsRfComms,neetsRfComms,"NEETS Module 17 — RF Communications: Receiver Fundamentals, Radio Services, and Satellite Links",U.S. Navy / Naval Education and Training,Legacy technician RF communications course used only for enduring receiver/system fundamentals,"Required · Receiver, radio-service, and satellite fundamentals",RETAINED + INTEGRATED,"Week 20 → CETa Lesson → Two-way, cellular/wireless, and satellite communications",Taught in,required,YES,learn.html?week=20&stage=ceta-lesson&lesson=0&section=concept-8&from=media&media=neetsRfComms,,"After using this resource, be able to explain or apply: For a received signal, trace antenna → receiver selection/amplification/detection/reproduction and distinguish terrestrial radio service from satellite relay architecture.",Existing Teaching Media assignment reconciled to the strongest current instructional section.
20,nptelComms,nptelComms,Principles of Communication Systems I,NPTEL,University video course,Required · Communications lecture sequence,RETAINED + INTEGRATED,Week 20 → CETa Lesson → Modulation and receivers transform representation,Used in,required,YES,learn.html?week=20&stage=ceta-lesson&lesson=0&section=concept-12&from=media&media=nptelComms,,"After watching, be able to explain or demonstrate: Treat it as communications theory, not a complete telecommunications-hardware course; keep antenna, matching/SWR, receiver hardware, cellular, satellite and wired voice/data topics tied to their dedicated resources below.",Existing Teaching Media assignment reconciled to the strongest current instructional section.
20,qualcommCellularBasics,qualcommCellularBasics,Fundamentals of Wireless Signals and Cellular Networks,Qualcomm,Cellular-technology developer fundamentals article,Required · Cellular-network fundamentals,RETAINED + INTEGRATED,"Week 20 → CETa Lesson → Two-way, cellular/wireless, and satellite communications",Taught in,required,YES,learn.html?week=20&stage=ceta-lesson&lesson=0&section=concept-8&from=media&media=qualcommCellularBasics,,"After using this resource, be able to explain or apply: Separate radio access/cell coverage from the wider telephone/data network behind the base station.",Existing Teaching Media assignment reconciled to the strongest current instructional section.
20,rsOccupiedBandwidth,rsOccupiedBandwidth,Understanding Occupied Bandwidth,Rohde & Schwarz,Test-equipment manufacturer video,Required · Applied spectrum video,RETAINED + INTEGRATED,Week 20 → Career Lesson → Classify spectral features before explaining their cause,Demonstrated in,required,YES,learn.html?week=20&stage=career-lesson&lesson=1&section=career-w20-classify-spectral-features-before-explaining-their-cause&from=media&media=rsOccupiedBandwidth,,"After watching, be able to explain or demonstrate: Configure center frequency, channel/percent-power settings and interpret whether signal width indicates a path/modulation problem.",Existing Teaching Media assignment reconciled to the strongest current instructional section.
20,rsRfDefinition,rsRfDefinition,Definition of RF and Microwaves,Rohde & Schwarz,Test-equipment manufacturer video,Required · RF teaching video,RETAINED + INTEGRATED,Week 20 → CETa Lesson → RF behavior depends on frequency and physical geometry,Taught in,required,YES,learn.html?week=20&stage=ceta-lesson&lesson=0&section=concept-1&from=media&media=rsRfDefinition,,"After watching, be able to explain or demonstrate: Relate higher frequency to shorter wavelength and to practical interconnect/antenna behavior.",Existing Teaching Media assignment reconciled to the strongest current instructional section.
20,rsSpectrumBasics,rsSpectrumBasics,Understanding Basic Spectrum Analyzer Operation,Rohde & Schwarz,Test-equipment manufacturer video,Required · Spectrum-analyzer video,RETAINED + INTEGRATED,Week 20 → Career Lesson → A spectrum analyzer shows signal energy versus frequency,Demonstrated in,required,YES,learn.html?week=20&stage=career-lesson&lesson=1&section=career-w20-a-spectrum-analyzer-shows-signal-energy-versus-frequency&from=media&media=rsSpectrumBasics,Demonstrated in: Week 03 → CETa Lesson → Oscilloscope controls and spectrum analyzer operation [learn.html?week=3&stage=ceta-lesson&lesson=0&section=concept-7&from=media&media=rsSpectrumBasics],"After watching, be able to explain or demonstrate: Predict how narrowing RBW changes selectivity/noise floor/sweep time and how reference level can cause compression/overload.",Existing Teaching Media assignment reconciled to the strongest current instructional section.
21,etaCompetencies,etaCompetencies,ETA Associate CET (CETa) Competency Requirements,ETA International,Official standard,Required · Scope/remediation map,RETAINED + INTEGRATED,Week 21 → CETa Lesson → Turn misses into a standards repair map,Used in,required,YES,learn.html?week=21&stage=ceta-lesson&lesson=0&section=concept-6&from=media&media=etaCompetencies,Used in: Week 31 → CETa Lesson → Official information can change [learn.html?week=31&stage=ceta-lesson&lesson=0&section=concept-3&from=media&media=etaCompetencies],"After using this reference, be able to locate, explain, or apply: Use the competency document to identify scope—not as instruction. Remediation must come from assigned Teaching Media; do not use Alfred lesson prose or the private Study Guide to prove media completeness.",Existing Teaching Media assignment reconciled to the strongest current instructional section.
21,etaFormula,etaFormula,Common Formulas,ETA International,Official reference,Required · Post-attempt reference,RETAINED + INTEGRATED,Week 21 → CETa Lesson → Use a compact scratch framework,Used in,required,YES,learn.html?week=21&stage=ceta-lesson&lesson=0&section=concept-5&from=media&media=etaFormula,Used in: Week 05 → CETa Lesson → Practice and misconceptions [learn.html?week=5&stage=ceta-lesson&lesson=0&section=practice&from=media&media=etaFormula],"After using this reference, be able to locate, explain, or apply: Do not use the sheet during the independent retrieval attempt.",Existing Teaching Media assignment reconciled to the strongest current instructional section.
21,privateGuide,privateGuide,"Associate CET Study Guide, Sixth Edition",ETA International,Student-provided private study guide,Optional course practice · Not Teaching Media evidence,REMOVED FROM TEACHING MEDIA,,,,,,,,Private CETa Study Guide is reserved for the later dedicated Study Guide integration phase and is not a Teaching Media source.
21,ucsdRetrieval,ucsdRetrieval,Retrieval Practice,University of California San Diego Department of Psychology,University evidence-based learning guide with how-to video,Required · Repair method,RETAINED + INTEGRATED,"Week 21 → CETa Lesson → Repair the cause, not the score",Used in,required,YES,learn.html?week=21&stage=ceta-lesson&lesson=0&section=concept-3&from=media&media=ucsdRetrieval,,"After watching, be able to explain or demonstrate: Classify a miss as concept, formula/unit, interpretation, procedure, or selection error before remediation.",Existing Teaching Media assignment reconciled to the strongest current instructional section.
21,ucsdStudyVideos,ucsdStudyVideos,"Effective Study Techniques Videos — Spaced, Retrieval, and Interleaved Practice",University of California San Diego Department of Psychology,University instructional video series,Required · Learning-method videos,RETAINED + INTEGRATED,Week 21 → CETa Lesson → Breadth requires selection practice,Taught in,required,YES,learn.html?week=21&stage=ceta-lesson&lesson=0&section=concept-1&from=media&media=ucsdStudyVideos,"Review of: Week 31 → CETa Lesson → Retention needs spaced retrieval, not permanent cramming [learn.html?week=31&stage=ceta-lesson&lesson=0&section=concept-4&from=media&media=ucsdStudyVideos]","After watching, be able to explain or demonstrate: Use mixed cues and delayed recall deliberately; do not reread a domain until after an independent attempt.",Existing Teaching Media assignment reconciled to the strongest current instructional section.
22,mitEECSMethods,mitEECSMethods,MIT EECS Communication Lab — Electrical Engineering Methods: Reproducible Experimental Procedure,MIT EECS Communication Lab,University technical-writing and experimental-method guide,Required · Reproducible technical-method writing,RETAINED + INTEGRATED,"Week 22 → Career Lesson → Career integration: Git, command line, lab notes, reports, and technical handoff",Taught in,required,YES,learn.html?week=22&stage=career-lesson&lesson=1&section=career-w22-career-integration-git-command-line-lab-notes-reports-and-technical-hand&from=media&media=mitEECSMethods,,"After using this reference, be able to locate, explain, or apply: Include only the necessary but sufficient setup/method detail, units/settings and rationale needed to repeat and verify the result.",Existing Teaching Media assignment reconciled to the strongest current instructional section.
22,mitGit2026,mitGit2026,The Missing Semester 2026 — Version Control and Git,MIT,"University Git lecture with video, notes, and command-line exercises",Required · Command-line Git/history/diff teaching,RETAINED + INTEGRATED,"Week 22 → Career Lesson → Career integration: Git, command line, lab notes, reports, and technical handoff",Used in,required,YES,learn.html?week=22&stage=career-lesson&lesson=1&section=career-w22-career-integration-git-command-line-lab-notes-reports-and-technical-hand&from=media&media=mitGit2026,Review of: Week 23 → Career Lesson → A baseline is a recoverable state [learn.html?week=23&stage=career-lesson&lesson=1&section=career-w23-a-baseline-is-a-recoverable-state&from=media&media=mitGit2026],"After watching, be able to explain or demonstrate: Before changing hardware/firmware, identify the known-good commit; inspect status/diff before committing and use history to explain what changed and why.",Existing Teaching Media assignment reconciled to the strongest current instructional section.
22,mitRequirements,mitRequirements,Session 2 — Requirements Definition,MIT OpenCourseWare,University systems-engineering video lecture with transcript,Required · Systems-engineering video lecture,RETAINED + INTEGRATED,Week 22 → Career Lesson → A requirement describes observable behavior and conditions,Taught in,required,YES,learn.html?week=22&stage=career-lesson&lesson=1&section=career-w22-a-requirement-describes-observable-behavior-and-conditions&from=media&media=mitRequirements,Review of: Week 23 → Career Lesson → Plan first power as a test case [learn.html?week=23&stage=career-lesson&lesson=1&section=career-w23-plan-first-power-as-a-test-case&from=media&media=mitRequirements],"After watching, be able to explain or demonstrate: Rewrite vague wishes as observable subject + condition + required behavior with measurable bounds where applicable.",Existing Teaching Media assignment reconciled to the strongest current instructional section.
22,mitShell2026,mitShell2026,The Missing Semester 2026 — Course Overview and Introduction to the Shell,MIT,"University command-line lecture with video, notes, and exercises",Required · Command-line workflow teaching,RETAINED + INTEGRATED,"Week 22 → Career Lesson → Career integration: Git, command line, lab notes, reports, and technical handoff",Used in,required,YES,learn.html?week=22&stage=career-lesson&lesson=1&section=career-w22-career-integration-git-command-line-lab-notes-reports-and-technical-hand&from=media&media=mitShell2026,,"After watching, be able to explain or demonstrate: Know the current directory, exact command, arguments, input/output and resulting artifact/log before claiming a workflow is reproducible.",Existing Teaching Media assignment reconciled to the strongest current instructional section.
22,mitShipping2026,mitShipping2026,The Missing Semester 2026 — Packaging and Shipping Code,MIT,University release/versioning/dependency/configuration lecture with video,Required · Technical handoff/release reproducibility teaching,RETAINED + INTEGRATED,"Week 22 → Career Lesson → Career integration: Git, command line, lab notes, reports, and technical handoff",Used in,required,YES,learn.html?week=22&stage=career-lesson&lesson=1&section=career-w22-career-integration-git-command-line-lab-notes-reports-and-technical-hand&from=media&media=mitShipping2026,Used in: Week 23 → Career Lesson → Recovery paths are part of readiness [learn.html?week=23&stage=career-lesson&lesson=1&section=career-w23-recovery-paths-are-part-of-readiness&from=media&media=mitShipping2026],"After watching, be able to explain or demonstrate: A receiver should be able to identify what version was handed off, reproduce its environment/dependencies and understand material changes from the prior release.",Existing Teaching Media assignment reconciled to the strongest current instructional section.
22,mitStrobeLabNotes,mitStrobeLabNotes,"MIT 6.163 Strobe Project Laboratory — Lab Notebooks, Protocols, Data, and Reports",MIT OpenCourseWare / Electrical Engineering and Computer Science,University engineering-laboratory documentation guidance,Required · Engineering lab-notebook and reporting practice,RETAINED + INTEGRATED,"Week 22 → Career Lesson → Career integration: Git, command line, lab notes, reports, and technical handoff",Used in,required,YES,learn.html?week=22&stage=career-lesson&lesson=1&section=career-w22-career-integration-git-command-line-lab-notes-reports-and-technical-hand&from=media&media=mitStrobeLabNotes,,"After using this reference, be able to locate, explain, or apply: Do not reconstruct missing data after the fact; preserve calculations/settings/results needed to reproduce or audit the test.",Existing Teaching Media assignment reconciled to the strongest current instructional section.
22,mitVerification,mitVerification,Session 9 — Verification and Validation,MIT OpenCourseWare,University systems-engineering video lecture with transcript,Required · Verification/validation lecture,RETAINED + INTEGRATED,Week 22 → Career Lesson → Verification asks whether it meets the requirement,Taught in,required,YES,learn.html?week=22&stage=career-lesson&lesson=1&section=career-w22-verification-asks-whether-it-meets-the-requirement&from=media&media=mitVerification,Review of: Week 27 → Career Lesson → Verdicts need explicit semantics [learn.html?week=27&stage=career-lesson&lesson=1&section=career-w27-verdicts-need-explicit-semantics&from=media&media=mitVerification],"After watching, be able to explain or demonstrate: For every project requirement, name how you will prove it before building.",Existing Teaching Media assignment reconciled to the strongest current instructional section.
22,nasaRequirementAppendix,nasaRequirementAppendix,NASA Systems Engineering Handbook Appendix — How to Write a Good Requirement,NASA,Government engineering reference,Required · Authoritative requirement reference,RETAINED + INTEGRATED,Week 22 → Career Lesson → A requirement describes observable behavior and conditions,Used in,required,YES,learn.html?week=22&stage=career-lesson&lesson=1&section=career-w22-a-requirement-describes-observable-behavior-and-conditions&from=media&media=nasaRequirementAppendix,,"After using this reference, be able to locate, explain, or apply: Use ‘shall’ for requirements, active voice, necessary tolerances and testable/implementation-independent wording.",Existing Teaching Media assignment reconciled to the strongest current instructional section.
22,nasaSystems,nasaSystems,NASA Systems Engineering Handbook,NASA,Government engineering handbook,Required · Traceability/reference,RETAINED + INTEGRATED,Week 22 → Career Lesson → Traceability controls scope,Used in,required,YES,learn.html?week=22&stage=career-lesson&lesson=1&section=career-w22-traceability-controls-scope&from=media&media=nasaSystems,Used in: Week 23 → Career Lesson → A controlled baseline isolates future change [learn.html?week=23&stage=career-lesson&lesson=1&section=career-w23-a-controlled-baseline-isolates-future-change&from=media&media=nasaSystems] | Used in: Week 26 → Career Lesson → Architecture follows responsibilities and test seams [learn.html?week=26&stage=career-lesson&lesson=1&section=career-w26-architecture-follows-responsibilities-and-test-seams&from=media&media=nasaSystems] | Used in: Week 28 → Career Lesson → The report should show the reasoning chain [learn.html?week=28&stage=career-lesson&lesson=1&section=career-w28-the-report-should-show-the-reasoning-chain&from=media&media=nasaSystems],"After using this reference, be able to locate, explain, or apply: Every verification record should point back to a requirement and vice versa.",Existing Teaching Media assignment reconciled to the strongest current instructional section.
22,onetTech,onetTech,Electrical and Electronic Engineering Technologists and Technicians,O*NET OnLine / U.S. Department of Labor,Government occupational evidence,Reference · Career transfer,RETAINED + INTEGRATED,"Week 22 → Career Lesson → Career integration: Git, command line, lab notes, reports, and technical handoff",Used in,supporting,YES,learn.html?week=22&stage=career-lesson&lesson=1&section=career-w22-career-integration-git-command-line-lab-notes-reports-and-technical-hand&from=media&media=onetTech,"Used in: Week 29 → Career Lesson → Select evidence by job task, not visual appeal [learn.html?week=29&stage=career-lesson&lesson=1&section=career-w29-select-evidence-by-job-task-not-visual-appeal&from=media&media=onetTech] | Taught in: Week 30 → Career Lesson → Target roles by transferable task, not title alone [learn.html?week=30&stage=career-lesson&lesson=1&section=career-w30-target-roles-by-transferable-task-not-title-alone&from=media&media=onetTech] | Used in: Week 31 → Career Lesson → Use a role filter before spending application energy [learn.html?week=31&stage=career-lesson&lesson=1&section=career-w31-use-a-role-filter-before-spending-application-energy&from=media&media=onetTech]","After using this reference, be able to locate, explain, or apply: Use occupational tasks to choose relevant proof, not to claim a job outcome.",Existing Teaching Media assignment reconciled to the strongest current instructional section.
23,autodeskElectronicsBom,autodeskElectronicsBom,"Electronics Bill of Materials — Quantity, Value, Reference Designator, Footprint, and Manufacturer Part Number",Autodesk Fusion Electronics,EDA documentation teaching BOM completeness and fields,Required · Electronics BOM identity/completeness teaching,RETAINED + INTEGRATED,Week 23 → Career Lesson → A bill of materials must resolve ambiguity,Used in,required,YES,learn.html?week=23&stage=career-lesson&lesson=1&section=career-w23-a-bill-of-materials-must-resolve-ambiguity&from=media&media=autodeskElectronicsBom,,"After using this reference, be able to locate, explain, or apply: A generic part name is not enough—tie each populated design position to an unambiguous package/value/MPN and quantity where the project requires it.",Existing Teaching Media assignment reconciled to the strongest current instructional section.
23,githubSkills,githubSkills,Introduction to Git,GitHub Skills,Beginner Git / command-line training,Required · Intro GitHub collaboration workflow,RETAINED + INTEGRATED,Week 23 → Career Lesson → A repository is the project’s reconstructable memory,Lab preparation for,required,YES,learn.html?week=23&stage=career-lesson&lesson=1&section=career-w23-a-repository-is-the-projects-reconstructable-memory&from=media&media=githubSkills,"Lab preparation for: Week 12 → Career Lesson → Command-line navigation is a small reproducibility tool, not assumed knowledge [learn.html?week=12&stage=career-lesson&lesson=1&section=career-w12-command-line-navigation-is-a-small-reproducibility-tool-not-assumed-know&from=media&media=githubSkills]","After using this resource, be able to explain or apply: Do not infer command-line status/diff/log, rollback or complete configuration management from this introduction; those skills are taught by the resources below.",Existing Teaching Media assignment reconciled to the strongest current instructional section.
23,keysightBenchPowerCourse,keysightBenchPowerCourse,Bench Power Supply Basics,Keysight Technologies,Manufacturer video course,Required · Pre-bring-up refresher,RETAINED + INTEGRATED,Week 23 → Career Lesson → Plan first power as a test case,Lab preparation for,required,YES,learn.html?week=23&stage=career-lesson&lesson=1&section=career-w23-plan-first-power-as-a-test-case&from=media&media=keysightBenchPowerCourse,Lab preparation for: Week 01 → Career Lesson → Current limiting is a protective boundary and a diagnostic clue [learn.html?week=1&stage=career-lesson&lesson=1&section=career-w01-current-limiting-is-a-protective-boundary-and-a-diagnostic-clue&from=media&media=keysightBenchPowerCourse] | Demonstrated in: Week 03 → CETa Lesson → A bench supply has two interacting limits [learn.html?week=3&stage=ceta-lesson&lesson=0&section=concept-2&from=media&media=keysightBenchPowerCourse],"After watching, be able to explain or demonstrate: Select conservative voltage/current limits from device/board requirements and predict normal current behavior.",Existing Teaching Media assignment reconciled to the strongest current instructional section.
23,mitGit2026,mitGit2026,The Missing Semester 2026 — Version Control and Git,MIT,"University Git lecture with video, notes, and command-line exercises",Required · Project-baseline and rollback Git teaching,RETAINED + INTEGRATED,Week 23 → Career Lesson → A baseline is a recoverable state,Review of,required,YES,learn.html?week=23&stage=career-lesson&lesson=1&section=career-w23-a-baseline-is-a-recoverable-state&from=media&media=mitGit2026,"Used in: Week 22 → Career Lesson → Career integration: Git, command line, lab notes, reports, and technical handoff [learn.html?week=22&stage=career-lesson&lesson=1&section=career-w22-career-integration-git-command-line-lab-notes-reports-and-technical-hand&from=media&media=mitGit2026]","After watching, be able to explain or demonstrate: Rollback means returning from a controlled change to an identified known-good state while preserving the history/evidence of what happened.",Existing Teaching Media assignment reconciled to the strongest current instructional section.
23,mitRequirements,mitRequirements,Session 2 — Requirements Definition,MIT OpenCourseWare,University systems-engineering video lecture with transcript,Required · Baseline check,RETAINED + INTEGRATED,Week 23 → Career Lesson → Plan first power as a test case,Review of,required,YES,learn.html?week=23&stage=career-lesson&lesson=1&section=career-w23-plan-first-power-as-a-test-case&from=media&media=mitRequirements,Taught in: Week 22 → Career Lesson → A requirement describes observable behavior and conditions [learn.html?week=22&stage=career-lesson&lesson=1&section=career-w22-a-requirement-describes-observable-behavior-and-conditions&from=media&media=mitRequirements],"After watching, be able to explain or demonstrate: Do not add features during setup; unresolved ambiguity becomes an issue/decision record.",Existing Teaching Media assignment reconciled to the strongest current instructional section.
23,mitShipping2026,mitShipping2026,The Missing Semester 2026 — Packaging and Shipping Code,MIT,University release/versioning/dependency/configuration lecture with video,Required · Release/configuration handoff reinforcement,RETAINED + INTEGRATED,Week 23 → Career Lesson → Recovery paths are part of readiness,Used in,required,YES,learn.html?week=23&stage=career-lesson&lesson=1&section=career-w23-recovery-paths-are-part-of-readiness&from=media&media=mitShipping2026,"Used in: Week 22 → Career Lesson → Career integration: Git, command line, lab notes, reports, and technical handoff [learn.html?week=22&stage=career-lesson&lesson=1&section=career-w22-career-integration-git-command-line-lab-notes-reports-and-technical-hand&from=media&media=mitShipping2026]","After watching, be able to explain or demonstrate: Do not call a folder copy a baseline unless its version, dependencies/configuration and release/change information are known.",Existing Teaching Media assignment reconciled to the strongest current instructional section.
23,nasaConfigManagement,nasaConfigManagement,NASA Systems Engineering Handbook — 6.5 Configuration Management,NASA,Government configuration-management and baseline reference,Required · Configuration-control/baseline framework,RETAINED + INTEGRATED,Week 23 → Career Lesson → A repository is the project’s reconstructable memory,Used in,required,YES,learn.html?week=23&stage=career-lesson&lesson=1&section=career-w23-a-repository-is-the-projects-reconstructable-memory&from=media&media=nasaConfigManagement,,"After using this reference, be able to locate, explain, or apply: Know exactly which hardware, firmware, documentation and test configuration constitutes the current baseline before modifying it.",Existing Teaching Media assignment reconciled to the strongest current instructional section.
23,nasaSystems,nasaSystems,NASA Systems Engineering Handbook,NASA,Government engineering handbook,Required · Configuration/verification reference,RETAINED + INTEGRATED,Week 23 → Career Lesson → A controlled baseline isolates future change,Used in,required,YES,learn.html?week=23&stage=career-lesson&lesson=1&section=career-w23-a-controlled-baseline-isolates-future-change&from=media&media=nasaSystems,Used in: Week 22 → Career Lesson → Traceability controls scope [learn.html?week=22&stage=career-lesson&lesson=1&section=career-w22-traceability-controls-scope&from=media&media=nasaSystems] | Used in: Week 26 → Career Lesson → Architecture follows responsibilities and test seams [learn.html?week=26&stage=career-lesson&lesson=1&section=career-w26-architecture-follows-responsibilities-and-test-seams&from=media&media=nasaSystems] | Used in: Week 28 → Career Lesson → The report should show the reasoning chain [learn.html?week=28&stage=career-lesson&lesson=1&section=career-w28-the-report-should-show-the-reasoning-chain&from=media&media=nasaSystems],"After using this reference, be able to locate, explain, or apply: Record versions, BOM identifiers, interfaces and the planned evidence for first power.",Existing Teaching Media assignment reconciled to the strongest current instructional section.
24,flukeMultimeterGuide,flukeMultimeterGuide,How to Use a Multimeter — Comprehensive Guide,Fluke,Manufacturer measurement guide,Required · Measurement refresher,RETAINED + INTEGRATED,Week 24 → Career Lesson → Unpowered checks find cheap faults,Taught in,required,YES,learn.html?week=24&stage=career-lesson&lesson=1&section=career-w24-unpowered-checks-find-cheap-faults&from=media&media=flukeMultimeterGuide,"Taught in: Week 01 → Career Lesson → Voltage, resistance, and current modes are different circuits [learn.html?week=1&stage=career-lesson&lesson=1&section=career-w01-voltage-resistance-and-current-modes-are-different-circuits&from=media&media=flukeMultimeterGuide] | Taught in: Week 03 → CETa Lesson → The DMM is several instruments sharing one display [learn.html?week=3&stage=ceta-lesson&lesson=0&section=concept-1&from=media&media=flukeMultimeterGuide] | Taught in: Week 09 → Career Lesson → Use rail behavior to distinguish source, regulator, and load faults [learn.html?week=9&stage=career-lesson&lesson=1&section=career-w09-use-rail-behavior-to-distinguish-source-regulator-and-load-faults&from=media&media=flukeMultimeterGuide] | Taught in: Week 29 → CETa Lesson → Measurement setup is part of workmanship verification [learn.html?week=29&stage=ceta-lesson&lesson=0&section=concept-5&from=media&media=flukeMultimeterGuide]","After using this reference, be able to locate, explain, or apply: Record expected rail, measured rail, units and decision; never measure resistance on an energized circuit.",Existing Teaching Media assignment reconciled to the strongest current instructional section.
24,keysightBenchCvCc,keysightBenchCvCc,Bench Power Supply Basics — Constant Voltage and Constant Current Modes,Keysight Technologies,Manufacturer video lesson,Required · Safe first-power refresher,RETAINED + INTEGRATED,Week 24 → Career Lesson → First power is a controlled experiment,Lab preparation for,required,YES,learn.html?week=24&stage=career-lesson&lesson=1&section=career-w24-first-power-is-a-controlled-experiment&from=media&media=keysightBenchCvCc,Lab preparation for: Week 03 → Career Lesson → Use the DMM and bench supply for slow or static evidence [learn.html?week=3&stage=career-lesson&lesson=1&section=career-w03-use-the-dmm-and-bench-supply-for-slow-or-static-evidence&from=media&media=keysightBenchCvCc],"After watching, be able to explain or demonstrate: Set the current limit before enabling output and interpret unexpected CC entry as a stop/investigate signal.",Existing Teaching Media assignment reconciled to the strongest current instructional section.
24,nasaESD,nasaESD,NASA-HDBK-8739.21 — ESD Control,NASA,Government workmanship handbook,Physical route · ESD control,RETAINED + INTEGRATED,Week 24 → CETa Lesson → Safety gates remain absolute,Used in,supporting,YES,learn.html?week=24&stage=ceta-lesson&lesson=0&section=concept-3&from=media&media=nasaESD,"Taught in: Week 01 → CETa Lesson → ESD, technician tool hazards, and PPE [learn.html?week=1&stage=ceta-lesson&lesson=0&section=concept-14&from=media&media=nasaESD] | Taught in: Week 12 → CETa Lesson → ESD control is specific to the work state [learn.html?week=12&stage=ceta-lesson&lesson=0&section=concept-10&from=media&media=nasaESD] | Used in: Week 29 → CETa Lesson → Physical safety and ESD remain active through rework [learn.html?week=29&stage=ceta-lesson&lesson=0&section=concept-3&from=media&media=nasaESD]","After using this reference, be able to locate, explain, or apply: Keep ESD controls active during bring-up and probing.",Existing Teaching Media assignment reconciled to the strongest current instructional section.
24,stBootStartup,stBootStartup,STM32 Boot and Startup Tips MOOC,STMicroelectronics,Manufacturer MOOC,Required · MCU startup MOOC,RETAINED + INTEGRATED,Week 24 → Career Lesson → Bring up dependencies in order,Review of,required,YES,learn.html?week=24&stage=career-lesson&lesson=1&section=career-w24-bring-up-dependencies-in-order&from=media&media=stBootStartup,Taught in: Week 16 → CETa Lesson → Clock and reset state determine whether configuration means anything [learn.html?week=16&stage=ceta-lesson&lesson=0&section=concept-5&from=media&media=stBootStartup],"After watching, be able to explain or demonstrate: Separate power/rail failure from reset/boot/clock/startup failure when the board does not reach firmware.",Existing Teaching Media assignment reconciled to the strongest current instructional section.
24,tiBoardTroubleshooting,tiBoardTroubleshooting,Board Level Troubleshooting,Texas Instruments,Manufacturer troubleshooting video,Required · Bring-up/troubleshooting video,RETAINED + INTEGRATED,Week 24 → Career Lesson → Bring up dependencies in order,Demonstrated in,required,YES,learn.html?week=24&stage=career-lesson&lesson=1&section=career-w24-bring-up-dependencies-in-order&from=media&media=tiBoardTroubleshooting,"Demonstrated in: Week 09 → Career Lesson → Use rail behavior to distinguish source, regulator, and load faults [learn.html?week=9&stage=career-lesson&lesson=1&section=career-w09-use-rail-behavior-to-distinguish-source-regulator-and-load-faults&from=media&media=tiBoardTroubleshooting] | Demonstrated in: Week 13 → Career Lesson → Choose a high-information test [learn.html?week=13&stage=career-lesson&lesson=1&section=career-w13-choose-a-high-information-test&from=media&media=tiBoardTroubleshooting] | Demonstrated in: Week 28 → Career Lesson → Root cause survives controlled reversal [learn.html?week=28&stage=career-lesson&lesson=1&section=career-w28-root-cause-survives-controlled-reversal&from=media&media=tiBoardTroubleshooting]","After watching, be able to explain or demonstrate: Use A-B-A substitution only when it preserves evidence and is electrically safe; check board-level causes/parasitics/cleanliness where relevant.",Existing Teaching Media assignment reconciled to the strongest current instructional section.
25,nasaSensorRangeCheck,nasaSensorRangeCheck,R049 — Missing Software Sensor Range Checking Capabilities,NASA Software Engineering Handbook,Government software-assurance risk and validation guidance,Required · Sensor plausibility/invalid-state teaching,RETAINED + INTEGRATED,Week 25 → Career Lesson → Failure behavior is part of the feature,Taught in,required,YES,learn.html?week=25&stage=career-lesson&lesson=1&section=career-w25-failure-behavior-is-part-of-the-feature&from=media&media=nasaSensorRangeCheck,,"After using this resource, be able to explain or apply: Define the valid range from requirements/datasheet evidence, preserve the raw reading, mark invalid data explicitly and decide the safe application response rather than clamping or hiding the fault.",Existing Teaching Media assignment reconciled to the strongest current instructional section.
25,saleaeStm32I2c,saleaeStm32I2c,STM32 Nucleo Board — Analyzing I2C,Saleae,Manufacturer hands-on tutorial,Required for I2C path,RETAINED + INTEGRATED,Week 25 → Career Lesson → Triangulate with independent evidence,Taught in,required,YES,learn.html?week=25&stage=career-lesson&lesson=1&section=career-w25-triangulate-with-independent-evidence&from=media&media=saleaeStm32I2c,Taught in: Week 18 → Career Lesson → I DO: prove an I²C identity-register read end to end [learn.html?week=18&stage=career-lesson&lesson=1&section=career-w18-i-do-prove-an-i2c-identity-register-read-end-to-end&from=media&media=saleaeStm32I2c],"After using this resource, be able to explain or apply: Correlate raw bytes with device-register intent and the converted engineering value.",Existing Teaching Media assignment reconciled to the strongest current instructional section.
25,saleaeStm32Spi,saleaeStm32Spi,STM32 Nucleo Board — Analyzing SPI,Saleae,Manufacturer hands-on tutorial,Required for SPI path,RETAINED + INTEGRATED,Week 25 → Career Lesson → Triangulate with independent evidence,Taught in,required,YES,learn.html?week=25&stage=career-lesson&lesson=1&section=career-w25-triangulate-with-independent-evidence&from=media&media=saleaeStm32Spi,Taught in: Week 18 → Career Lesson → Run one small SPI comparison transaction [learn.html?week=18&stage=career-lesson&lesson=1&section=career-w18-run-one-small-spi-comparison-transaction&from=media&media=saleaeStm32Spi],"After using this resource, be able to explain or apply: Verify CPOL/CPHA and transaction framing against the selected device datasheet.",Existing Teaching Media assignment reconciled to the strongest current instructional section.
25,schneiderI2cStaleData,schneiderI2cStaleData,I2C Failure Case — Stale and Invalid Sensor Data Treated as Valid,Schneider Electric,Manufacturer technical failure analysis,Required · Real stale-data failure case,RETAINED + INTEGRATED,Week 25 → Career Lesson → Failure behavior is part of the feature,Taught in,required,YES,learn.html?week=25&stage=career-lesson&lesson=1&section=career-w25-failure-behavior-is-part-of-the-feature&from=media&media=schneiderI2cStaleData,,"After using this resource, be able to explain or apply: Separate 'the last value was plausible' from 'a new valid sample was actually received.' Track freshness/validity and reject sentinel, malformed or failed-read data before conversion/control decisions.",Existing Teaching Media assignment reconciled to the strongest current instructional section.
25,stHalI2cUseCases,stHalI2cUseCases,"STM32 HAL I2C Use Cases — Status, Timeout, Error, Abort, and Recovery Paths",STMicroelectronics,Manufacturer HAL driver use-case documentation,Required · Interface error-state and timeout teaching,RETAINED + INTEGRATED,Week 25 → Career Lesson → Failure behavior is part of the feature,Used in,required,YES,learn.html?week=25&stage=career-lesson&lesson=1&section=career-w25-failure-behavior-is-part-of-the-feature&from=media&media=stHalI2cUseCases,,"After using this reference, be able to locate, explain, or apply: A failed or timed-out transaction must not silently reuse the previous buffer as though it were a new sensor sample. Propagate an explicit validity/error state to the application.",Existing Teaching Media assignment reconciled to the strongest current instructional section.
25,stMooc,stMooc,STM32CubeMX and STM32Cube HAL Basics,STMicroelectronics,Manufacturer MOOC,Required · MCU peripheral/HAL path,RETAINED + INTEGRATED,Week 25 → Career Lesson → Build a thin end-to-end slice first,Lab preparation for,required,YES,learn.html?week=25&stage=career-lesson&lesson=1&section=career-w25-build-a-thin-end-to-end-slice-first&from=media&media=stMooc,,"After watching, be able to explain or demonstrate: Understand initialization, error/return behavior and where application code belongs.",Existing Teaching Media assignment reconciled to the strongest current instructional section.
25,tiADC,tiADC,TI Precision Labs — ADCs,Texas Instruments,Manufacturer video series,Required for analog path,RETAINED + INTEGRATED,Week 25 → Career Lesson → Triangulate with independent evidence,Used in,required,YES,learn.html?week=25&stage=career-lesson&lesson=1&section=career-w25-triangulate-with-independent-evidence&from=media&media=tiADC,,"After watching, be able to explain or demonstrate: Calculate expected code/value independently and compare to captured data.",Existing Teaching Media assignment reconciled to the strongest current instructional section.
25,tiGalvanicIsolation,tiGalvanicIsolation,What Is Galvanic Isolation?,Texas Instruments,Manufacturer technical video,Required · Isolation fundamentals,RETAINED + INTEGRATED,Week 25 → CETa Lesson → Isolation changes reference relationships,Taught in,required,YES,learn.html?week=25&stage=ceta-lesson&lesson=0&section=concept-3&from=media&media=tiGalvanicIsolation,,"After watching, be able to explain or demonstrate: Explain how isolation changes reference/ground relationships and why two sides need separate return/power domains.",Existing Teaching Media assignment reconciled to the strongest current instructional section.
25,tiIsolationSeries,tiIsolationSeries,TI Precision Labs — Introduction to Isolation,Texas Instruments,Manufacturer 13-part video curriculum,Required · Isolation curriculum,RETAINED + INTEGRATED,Week 25 → CETa Lesson → Optical isolation solves one problem while creating design constraints,Used in,required,YES,learn.html?week=25&stage=ceta-lesson&lesson=0&section=concept-6&from=media&media=tiIsolationSeries,,"After watching, be able to explain or demonstrate: Separate functional/signal isolation from certified safety isolation and track how signals/power cross the barrier.",Existing Teaching Media assignment reconciled to the strongest current instructional section.
26,armDebuggingAdventures,armDebuggingAdventures,Adventures in Debugging,Arm,Processor-vendor debugging video/tutorial,Required · Diagnostic practice,RETAINED + INTEGRATED,Week 26 → Career Lesson → Diagnostics must survive the failure they describe,Demonstrated in,required,YES,learn.html?week=26&stage=career-lesson&lesson=1&section=career-w26-diagnostics-must-survive-the-failure-they-describe&from=media&media=armDebuggingAdventures,,"After watching, be able to explain or demonstrate: Design diagnostics that preserve enough state to identify what failed before recovery erases the evidence.",Existing Teaching Media assignment reconciled to the strongest current instructional section.
26,armEmbedded,armEmbedded,Embedded C Programming with Arm Cortex-M,Arm,Vendor-validated video course,Required · Embedded C/machine-level course,RETAINED + INTEGRATED,Week 26 → CETa Lesson → Memory and time define embedded correctness,Review of,required,YES,learn.html?week=26&stage=ceta-lesson&lesson=0&section=concept-2&from=media&media=armEmbedded,Taught in: Week 15 → Career Lesson → Map C onto a microcontroller before adding concurrency [learn.html?week=15&stage=career-lesson&lesson=1&section=career-w15-map-c-onto-a-microcontroller-before-adding-concurrency&from=media&media=armEmbedded] | Review of: Week 16 → CETa Lesson → An MCU is a computer plus tightly integrated peripherals [learn.html?week=16&stage=ceta-lesson&lesson=0&section=concept-4&from=media&media=armEmbedded],"After watching, be able to explain or demonstrate: Tie each C construct to register/memory/processor state rather than treating firmware as abstract software.",Existing Teaching Media assignment reconciled to the strongest current instructional section.
26,nasaSystems,nasaSystems,NASA Systems Engineering Handbook,NASA,Government engineering handbook,Reference · Traceability,RETAINED + INTEGRATED,Week 26 → Career Lesson → Architecture follows responsibilities and test seams,Used in,supporting,YES,learn.html?week=26&stage=career-lesson&lesson=1&section=career-w26-architecture-follows-responsibilities-and-test-seams&from=media&media=nasaSystems,Used in: Week 22 → Career Lesson → Traceability controls scope [learn.html?week=22&stage=career-lesson&lesson=1&section=career-w22-traceability-controls-scope&from=media&media=nasaSystems] | Used in: Week 23 → Career Lesson → A controlled baseline isolates future change [learn.html?week=23&stage=career-lesson&lesson=1&section=career-w23-a-controlled-baseline-isolates-future-change&from=media&media=nasaSystems] | Used in: Week 28 → Career Lesson → The report should show the reasoning chain [learn.html?week=28&stage=career-lesson&lesson=1&section=career-w28-the-report-should-show-the-reasoning-chain&from=media&media=nasaSystems],"After using this reference, be able to locate, explain, or apply: Document failure mode, detection, response and verification at project scale.",Existing Teaching Media assignment reconciled to the strongest current instructional section.
26,stOnlineTrainingCurrent,stOnlineTrainingCurrent,STM32 Online Training,STMicroelectronics,Current manufacturer technical training,Required · STM32 peripheral/system training,RETAINED + INTEGRATED,Week 26 → Career Lesson → Separate hardware access from application decisions,Taught in,required,YES,learn.html?week=26&stage=career-lesson&lesson=1&section=career-w26-separate-hardware-access-from-application-decisions&from=media&media=stOnlineTrainingCurrent,,"After using this resource, be able to explain or apply: Confirm status flags, initialization dependencies and error semantics rather than inventing behavior.",Existing Teaching Media assignment reconciled to the strongest current instructional section.
26,stWatchdogGuide,stWatchdogGuide,Getting Started with STM32 Watchdogs,STMicroelectronics,Manufacturer technical tutorial,Required · Timeout/recovery instruction,RETAINED + INTEGRATED,Week 26 → Career Lesson → Timeouts and error states make absence observable,Taught in,required,YES,learn.html?week=26&stage=career-lesson&lesson=1&section=career-w26-timeouts-and-error-states-make-absence-observable&from=media&media=stWatchdogGuide,,"After using this resource, be able to explain or apply: Design watchdog service around verified progress, not unconditional kicking.",Existing Teaching Media assignment reconciled to the strongest current instructional section.
26,tiCrashDebugging,tiCrashDebugging,Diagnose and Debug Embedded Software Program Crashes,Texas Instruments,Manufacturer video with demonstrations,Required · Failure-diagnosis demonstration,RETAINED + INTEGRATED,Week 26 → Career Lesson → Make errors explicit and recoverable,Demonstrated in,required,YES,learn.html?week=26&stage=career-lesson&lesson=1&section=career-w26-make-errors-explicit-and-recoverable&from=media&media=tiCrashDebugging,,"After watching, be able to explain or demonstrate: Connect crash symptoms to preserved diagnostic evidence rather than simply resetting.",Existing Teaching Media assignment reconciled to the strongest current instructional section.
27,keysightPythonAutomation,keysightPythonAutomation,Instrument Control and Automation with Python,Keysight Technologies,Test-equipment manufacturer Python automation application note,Required · Structured instrument-driver/test-step example,RETAINED + INTEGRATED,Week 27 → Career Lesson → Career integration: Python hardware-test automation and data integrity,Taught in,required,YES,learn.html?week=27&stage=career-lesson&lesson=1&section=career-w27-career-integration-python-hardware-test-automation-and-data-integrity&from=media&media=keysightPythonAutomation,,"After using this resource, be able to explain or apply: Keep instrument drivers responsible for reliable I/O and test logic responsible for requirement conditions/verdicts; preserve raw returned data before derived reporting.",Existing Teaching Media assignment reconciled to the strongest current instructional section.
27,matplotlib,matplotlib,Matplotlib Quick Start,Matplotlib project,Official project documentation,Required when plotting · Evidence visualization,RETAINED + INTEGRATED,Week 27 → Career Lesson → Summaries and plots answer a hardware question,Used in,required,YES,learn.html?week=27&stage=career-lesson&lesson=1&section=career-w27-summaries-and-plots-answer-a-hardware-question&from=media&media=matplotlib,,"After using this reference, be able to locate, explain, or apply: Label axes/units/limits and preserve anomalies rather than smoothing them away.",Existing Teaching Media assignment reconciled to the strongest current instructional section.
27,mitVerification,mitVerification,Session 9 — Verification and Validation,MIT OpenCourseWare,University systems-engineering video lecture with transcript,Required · Verdict semantics,RETAINED + INTEGRATED,Week 27 → Career Lesson → Verdicts need explicit semantics,Review of,required,YES,learn.html?week=27&stage=career-lesson&lesson=1&section=career-w27-verdicts-need-explicit-semantics&from=media&media=mitVerification,Taught in: Week 22 → Career Lesson → Verification asks whether it meets the requirement [learn.html?week=22&stage=career-lesson&lesson=1&section=career-w22-verification-asks-whether-it-meets-the-requirement&from=media&media=mitVerification],"After watching, be able to explain or demonstrate: Distinguish test execution success from DUT requirement compliance.",Existing Teaching Media assignment reconciled to the strongest current instructional section.
27,niVeriStandWorkflow,niVeriStandWorkflow,Creating Real-Time Stimulus Profiles in NI VeriStand,National Instruments,Test-and-measurement manufacturer test-sequence tutorial,Required · Coherent test-sequence architecture tutorial,RETAINED + INTEGRATED,"Week 27 → Career Lesson → A test case has setup, stimulus, acquisition, evaluation, cleanup, and report stages",Taught in,required,YES,learn.html?week=27&stage=career-lesson&lesson=1&section=career-w27-a-test-case-has-setup-stimulus-acquisition-evaluation-cleanup-and-report&from=media&media=niVeriStandWorkflow,,"After using this resource, be able to explain or apply: Translate the architecture into the Python project as setup/initialize → stimulus → acquire/measure → evaluate → cleanup/reset → log/report, while keeping framework-specific VeriStand details separate from the transferable test pattern.",Existing Teaching Media assignment reconciled to the strongest current instructional section.
27,pyserial,pyserial,pySerial Documentation,pySerial project,Official project documentation,Required · API teaching/reference,RETAINED + INTEGRATED,Week 27 → Career Lesson → Automated test is still a physical measurement system,Used in,required,YES,learn.html?week=27&stage=career-lesson&lesson=1&section=career-w27-automated-test-is-still-a-physical-measurement-system&from=media&media=pyserial,Used in: Week 17 → Career Lesson → Use pySerial as a visible port → bytes → message pipeline [learn.html?week=17&stage=career-lesson&lesson=1&section=career-w17-use-pyserial-as-a-visible-port-bytes-message-pipeline&from=media&media=pyserial],"After using this reference, be able to locate, explain, or apply: Expect partial reads; define timeout semantics; always close/clean up the port.",Existing Teaching Media assignment reconciled to the strongest current instructional section.
27,pytest,pytest,pytest Documentation,pytest project,Official project documentation,Required · Test framework instruction,RETAINED + INTEGRATED,"Week 27 → Career Lesson → A test case has setup, stimulus, acquisition, evaluation, cleanup, and report stages",Used in,required,YES,learn.html?week=27&stage=career-lesson&lesson=1&section=career-w27-a-test-case-has-setup-stimulus-acquisition-evaluation-cleanup-and-report&from=media&media=pytest,"Used in: Week 28 → Career Lesson → Career integration: verification, validation, test design, and traceability [learn.html?week=28&stage=career-lesson&lesson=1&section=career-w28-career-integration-verification-validation-test-design-and-traceability&from=media&media=pytest]","After using this reference, be able to locate, explain, or apply: Separate setup/cleanup errors from DUT failures and guarantee resource cleanup.",Existing Teaching Media assignment reconciled to the strongest current instructional section.
27,pythonDocs,pythonDocs,Python 3 Documentation,Python Software Foundation,Official documentation,Required · Language/library reference,RETAINED + INTEGRATED,Week 27 → Career Lesson → Career integration: Python hardware-test automation and data integrity,Used in,required,YES,learn.html?week=27&stage=career-lesson&lesson=1&section=career-w27-career-integration-python-hardware-test-automation-and-data-integrity&from=media&media=pythonDocs,,"After using this reference, be able to locate, explain, or apply: Preserve raw values and timestamps before derived interpretation.",Existing Teaching Media assignment reconciled to the strongest current instructional section.
27,pyvisaInstrumentComm,pyvisaInstrumentComm,PyVISA — Communicating with Your Instrument,PyVISA Project,Open-source instrument-control documentation,Required when controlling VISA/SCPI instruments · I/O and timeout reference,RETAINED + INTEGRATED,Week 27 → Career Lesson → Automated test is still a physical measurement system,Used in,required,YES,learn.html?week=27&stage=career-lesson&lesson=1&section=career-w27-automated-test-is-still-a-physical-measurement-system&from=media&media=pyvisaInstrumentComm,,"After using this reference, be able to locate, explain, or apply: Verify identity/configuration before testing, set explicit timeouts/termination, handle communication exceptions, and close resources during cleanup.",Existing Teaching Media assignment reconciled to the strongest current instructional section.
27,tekPythonAutomation,tekPythonAutomation,Getting Started with Oscilloscope Automation and Python,Tektronix,Test-equipment manufacturer Python automation guide,Required · Python measurement-automation teaching,RETAINED + INTEGRATED,Week 27 → Career Lesson → Automated test is still a physical measurement system,Taught in,required,YES,learn.html?week=27&stage=career-lesson&lesson=1&section=career-w27-automated-test-is-still-a-physical-measurement-system&from=media&media=tekPythonAutomation,,"After using this reference, be able to locate, explain, or apply: Automate deliberate instrument settings and queries; do not use remote control as a substitute for knowing what measurement the requirement actually needs.",Existing Teaching Media assignment reconciled to the strongest current instructional section.
28,atlassianIncidentWorkflow,atlassianIncidentWorkflow,Managing Incidents with an IT Service Desk,Atlassian,Industry service-desk incident workflow guidance,"Required · Help-desk, escalation, and closure workflow",RETAINED + INTEGRATED,"Week 28 → CETa Lesson → Service literature, parts cross-reference, and manufacturer support",Taught in,required,YES,learn.html?week=28&stage=ceta-lesson&lesson=0&section=concept-5&from=media&media=atlassianIncidentWorkflow,,"After using this resource, be able to explain or apply: Escalation is a controlled technical decision when authority, risk, tools or expertise exceed your boundary—not a substitute for recording what you already observed and tried.",Existing Teaching Media assignment reconciled to the strongest current instructional section.
28,digiKeyCrossReference,digiKeyCrossReference,How to Locate Alternate Products — Cross Reference Tool,DigiKey,Electronics distributor parts cross-reference tutorial,Required · Replacement-part cross-reference procedure,RETAINED + INTEGRATED,"Week 28 → CETa Lesson → Service literature, parts cross-reference, and manufacturer support",Used in,required,YES,learn.html?week=28&stage=ceta-lesson&lesson=0&section=concept-5&from=media&media=digiKeyCrossReference,,"After using this reference, be able to locate, explain, or apply: A cross-reference result is a candidate, not automatic equivalence; verify critical ratings, function, package/pinout and the governing datasheets before substitution.",Existing Teaching Media assignment reconciled to the strongest current instructional section.
28,nasaSystems,nasaSystems,NASA Systems Engineering Handbook,NASA,Government engineering handbook,Required · Report/evidence authority,RETAINED + INTEGRATED,Week 28 → Career Lesson → The report should show the reasoning chain,Used in,required,YES,learn.html?week=28&stage=career-lesson&lesson=1&section=career-w28-the-report-should-show-the-reasoning-chain&from=media&media=nasaSystems,Used in: Week 22 → Career Lesson → Traceability controls scope [learn.html?week=22&stage=career-lesson&lesson=1&section=career-w22-traceability-controls-scope&from=media&media=nasaSystems] | Used in: Week 23 → Career Lesson → A controlled baseline isolates future change [learn.html?week=23&stage=career-lesson&lesson=1&section=career-w23-a-controlled-baseline-isolates-future-change&from=media&media=nasaSystems] | Used in: Week 26 → Career Lesson → Architecture follows responsibilities and test seams [learn.html?week=26&stage=career-lesson&lesson=1&section=career-w26-architecture-follows-responsibilities-and-test-seams&from=media&media=nasaSystems],"After using this reference, be able to locate, explain, or apply: Record planned condition, observed result, anomaly, root cause, corrective action, retest and traceability.",Existing Teaching Media assignment reconciled to the strongest current instructional section.
28,nasaTechnicalPlanning,nasaTechnicalPlanning,NASA Systems Engineering Handbook — 6.1 Technical Planning,NASA,Government systems-engineering project-planning guidance,Required · Project-management/technical-planning instruction,RETAINED + INTEGRATED,Week 28 → CETa Lesson → Field versus shop procedure and project management,Taught in,required,YES,learn.html?week=28&stage=ceta-lesson&lesson=0&section=concept-6&from=media&media=nasaTechnicalPlanning,,"After using this resource, be able to explain or apply: Scale the method to technician/electronics work. For field service, include authorization/access, safety, tools/spares, outage window, backup/rollback and communication; compare that with the more controlled shop/bench environment.",Existing Teaching Media assignment reconciled to the strongest current instructional section.
28,neetsTechnicianHandbook,neetsTechnicianHandbook,NEETS Module 19 — The Technician's Handbook,U.S. Navy Electricity and Electronics Training Series / Historic Naval Ships Association,Legacy technician reference manual used only for durable service-literature principles,Required · Legacy service-literature principles only,RETAINED + INTEGRATED,"Week 28 → CETa Lesson → Service literature, parts cross-reference, and manufacturer support",Used in,required,YES,learn.html?week=28&stage=ceta-lesson&lesson=0&section=concept-5&from=media&media=neetsTechnicianHandbook,,"After using this reference, be able to locate, explain, or apply: Treat Navy publication names, organizations and ordering systems as historical examples only; transfer the principle to the current manufacturer service manual, datasheet, bulletin or employer knowledge base for the equipment at hand.",Existing Teaching Media assignment reconciled to the strongest current instructional section.
28,niFaultInjection,niFaultInjection,Using Fault Insertion Units for Electronic Testing,National Instruments,Test-and-measurement manufacturer fault-injection tutorial,Required · Controlled hardware fault-injection methodology,RETAINED + INTEGRATED,Week 28 → Career Lesson → Fault injection validates the detector and diagnostic path,Taught in,required,YES,learn.html?week=28&stage=career-lesson&lesson=1&section=career-w28-fault-injection-validates-the-detector-and-diagnostic-path&from=media&media=niFaultInjection,,"After using this resource, be able to explain or apply: Distinguish open circuit, pin-to-pin short, short-to-ground and short-to-power concepts; the course must emulate only electrically safe faults appropriate to the low-voltage project rather than copying high-energy HIL hardware literally.",Existing Teaching Media assignment reconciled to the strongest current instructional section.
28,pytest,pytest,pytest Documentation,pytest project,Official project documentation,Path-specific · Reproducible fault cases,RETAINED + INTEGRATED,"Week 28 → Career Lesson → Career integration: verification, validation, test design, and traceability",Used in,supporting,YES,learn.html?week=28&stage=career-lesson&lesson=1&section=career-w28-career-integration-verification-validation-test-design-and-traceability&from=media&media=pytest,"Used in: Week 27 → Career Lesson → A test case has setup, stimulus, acquisition, evaluation, cleanup, and report stages [learn.html?week=27&stage=career-lesson&lesson=1&section=career-w27-a-test-case-has-setup-stimulus-acquisition-evaluation-cleanup-and-report&from=media&media=pytest]","After using this reference, be able to locate, explain, or apply: Keep fault IDs and requirement IDs traceable.",Existing Teaching Media assignment reconciled to the strongest current instructional section.
28,saleae,saleae,Logic Analyzer Learning and Support,Saleae,Manufacturer documentation,Optional · Logic-analyzer product/support navigation,RETAINED + INTEGRATED,Week 28 → Career Lesson → Controlled fault injection needs a known-good baseline,Optional enrichment for,optional,YES,learn.html?week=28&stage=career-lesson&lesson=1&section=career-w28-controlled-fault-injection-needs-a-known-good-baseline&from=media&media=saleae,,"After using this reference, be able to locate, explain, or apply: Do not treat this generic support source as instruction in fault-injection methodology; controlled fault design is taught separately below.",Existing Teaching Media assignment reconciled to the strongest current instructional section.
28,salesforceFieldServiceBasics,salesforceFieldServiceBasics,"Salesforce Field Service Basics — Work Orders, Time, Parts, Reports, and Service Operations",Salesforce Trailhead,Current field-service operations training module,Required · Field-service versus shop-work workflow,RETAINED + INTEGRATED,"Week 28 → CETa Lesson → Field versus shop changes constraints, not physics",Taught in,required,YES,learn.html?week=28&stage=ceta-lesson&lesson=0&section=concept-9&from=media&media=salesforceFieldServiceBasics,,"After using this resource, be able to explain or apply: Before choosing field versus shop work, identify authorization/access, safety, available tools/spares, downtime window, evidence that can be collected on site and the escalation/handoff trigger.",Existing Teaching Media assignment reconciled to the strongest current instructional section.
28,salesforceResourceUtilization,salesforceResourceUtilization,Scheduling Console — Service Resource Utilization,Salesforce,Current field-service productivity/utilization documentation,Required · Technician productivity/utilization calculation,RETAINED + INTEGRATED,"Week 28 → CETa Lesson → Service business records, invoices, productivity, and estimates/test planning",Used in,required,YES,learn.html?week=28&stage=ceta-lesson&lesson=0&section=concept-4&from=media&media=salesforceResourceUtilization,,"After using this reference, be able to locate, explain, or apply: State exactly what counts as scheduled work/travel and what counts as available working time; report the date range and assumptions before comparing technicians or periods.",Existing Teaching Media assignment reconciled to the strongest current instructional section.
28,salesforceWorkOrderEstimation,salesforceWorkOrderEstimation,"Work Order Estimation — Cost, Effort, Quotes, and Work Planning",Salesforce,Current field-service work-estimation documentation,Required · Estimate/quote planning literacy,RETAINED + INTEGRATED,"Week 28 → CETa Lesson → Service business records, invoices, productivity, and estimates/test planning",Used in,required,YES,learn.html?week=28&stage=ceta-lesson&lesson=0&section=concept-4&from=media&media=salesforceWorkOrderEstimation,,"After using this reference, be able to locate, explain, or apply: Do not promise a repair price or completion scope until the estimate states assumptions and required work/parts; technical uncertainty belongs in the estimate or escalation path.",Existing Teaching Media assignment reconciled to the strongest current instructional section.
28,serviceNowFieldInventory,serviceNowFieldInventory,"Field Service Inventory — Parts, Consumption, Performed Services, and Invoicing",ServiceNow,Current field-service operations documentation,Required · Parts consumption and billing-record literacy,RETAINED + INTEGRATED,"Week 28 → CETa Lesson → Service literature, parts cross-reference, and manufacturer support",Used in,required,YES,learn.html?week=28&stage=ceta-lesson&lesson=0&section=concept-5&from=media&media=serviceNowFieldInventory,,"After using this reference, be able to locate, explain, or apply: Record the actual quantity/part/service performed; do not substitute an approximate component description when the service record requires a specific item or entitlement/price-list entry.",Existing Teaching Media assignment reconciled to the strongest current instructional section.
28,tiBoardTroubleshooting,tiBoardTroubleshooting,Board Level Troubleshooting,Texas Instruments,Manufacturer troubleshooting video,Required · Root-cause teaching video,RETAINED + INTEGRATED,Week 28 → Career Lesson → Root cause survives controlled reversal,Demonstrated in,required,YES,learn.html?week=28&stage=career-lesson&lesson=1&section=career-w28-root-cause-survives-controlled-reversal&from=media&media=tiBoardTroubleshooting,"Demonstrated in: Week 09 → Career Lesson → Use rail behavior to distinguish source, regulator, and load faults [learn.html?week=9&stage=career-lesson&lesson=1&section=career-w09-use-rail-behavior-to-distinguish-source-regulator-and-load-faults&from=media&media=tiBoardTroubleshooting] | Demonstrated in: Week 13 → Career Lesson → Choose a high-information test [learn.html?week=13&stage=career-lesson&lesson=1&section=career-w13-choose-a-high-information-test&from=media&media=tiBoardTroubleshooting] | Demonstrated in: Week 24 → Career Lesson → Bring up dependencies in order [learn.html?week=24&stage=career-lesson&lesson=1&section=career-w24-bring-up-dependencies-in-order&from=media&media=tiBoardTroubleshooting]","After watching, be able to explain or demonstrate: A root cause must explain the symptom and follow controlled reversal/reproduction, not just disappear after a change.",Existing Teaching Media assignment reconciled to the strongest current instructional section.
29,adafruitSolderProblems,adafruitSolderProblems,Adafruit Guide to Excellent Soldering — Common Soldering Problems,Adafruit Learning System,Industry workmanship tutorial,Required · Workmanship refresher,RETAINED + INTEGRATED,"Week 29 → CETa Lesson → Workmanship criteria are observable, not aesthetic preference",Taught in,required,YES,learn.html?week=29&stage=ceta-lesson&lesson=0&section=concept-1&from=media&media=adafruitSolderProblems,"Taught in: Week 12 → CETa Lesson → Heat shunts, cold joints, and good mechanical/electrical connections [learn.html?week=12&stage=ceta-lesson&lesson=0&section=concept-5&from=media&media=adafruitSolderProblems]","After using this resource, be able to explain or apply: Identify cold/disturbed/overheated joints, wetting problems, bridges, excess/insufficient solder and lifted pads.",Existing Teaching Media assignment reconciled to the strongest current instructional section.
29,chemtronicsSolderWick,chemtronicsSolderWick,How to Use Chemtronics Soder-Wick,Chemtronics / DigiKey,Manufacturer rework demonstration,Required when rework is shown · Rework refresher,RETAINED + INTEGRATED,Week 29 → CETa Lesson → Physical safety and ESD remain active through rework,Taught in,required,YES,learn.html?week=29&stage=ceta-lesson&lesson=0&section=concept-3&from=media&media=chemtronicsSolderWick,"Taught in: Week 12 → CETa Lesson → Desoldering principles, equipment care, and solder wick [learn.html?week=12&stage=ceta-lesson&lesson=0&section=concept-7&from=media&media=chemtronicsSolderWick]","After using this resource, be able to explain or apply: Minimize dwell and stop if continued heat risks pad/board damage.",Existing Teaching Media assignment reconciled to the strongest current instructional section.
29,flukeMultimeterGuide,flukeMultimeterGuide,How to Use a Multimeter — Comprehensive Guide,Fluke,Manufacturer measurement guide,Required for DMM evidence,RETAINED + INTEGRATED,Week 29 → CETa Lesson → Measurement setup is part of workmanship verification,Taught in,required,YES,learn.html?week=29&stage=ceta-lesson&lesson=0&section=concept-5&from=media&media=flukeMultimeterGuide,"Taught in: Week 01 → Career Lesson → Voltage, resistance, and current modes are different circuits [learn.html?week=1&stage=career-lesson&lesson=1&section=career-w01-voltage-resistance-and-current-modes-are-different-circuits&from=media&media=flukeMultimeterGuide] | Taught in: Week 03 → CETa Lesson → The DMM is several instruments sharing one display [learn.html?week=3&stage=ceta-lesson&lesson=0&section=concept-1&from=media&media=flukeMultimeterGuide] | Taught in: Week 09 → Career Lesson → Use rail behavior to distinguish source, regulator, and load faults [learn.html?week=9&stage=career-lesson&lesson=1&section=career-w09-use-rail-behavior-to-distinguish-source-regulator-and-load-faults&from=media&media=flukeMultimeterGuide] | Taught in: Week 24 → Career Lesson → Unpowered checks find cheap faults [learn.html?week=24&stage=career-lesson&lesson=1&section=career-w24-unpowered-checks-find-cheap-faults&from=media&media=flukeMultimeterGuide]","After using this reference, be able to locate, explain, or apply: Every screenshot/photo must connect expected value, measured value, units and engineering decision.",Existing Teaching Media assignment reconciled to the strongest current instructional section.
29,nasaESD,nasaESD,NASA-HDBK-8739.21 — ESD Control,NASA,Government workmanship handbook,Physical route · ESD control,RETAINED + INTEGRATED,Week 29 → CETa Lesson → Physical safety and ESD remain active through rework,Used in,supporting,YES,learn.html?week=29&stage=ceta-lesson&lesson=0&section=concept-3&from=media&media=nasaESD,"Taught in: Week 01 → CETa Lesson → ESD, technician tool hazards, and PPE [learn.html?week=1&stage=ceta-lesson&lesson=0&section=concept-14&from=media&media=nasaESD] | Taught in: Week 12 → CETa Lesson → ESD control is specific to the work state [learn.html?week=12&stage=ceta-lesson&lesson=0&section=concept-10&from=media&media=nasaESD] | Used in: Week 24 → CETa Lesson → Safety gates remain absolute [learn.html?week=24&stage=ceta-lesson&lesson=0&section=concept-3&from=media&media=nasaESD]","After using this reference, be able to locate, explain, or apply: Document controls actually used.",Existing Teaching Media assignment reconciled to the strongest current instructional section.
29,nasaHarness,nasaHarness,"NASA-STD-8739.4 — Crimping, Cables, Harnesses, and Wiring",NASA,Government workmanship standard,Physical harness route · Workmanship authority,RETAINED + INTEGRATED,Week 29 → CETa Lesson → Workmanship is verified by condition plus electrical evidence,Used in,supporting,YES,learn.html?week=29&stage=ceta-lesson&lesson=0&section=concept-7&from=media&media=nasaHarness,Used in: Week 12 → Career Lesson → Career integration: solder/rework workmanship and harness evidence [learn.html?week=12&stage=career-lesson&lesson=1&section=career-w12-career-integration-solder-rework-workmanship-and-harness-evidence&from=media&media=nasaHarness],"After using this reference, be able to locate, explain, or apply: Name the exact accept/rework/escalate condition and preserve inspection evidence.",Existing Teaching Media assignment reconciled to the strongest current instructional section.
29,onetTech,onetTech,Electrical and Electronic Engineering Technologists and Technicians,O*NET OnLine / U.S. Department of Labor,Government occupational evidence,Reference · Role relevance,RETAINED + INTEGRATED,"Week 29 → Career Lesson → Select evidence by job task, not visual appeal",Used in,supporting,YES,learn.html?week=29&stage=career-lesson&lesson=1&section=career-w29-select-evidence-by-job-task-not-visual-appeal&from=media&media=onetTech,"Used in: Week 22 → Career Lesson → Career integration: Git, command line, lab notes, reports, and technical handoff [learn.html?week=22&stage=career-lesson&lesson=1&section=career-w22-career-integration-git-command-line-lab-notes-reports-and-technical-hand&from=media&media=onetTech] | Taught in: Week 30 → Career Lesson → Target roles by transferable task, not title alone [learn.html?week=30&stage=career-lesson&lesson=1&section=career-w30-target-roles-by-transferable-task-not-title-alone&from=media&media=onetTech] | Used in: Week 31 → Career Lesson → Use a role filter before spending application energy [learn.html?week=31&stage=career-lesson&lesson=1&section=career-w31-use-a-role-filter-before-spending-application-energy&from=media&media=onetTech]","After using this reference, be able to locate, explain, or apply: Use occupational tasks as relevance evidence, never as a hiring guarantee.",Existing Teaching Media assignment reconciled to the strongest current instructional section.
29,saleaeDigitalSignals,saleaeDigitalSignals,STM32 Nucleo Board — Digital Signals,Saleae,Manufacturer hands-on logic-analyzer tutorial,Required for logic-analyzer evidence,RETAINED + INTEGRATED,Week 29 → CETa Lesson → Instrument evidence should tell one coherent story,Taught in,required,YES,learn.html?week=29&stage=ceta-lesson&lesson=0&section=concept-2&from=media&media=saleaeDigitalSignals,"Taught in: Week 11 → Career Lesson → Debounce is a time-domain problem [learn.html?week=11&stage=career-lesson&lesson=1&section=career-w11-debounce-is-a-time-domain-problem&from=media&media=saleaeDigitalSignals] | Taught in: Week 15 → Career Lesson → Career integration: embedded C, MCU architecture, and nonblocking design [learn.html?week=15&stage=career-lesson&lesson=1&section=career-w15-career-integration-embedded-c-mcu-architecture-and-nonblocking-design&from=media&media=saleaeDigitalSignals]","After using this resource, be able to explain or apply: Correlate raw evidence to firmware action and requirement.",Existing Teaching Media assignment reconciled to the strongest current instructional section.
29,tekScopeSetup,tekScopeSetup,How to Use an Oscilloscope and Probe — Step-by-Step Tutorial,Tektronix,Manufacturer oscilloscope primer,Required for scope evidence,RETAINED + INTEGRATED,Week 29 → CETa Lesson → Measurement setup is part of workmanship verification,Taught in,required,YES,learn.html?week=29&stage=ceta-lesson&lesson=0&section=concept-5&from=media&media=tekScopeSetup,"Taught in: Week 03 → Career Lesson → Reference, grounding, loading, and bandwidth can change the result [learn.html?week=3&stage=career-lesson&lesson=1&section=career-w03-reference-grounding-loading-and-bandwidth-can-change-the-result&from=media&media=tekScopeSetup]","After using this resource, be able to explain or apply: Preserve settings that make the waveform reproducible.",Existing Teaching Media assignment reconciled to the strongest current instructional section.
30,etaExam,etaExam,Associate CET Certification and Exam Information,ETA International,Official exam information,Required · Credential wording authority,RETAINED + INTEGRATED,Week 30 → CETa Lesson → Credential language must match reality,Taught in,required,YES,learn.html?week=30&stage=ceta-lesson&lesson=0&section=concept-3&from=media&media=etaExam,Taught in: Week 31 → CETa Lesson → Official information can change [learn.html?week=31&stage=ceta-lesson&lesson=0&section=concept-3&from=media&media=etaExam],"After using this resource, be able to explain or apply: Never imply certification before official award.",Existing Teaching Media assignment reconciled to the strongest current instructional section.
30,gatechResumeGuide,gatechResumeGuide,Georgia Tech Career Center Resume Guide,Georgia Institute of Technology Career Center,University career guide,Required · Engineering/project resume instruction,RETAINED + INTEGRATED,"Week 30 → Career Lesson → Career integration: portfolio proof, interviews, resumes, and bridge-role decisions",Taught in,required,YES,learn.html?week=30&stage=career-lesson&lesson=1&section=career-w30-career-integration-portfolio-proof-interviews-resumes-and-bridge-role-de&from=media&media=gatechResumeGuide,,"After using this reference, be able to locate, explain, or apply: Tailor each project/bullet to the target duties; do not list every project or inflate scope.",Existing Teaching Media assignment reconciled to the strongest current instructional section.
30,mitIndustryJobTalk,mitIndustryJobTalk,"Industry Job Talks — Explain Technical Choices, Evidence, and Your Contribution",MIT Communication Lab,University technical job-talk guidance,Required · Technical contribution/tradeoff interview framing,RETAINED + INTEGRATED,Week 30 → Career Lesson → Interview answers should expose technical decisions,Taught in,required,YES,learn.html?week=30&stage=career-lesson&lesson=1&section=career-w30-interview-answers-should-expose-technical-decisions&from=media&media=mitIndustryJobTalk,,"After using this resource, be able to explain or apply: Do not hide limitations or unsuccessful paths; explain what evidence changed your mind and how the next engineering decision followed from it.",Existing Teaching Media assignment reconciled to the strongest current instructional section.
30,mitTechnicalPresentation,mitTechnicalPresentation,Technical Presentation,MIT Mechanical Engineering Communication Lab,University engineering technical-presentation instruction,Required · Evidence-based project defense,RETAINED + INTEGRATED,"Week 30 → Career Lesson → Defend the project at 30 seconds, 2 minutes, and depth",Taught in,required,YES,learn.html?week=30&stage=career-lesson&lesson=1&section=career-w30-defend-the-project-at-30-seconds-2-minutes-and-depth&from=media&media=mitTechnicalPresentation,,"After using this resource, be able to explain or apply: Introduce the expected pattern/measurement logic before showing data, then explain how the observed evidence supports or contradicts the hypothesis instead of narrating screenshots chronologically.",Existing Teaching Media assignment reconciled to the strongest current instructional section.
30,onetTech,onetTech,Electrical and Electronic Engineering Technologists and Technicians,O*NET OnLine / U.S. Department of Labor,Government occupational evidence,Required · Duty mapping,RETAINED + INTEGRATED,"Week 30 → Career Lesson → Target roles by transferable task, not title alone",Taught in,required,YES,learn.html?week=30&stage=career-lesson&lesson=1&section=career-w30-target-roles-by-transferable-task-not-title-alone&from=media&media=onetTech,"Used in: Week 22 → Career Lesson → Career integration: Git, command line, lab notes, reports, and technical handoff [learn.html?week=22&stage=career-lesson&lesson=1&section=career-w22-career-integration-git-command-line-lab-notes-reports-and-technical-hand&from=media&media=onetTech] | Used in: Week 29 → Career Lesson → Select evidence by job task, not visual appeal [learn.html?week=29&stage=career-lesson&lesson=1&section=career-w29-select-evidence-by-job-task-not-visual-appeal&from=media&media=onetTech] | Used in: Week 31 → Career Lesson → Use a role filter before spending application energy [learn.html?week=31&stage=career-lesson&lesson=1&section=career-w31-use-a-role-filter-before-spending-application-energy&from=media&media=onetTech]","After using this resource, be able to explain or apply: Map only work actually demonstrated.",Existing Teaching Media assignment reconciled to the strongest current instructional section.
30,pennStarVideo,pennStarVideo,Interviewing — The S.T.A.R. Method,University of Pennsylvania Career Services,University career video with transcript,Required · Interview teaching video,RETAINED + INTEGRATED,"Week 30 → Career Lesson → Defend the project at 30 seconds, 2 minutes, and depth",Demonstrated in,required,YES,learn.html?week=30&stage=career-lesson&lesson=1&section=career-w30-defend-the-project-at-30-seconds-2-minutes-and-depth&from=media&media=pennStarVideo,,"After watching, be able to explain or demonstrate: Keep Task/Action specific to your own role and make Result factual/measurable.",Existing Teaching Media assignment reconciled to the strongest current instructional section.
30,umichEngineeringTechnicalInterview,umichEngineeringTechnicalInterview,Technical Interview Resources,University of Michigan Engineering Career Resource Center,Engineering-specific technical interview instruction,Required · Engineering technical-interview reasoning,RETAINED + INTEGRATED,Week 30 → Career Lesson → Interview answers should expose technical decisions,Taught in,required,YES,learn.html?week=30&stage=career-lesson&lesson=1&section=career-w30-interview-answers-should-expose-technical-decisions&from=media&media=umichEngineeringTechnicalInterview,,"After using this resource, be able to explain or apply: When discussing Project 1, make the same reasoning visible: symptom/requirement → hypothesis → expected observation → measurement/test → result → next decision.",Existing Teaching Media assignment reconciled to the strongest current instructional section.
30,umichInterviewing,umichInterviewing,Interviewing Resources,University of Michigan Career Center,University interview instruction,Required · Technical-defense practice,RETAINED + INTEGRATED,"Week 30 → Career Lesson → Defend the project at 30 seconds, 2 minutes, and depth",Taught in,required,YES,learn.html?week=30&stage=career-lesson&lesson=1&section=career-w30-defend-the-project-at-30-seconds-2-minutes-and-depth&from=media&media=umichInterviewing,,"After using this resource, be able to explain or apply: Explain the project at 30 seconds, ~2 minutes and deep technical level using the same verified facts.",Existing Teaching Media assignment reconciled to the strongest current instructional section.
30,umichResumeBullets,umichResumeBullets,Resume Resources — Write Higher Quality Bullet Points,University of Michigan Career Center,University career instruction with video,Required · Resume bullet instruction,RETAINED + INTEGRATED,Week 30 → Career Lesson → A resume bullet is a compact evidence claim,Taught in,required,YES,learn.html?week=30&stage=career-lesson&lesson=1&section=career-w30-a-resume-bullet-is-a-compact-evidence-claim&from=media&media=umichResumeBullets,,"After watching, be able to explain or demonstrate: Every bullet must be defensible from an artifact, log, result or documented role.",Existing Teaching Media assignment reconciled to the strongest current instructional section.
31,etaCompetencies,etaCompetencies,ETA Associate CET (CETa) Competency Requirements,ETA International,Official standard,Required · Revalidation scope,RETAINED + INTEGRATED,Week 31 → CETa Lesson → Official information can change,Used in,required,YES,learn.html?week=31&stage=ceta-lesson&lesson=0&section=concept-3&from=media&media=etaCompetencies,Used in: Week 21 → CETa Lesson → Turn misses into a standards repair map [learn.html?week=21&stage=ceta-lesson&lesson=0&section=concept-6&from=media&media=etaCompetencies],"After using this reference, be able to locate, explain, or apply: Map only changed/new/retention-due items.",Existing Teaching Media assignment reconciled to the strongest current instructional section.
31,etaExam,etaExam,Associate CET Certification and Exam Information,ETA International,Official exam information,Required · Current policy/credential authority,RETAINED + INTEGRATED,Week 31 → CETa Lesson → Official information can change,Taught in,required,YES,learn.html?week=31&stage=ceta-lesson&lesson=0&section=concept-3&from=media&media=etaExam,Taught in: Week 30 → CETa Lesson → Credential language must match reality [learn.html?week=30&stage=ceta-lesson&lesson=0&section=concept-3&from=media&media=etaExam],"After using this resource, be able to explain or apply: Record the access date when policy details matter.",Existing Teaching Media assignment reconciled to the strongest current instructional section.
31,onetTech,onetTech,Electrical and Electronic Engineering Technologists and Technicians,O*NET OnLine / U.S. Department of Labor,Government occupational evidence,Reference · Role filter,RETAINED + INTEGRATED,Week 31 → Career Lesson → Use a role filter before spending application energy,Used in,supporting,YES,learn.html?week=31&stage=career-lesson&lesson=1&section=career-w31-use-a-role-filter-before-spending-application-energy&from=media&media=onetTech,"Used in: Week 22 → Career Lesson → Career integration: Git, command line, lab notes, reports, and technical handoff [learn.html?week=22&stage=career-lesson&lesson=1&section=career-w22-career-integration-git-command-line-lab-notes-reports-and-technical-hand&from=media&media=onetTech] | Used in: Week 29 → Career Lesson → Select evidence by job task, not visual appeal [learn.html?week=29&stage=career-lesson&lesson=1&section=career-w29-select-evidence-by-job-task-not-visual-appeal&from=media&media=onetTech] | Taught in: Week 30 → Career Lesson → Target roles by transferable task, not title alone [learn.html?week=30&stage=career-lesson&lesson=1&section=career-w30-target-roles-by-transferable-task-not-title-alone&from=media&media=onetTech]","After using this reference, be able to locate, explain, or apply: Compare each real posting with the model instead of treating O*NET as the job description.",Existing Teaching Media assignment reconciled to the strongest current instructional section.
31,pennSearchWorkshop,pennSearchWorkshop,"Resume, Interview and Search Strategy Workshop",University of Pennsylvania Career Services,University career workshop video,Required · Search/interview workshop,RETAINED + INTEGRATED,Week 31 → Career Lesson → Use a role filter before spending application energy,Taught in,required,YES,learn.html?week=31&stage=career-lesson&lesson=1&section=career-w31-use-a-role-filter-before-spending-application-energy&from=media&media=pennSearchWorkshop,,"After watching, be able to explain or demonstrate: Separate search volume from search quality; preserve what changed between application versions.",Existing Teaching Media assignment reconciled to the strongest current instructional section.
31,ucsdStudyVideos,ucsdStudyVideos,"Effective Study Techniques Videos — Spaced, Retrieval, and Interleaved Practice",University of California San Diego Department of Psychology,University instructional video series,Required · Continuing mastery instruction,RETAINED + INTEGRATED,"Week 31 → CETa Lesson → Retention needs spaced retrieval, not permanent cramming",Review of,required,YES,learn.html?week=31&stage=ceta-lesson&lesson=0&section=concept-4&from=media&media=ucsdStudyVideos,Taught in: Week 21 → CETa Lesson → Breadth requires selection practice [learn.html?week=21&stage=ceta-lesson&lesson=0&section=concept-1&from=media&media=ucsdStudyVideos],"After watching, be able to explain or demonstrate: Schedule periodic closed-note mixed retrieval and reopen only the domains that show evidence of decay.",Existing Teaching Media assignment reconciled to the strongest current instructional section.
31,umichJobSearch,umichJobSearch,Search for Jobs or Internships — Strategy and Tracking,University of Michigan Career Center,University job-search instruction,Required · Job-search system instruction,RETAINED + INTEGRATED,Week 31 → Career Lesson → Use a role filter before spending application energy,Taught in,required,YES,learn.html?week=31&stage=career-lesson&lesson=1&section=career-w31-use-a-role-filter-before-spending-application-energy&from=media&media=umichJobSearch,,"After using this resource, be able to explain or apply: Use the tracker as a feedback instrument: role → application version → response → interview stage → lesson/next change.",Existing Teaching Media assignment reconciled to the strongest current instructional section.
