week,source_id,title,provider,kind,source_url,disposition,lesson_track,lesson_title,segment_id,segment_title,instructional_role,display_treatment,why_here,watch_for,decision_reason
1,mathScienceVoltageCurrentResistance,"Lesson 1 - Voltage, Current, Resistance (Engineering Circuit Analysis)",Math and Science (Jason Gibson),Beginner YouTube engineering lecture,https://www.youtube.com/watch?v=OGa_b26eK2c,contextual lesson placement,CETa,The four quantities and the circuit they describe,concept-1,Start with charge: what electricity is actually moving,core,primary,"Watch this before the denser Week 1 technical media. Use it to build one mental picture of a closed circuit and of voltage, current, resistance, amps, milliamps, and microamps before formal equation work.","Listen for the everyday physical analogies, the closed-loop requirement, the difference between voltage/current/resistance, and the move from amps to smaller metric-prefixed current units.","Placed at the exact current lesson section where the media most directly supports explanation, demonstration, lab readiness, troubleshooting, reinforcement, review, or deeper study."
1,afrotechmodsWhatIsAmp,Basic Electricity - What is an amp?,Afrotechmods,Beginner YouTube electronics tutorial,https://www.youtube.com/watch?v=8gvJzrjwjds,contextual lesson placement,CETa,The four quantities and the circuit they describe,concept-2,Current: charge moving through a path over time,reinforcement,compact,Use this when current still feels like just a letter I in an equation. Focus on what moving charge means and what an ampere represents physically.,"Connect amperes to rate of charge flow, keep conventional-current language separate from electron motion, and say current goes through a path rather than across it.","Placed at the exact current lesson section where the media most directly supports explanation, demonstration, lab readiness, troubleshooting, reinforcement, review, or deeper study."
1,afrotechmodsWhatIsVoltage,Basic Electricity - What is voltage?,Afrotechmods,Beginner YouTube electronics tutorial,https://www.youtube.com/watch?v=TBt-kxYfync,contextual lesson placement,CETa,The four quantities and the circuit they describe,concept-3,Voltage: an energy difference between two points,reinforcement,compact,Use this immediately after current so voltage becomes an understandable physical idea instead of a number that appears in formulas.,"Connect volts to energy per charge, distinguish voltage from current, and notice that voltage is always a difference between two points even when a reference node is implied.","Placed at the exact current lesson section where the media most directly supports explanation, demonstration, lab readiness, troubleshooting, reinforcement, review, or deeper study."
1,afrotechmodsResistanceOhmsLaw,Basic Electricity - Resistance and Ohm's law,Afrotechmods,Beginner YouTube electronics tutorial with practical circuit demo,https://www.youtube.com/watch?v=NfcgA1axPLo,contextual lesson placement,CETa,The four quantities and the circuit they describe,concept-5,Resistance: why the same voltage does not produce the same current everywhere,demonstration,primary,"Watch after current and voltage. Use the resistor/LED example to connect resistance to a real component and then connect voltage, current, and resistance through Ohm's law.","Predict direction first: at fixed voltage, more resistance means less current. Then connect that physical relationship to V = IR instead of treating the formula as isolated memorization.","Placed at the exact current lesson section where the media most directly supports explanation, demonstration, lab readiness, troubleshooting, reinforcement, review, or deeper study."
1,afrotechmodsPowerWatts,Basic Electricity - Power and watts,Afrotechmods,Beginner YouTube electronics tutorial with practical measurement demo,https://www.youtube.com/watch?v=VSpB3HivkhY,contextual lesson placement,CETa,The four quantities and the circuit they describe,concept-10,Power: how quickly electrical energy is transferred,demonstration,primary,Use this after Ohm's law to give watts a physical meaning and to see why component power ratings matter in an actual circuit.,"Connect power to the rate of energy transfer, relate P = VI to measured voltage/current, and notice how a resistor can be electrically correct in ohms yet undersized in watts.","Placed at the exact current lesson section where the media most directly supports explanation, demonstration, lab readiness, troubleshooting, reinforcement, review, or deeper study."
1,organicChemTutorBasicCircuits,"Electric Current & Circuits Explained, Ohm's Law, Charge, Power, Physics Problems, Basic Electricity",The Organic Chemistry Tutor,YouTube worked-example physics tutorial,https://www.youtube.com/watch?v=r-SCyD7f_zI,contextual lesson placement,CETa,The four quantities and the circuit they describe,worked,Worked reasoning,reinforcement,primary,"Use this after the concepts make sense. Work along with the examples instead of watching passively, pausing before each calculation to predict the relationship and units.","Practice V = IR, P = VI, Q = It, current as coulombs per second, conventional current versus electron flow, and dimensional/unit checks.","Placed at the exact current lesson section where the media most directly supports explanation, demonstration, lab readiness, troubleshooting, reinforcement, review, or deeper study."
1,afrotechmodsMultimeter,THE BEST Multimeter tutorial (HD),Afrotechmods,Beginner YouTube multimeter demonstration,https://www.youtube.com/watch?v=bF3OyQ3HwfU,contextual lesson placement,Career,"Safe bench setup, prediction, and measurement",career-w01-voltage-resistance-and-current-modes-are-different-circuits,"Voltage, resistance, and current modes are different circuits",demonstration,primary,"Use this after you can predict voltage, current, and resistance conceptually. Connect the quantities to what a real meter measures before the Week 1 bench workflow.","Notice mode/range selection, probe jacks, voltage measured across two points, current measured through a circuit path, de-energized resistance/continuity checks, and the consequences of using the current jack incorrectly.","Placed at the exact current lesson section where the media most directly supports explanation, demonstration, lab readiness, troubleshooting, reinforcement, review, or deeper study."
1,aacElectricalA,"Electrical Quantities A — Voltage, Current, Resistance, and Charge",North Seattle Community College / All About Circuits,College video lecture with transcript,https://www.allaboutcircuits.com/video-lectures/electrical-quantities-a/,contextual lesson placement,CETa,The four quantities and the circuit they describe,concept-11,Put the model together: predict before you measure,review,compact,"Build the physical meaning of charge, voltage, current and resistance before using formulas.","Explain each quantity, its unit, and whether it is measured across or through a circuit element.","Placed at the exact current lesson section where the media most directly supports explanation, demonstration, lab readiness, troubleshooting, reinforcement, review, or deeper study."
1,aacElectricalB,Electrical Quantities B — Ohm’s Law and Electrical Power,North Seattle Community College / All About Circuits,College video lecture with transcript,https://www.allaboutcircuits.com/video-lectures/electrical-quantities-b/,contextual lesson placement,CETa,The four quantities and the circuit they describe,concept-10,Power: how quickly electrical energy is transferred,reinforcement,compact,Learn Ohm’s law as a relationship and electrical power as energy-rate/rating evidence; work the examples.,"Predict direct/inverse relationships before calculating; rearrange V=IR and verify P=VI, I²R and V²/R with units.","Placed at the exact current lesson section where the media most directly supports explanation, demonstration, lab readiness, troubleshooting, reinforcement, review, or deeper study."
1,aacTechnicalNotation,Technical Notation — Engineering Notation and SI Prefixes,North Seattle Community College / All About Circuits,College video lecture with transcript,https://www.allaboutcircuits.com/video-lectures/technical-notation/,contextual lesson placement,CETa,The four quantities and the circuit they describe,concept-6,SI prefixes are multipliers attached to units,core,primary,Learn scientific/engineering notation and SI prefixes used throughout electronics.,Convert base units ↔ milli/micro/nano/pico/kilo/mega/giga without losing powers of ten.,"Placed at the exact current lesson section where the media most directly supports explanation, demonstration, lab readiness, troubleshooting, reinforcement, review, or deeper study."
1,aacCurrentPath,Basic Requirements for Current,North Seattle Community College / All About Circuits,College video lecture with transcript,https://www.allaboutcircuits.com/video-lectures/basic-requirements-for-current/,contextual lesson placement,CETa,The four quantities and the circuit they describe,concept-4,A circuit needs a closed path,core,primary,"Connect the electrical quantities to an actual source, load and complete return path.",Predict current before calculation and explain why an open path produces zero current.,"Placed at the exact current lesson section where the media most directly supports explanation, demonstration, lab readiness, troubleshooting, reinforcement, review, or deeper study."
1,aacGroundReference,Ground and Other Reference Points,North Seattle Community College / All About Circuits,College video lecture with transcript,https://www.allaboutcircuits.com/video-lectures/ground-reference-points/,contextual lesson placement,Career,"Safe bench setup, prediction, and measurement",career-w01-pre-power-inspection-creates-the-first-known-good-state,Pre-power inspection creates the first known-good state,core,compact,Establish circuit reference/ground and polarity before DMM work.,Predict positive/negative meter readings from probe order and chosen reference.,"Placed at the exact current lesson section where the media most directly supports explanation, demonstration, lab readiness, troubleshooting, reinforcement, review, or deeper study."
1,keysightBenchPowerCourse,Bench Power Supply Basics,Keysight Technologies,Manufacturer video course,https://www.keysight.com/us/en/learn/course.bench-power-supply-basics.html,contextual lesson placement,Career,"Safe bench setup, prediction, and measurement",career-w01-current-limiting-is-a-protective-boundary-and-a-diagnostic-clue,Current limiting is a protective boundary and a diagnostic clue,lab-prep,primary,"Before first energization, apply the bench-supply workflow: verify the intended voltage, set a conservative current limit, confirm output state, connect with power off, then energize while watching current/readback.",Predict expected current first; unexpected CC mode or current rise is a stop-and-investigate condition.,"Placed at the exact current lesson section where the media most directly supports explanation, demonstration, lab readiness, troubleshooting, reinforcement, review, or deeper study."
2,aacSeries1,Series Circuits — Part 1,North Seattle Community College / All About Circuits,College video lecture with transcript,https://www.allaboutcircuits.com/video-lectures/series-circuits-part-1/,contextual lesson placement,CETa,"Series, parallel, KVL, KCL, and divider reasoning",concept-1,Topology determines what is shared,core,primary,"Learn series topology, shared current, total resistance, voltage drops and power.",Identify the single current path before doing arithmetic.,"Placed at the exact current lesson section where the media most directly supports explanation, demonstration, lab readiness, troubleshooting, reinforcement, review, or deeper study."
2,aacSeriesDivider,Series Circuits — Part 2: Voltage Divider Equation,North Seattle Community College / All About Circuits,College video lecture with transcript,https://www.allaboutcircuits.com/video-lectures/series-circuits-voltage-divider-equation/,contextual lesson placement,CETa,"Series, parallel, KVL, KCL, and divider reasoning",concept-3,A divider is only ideal when the load is negligible,demonstration,primary,Derive and apply the voltage-divider relationship.,Derive from series current rather than memorizing an isolated ratio.,"Placed at the exact current lesson section where the media most directly supports explanation, demonstration, lab readiness, troubleshooting, reinforcement, review, or deeper study."
2,aacParallel,Parallel Circuits,North Seattle Community College / All About Circuits,College video lecture with transcript,https://www.allaboutcircuits.com/video-lectures/parallel-circuits/,contextual lesson placement,CETa,"Series, parallel, KVL, KCL, and divider reasoning",concept-1,Topology determines what is shared,reinforcement,compact,"Learn parallel topology, common voltage, branch currents, equivalent resistance and power.",Use node identity rather than drawing shape to decide what is parallel.,"Placed at the exact current lesson section where the media most directly supports explanation, demonstration, lab readiness, troubleshooting, reinforcement, review, or deeper study."
2,aacKclKvl,"Ohm’s Law, Kirchhoff’s Laws, and Power Equations",All About Circuits,Engineering video tutorial with transcript,https://www.youtube.com/watch?v=ezvZuaVzoys,contextual lesson placement,CETa,"Series, parallel, KVL, KCL, and divider reasoning",concept-2,Kirchhoff turns conservation into two diagnostic rules,core,primary,Use conservation to generalize series/parallel reasoning to arbitrary nodes and loops.,Write signed KCL/KVL equations before substituting numbers.,"Placed at the exact current lesson section where the media most directly supports explanation, demonstration, lab readiness, troubleshooting, reinforcement, review, or deeper study."
2,aacTroubleshootSeriesParallel,Troubleshooting Series-Parallel Circuits,North Seattle Community College / All About Circuits,College video lecture with transcript,https://www.allaboutcircuits.com/video-lectures/troubleshooting-series-parallel-circuits/,contextual lesson placement,Career,Use expected node values to troubleshoot instead of guessing,career-w02-fault-patterns-have-structure,Fault patterns have structure,troubleshooting,primary,Use expected node values to select measurements that discriminate fault hypotheses.,Write expected values first; measure only where the result shrinks the fault space.,"Placed at the exact current lesson section where the media most directly supports explanation, demonstration, lab readiness, troubleshooting, reinforcement, review, or deeper study."
2,aacMagnetismElectromagnetism,Magnetism and Electromagnetism,North Seattle Community College / All About Circuits,College video lecture with transcript,https://www.allaboutcircuits.com/video-lectures/magnetism-and-electromagnetism/,contextual lesson placement,CETa,"Series, parallel, KVL, KCL, and divider reasoning",concept-5,Electromagnetism and induction,reinforcement,compact,"Learn magnetic fields, flux, poles, flux density, permeability/reluctance, current-produced magnetic fields, and the field relationships behind electromechanical devices.","Connect current direction to magnetic-field direction and explain why motors, generators, speakers, microphones, and magnetic components depend on electromagnetic interaction.","Placed at the exact current lesson section where the media most directly supports explanation, demonstration, lab readiness, troubleshooting, reinforcement, review, or deeper study."
2,tiPllFundamentals,TI Precision Labs — Phase-Locked Loop Fundamentals,Texas Instruments,Manufacturer video series,https://www.ti.com/video/series/precision-labs/ti-precision-labs-phase-lock-loop-fundamentals.html,contextual lesson placement,CETa,"Series, parallel, KVL, KCL, and divider reasoning",concept-10,"Oscillators, multivibrators, and phase-locked loops",go-deeper,compact,"Complete the five-part TI path covering VCOs, integer/fractional dividers, phase detectors, charge pumps, loop filters, bandwidth, and transient response.",Trace reference → phase/frequency comparison → loop filter → VCO → feedback divider and explain what lock means physically.,"Placed at the exact current lesson section where the media most directly supports explanation, demonstration, lab readiness, troubleshooting, reinforcement, review, or deeper study."
2,mitPiezoLab,Lab 9 — Piezoelectricity,MIT OpenCourseWare — Electrical Engineering and Computer Science,University video tutorial and physical-device exploration,https://ocw.mit.edu/courses/6-s079-nanomaker-spring-2013/resources/lab-9-piezoelectricity/,contextual lesson placement,CETa,"Series, parallel, KVL, KCL, and divider reasoning",concept-13,Piezoelectric effect and technician applications,demonstration,primary,Use the MIT tutorial to connect mechanical stress and electrical response in real piezo elements and recognize piezo devices as transducers/resonant elements.,"Explain the conversion mechanism and identify where a piezo element is acting as a sensor, actuator, buzzer, igniter, or resonant device.","Placed at the exact current lesson section where the media most directly supports explanation, demonstration, lab readiness, troubleshooting, reinforcement, review, or deeper study."
3,keysightBenchPowerCourse,Bench Power Supply Basics,Keysight Technologies,Manufacturer video course,https://www.keysight.com/us/en/learn/course.bench-power-supply-basics.html,contextual lesson placement,CETa,What each instrument measures and how the controls map to quantities,concept-2,A bench supply has two interacting limits,demonstration,primary,"Complete Lessons 1–5: voltage/current/regulation, core specs, linear vs switching, CV/CC and readback.",Set voltage/current limit deliberately and predict whether the load should place the supply in CV or CC.,"Placed at the exact current lesson section where the media most directly supports explanation, demonstration, lab readiness, troubleshooting, reinforcement, review, or deeper study."
3,keysightBenchCvCc,Bench Power Supply Basics — Constant Voltage and Constant Current Modes,Keysight Technologies,Manufacturer video lesson,https://www.keysight.com/zz/en/assets/6123-1426/lessons/0027BenchPowerSupplyBasics004Using6UnderstandingConstantVoltageandConstantCurrentModes.html,contextual lesson placement,Career,"Measurement planning, probe discipline, and uncertainty",career-w03-use-the-dmm-and-bench-supply-for-slow-or-static-evidence,Use the DMM and bench supply for slow or static evidence,lab-prep,primary,Use the dedicated CV/CC demonstration to understand the supply’s two interacting limits.,Explain why the supply changes mode and what that means about the load.,"Placed at the exact current lesson section where the media most directly supports explanation, demonstration, lab readiness, troubleshooting, reinforcement, review, or deeper study."
3,tekScopeWebinar,How to Get the Most Out of Your Oscilloscope,Tektronix,Manufacturer video webinar,https://www.tek.com/en/video/webinar/how-to-get-the-most-out-of-your-oscilloscope,contextual lesson placement,CETa,What each instrument measures and how the controls map to quantities,concept-3,An oscilloscope is a voltage-versus-time instrument,demonstration,primary,"Learn manual vertical, horizontal/acquisition and trigger controls plus common probing problems.","Set volts/div, time/div, coupling/reference and trigger from an expected signal instead of relying on Autoset.","Placed at the exact current lesson section where the media most directly supports explanation, demonstration, lab readiness, troubleshooting, reinforcement, review, or deeper study."
3,digiKeyLcrMeter,How to Use an LCR Meter,B&K Precision / DigiKey,Manufacturer measurement demonstration video,https://www.digikey.com/en/videos/b/bk-precision/how-to-use-an-lcr-meter,contextual lesson placement,CETa,What each instrument measures and how the controls map to quantities,concept-5,"Signal generators, frequency counters, RCL substitution, and ESR meters",demonstration,compact,Learn how measurement mode and test frequency affect capacitance/inductance readings and how to select settings appropriate to the component under test.,Do not treat a single L/C reading as context-free; note test frequency and series/parallel measurement model.,"Placed at the exact current lesson section where the media most directly supports explanation, demonstration, lab readiness, troubleshooting, reinforcement, review, or deeper study."
3,rsSpectrumBasics,Understanding Basic Spectrum Analyzer Operation,Rohde & Schwarz,Test-equipment manufacturer video,https://www.rohde-schwarz.com/us/knowledge-center/videos/understanding-basic-spectrum-analyzer-operation_251220-1513228.html,contextual lesson placement,CETa,What each instrument measures and how the controls map to quantities,concept-7,Oscilloscope controls and spectrum analyzer operation,demonstration,compact,"Use the existing Rohde & Schwarz manufacturer lesson to connect frequency-domain display, center/span, level, and basic analyzer operation to the broader NEETS instrument taxonomy.",Choose a safe input level and explain what frequency-domain evidence adds beyond a time-domain oscilloscope view.,"Placed at the exact current lesson section where the media most directly supports explanation, demonstration, lab readiness, troubleshooting, reinforcement, review, or deeper study."
4,aacSinusoidalSignals,Characteristics of Sinusoidal Signals,All About Circuits,Engineering video tutorial with transcript,https://www.allaboutcircuits.com/video-tutorials/characteristics-of-sinusoidal-signals/,contextual lesson placement,CETa,Waveform language and energy-storage behavior,concept-1,A waveform needs both vertical and horizontal descriptions,core,primary,"Learn amplitude, period/frequency, phase, cycles and sine/cosine waveform representation.","Label units, reference, amplitude convention, period, frequency and phase before interpretation.","Placed at the exact current lesson section where the media most directly supports explanation, demonstration, lab readiness, troubleshooting, reinforcement, review, or deeper study."
4,aacCapIndModern,Capacitors and Capacitance vs. Inductors and Inductance,All About Circuits,Engineering video tutorial with transcript,https://www.allaboutcircuits.com/video-tutorials/inductance-and-capacitance/,contextual lesson placement,CETa,Waveform language and energy-storage behavior,concept-2,Capacitors oppose instantaneous voltage change,core,primary,Compare capacitor electric-field storage with inductor magnetic-field storage and their time behavior.,State the continuity rule correctly: ideal capacitor voltage and ideal inductor current cannot change instantaneously.,"Placed at the exact current lesson section where the media most directly supports explanation, demonstration, lab readiness, troubleshooting, reinforcement, review, or deeper study."
4,aacRcRl,RC and RL Circuits,North Seattle Community College / All About Circuits,College video lecture with transcript,https://www.allaboutcircuits.com/video-lectures/rc-and-rl-circuits/,contextual lesson placement,CETa,Waveform language and energy-storage behavior,concept-3,Inductors oppose instantaneous current change,reinforcement,compact,"Connect R/C/L behavior to sinusoidal steady state, reactance, impedance and phase.",Draw/interpret phase relationships; do not add out-of-phase magnitudes as ordinary scalars.,"Placed at the exact current lesson section where the media most directly supports explanation, demonstration, lab readiness, troubleshooting, reinforcement, review, or deeper study."
4,aacRcTime1,RC Time Constants — Part 1: Pulse Circuit Response,North Seattle Community College / All About Circuits,College video lecture with transcript,https://www.allaboutcircuits.com/video-lectures/rc-time-constants-pulse-circuit-response/,contextual lesson placement,CETa,Waveform language and energy-storage behavior,concept-7,Capacitors oppose instantaneous voltage change,demonstration,primary,Calculate tau and predict RC charging/discharging before seeing a waveform.,"Predict one-tau ~63%, current decay, discharge polarity and ~five-tau settling.","Placed at the exact current lesson section where the media most directly supports explanation, demonstration, lab readiness, troubleshooting, reinforcement, review, or deeper study."
4,aacRcTime2,RC Time Constants — Part 2: Circuit Waveforms,North Seattle Community College / All About Circuits,College video lecture with transcript,https://www.allaboutcircuits.com/video-lectures/rc-time-constants-part-2-circuit-waveforms/,contextual lesson placement,CETa,Waveform language and energy-storage behavior,concept-9,Waveform vocabulary connects the time domain to measurements,demonstration,primary,Compare short/moderate/long time constants against pulse duration and filter/time-delay behavior.,"Explain waveform shape from available charge/discharge time, not picture recognition.","Placed at the exact current lesson section where the media most directly supports explanation, demonstration, lab readiness, troubleshooting, reinforcement, review, or deeper study."
4,adiLtspice,LTspice Getting Started,Analog Devices,Manufacturer video series,https://www.analog.com/en/resources/media-center/videos/series/ltspice-getting-started-tutorial.html,contextual lesson placement,Career,Turn time-domain measurements into filter and fault evidence,career-w04-time-domain-and-frequency-domain-evidence-describe-the-same-network,Time-domain and frequency-domain evidence describe the same network,lab-prep,primary,Reproduce the RC transient and frequency response after written predictions.,Compare simulated 63% point and response trend to calculations.,"Placed at the exact current lesson section where the media most directly supports explanation, demonstration, lab readiness, troubleshooting, reinforcement, review, or deeper study."
4,aacBinaryConversion,"Binary Conversion — Binary, Decimal, and Hexadecimal",North Seattle Community College / All About Circuits,College video lecture with transcript,https://www.allaboutcircuits.com/video-lectures/binary-conversion-converting-binary-to-decimal/,Teaching Media library only,,,,,library-only,library,"Learn binary, decimal, and hexadecimal representation and perform conversions rather than relying on a calculator's display mode.",Show place value and powers-of-two reasoning and verify the converted value in both directions.,Kept in Teaching Media for optional breadth. Binary conversion is taught and integrated in its stronger sequential home in Week 11.
4,aacBooleanPostulates,Boolean Algebra — Postulates and Simplification,North Seattle Community College / All About Circuits,College video lecture with transcript,https://www.allaboutcircuits.com/video-lectures/boolean-algebra-postulates/,Teaching Media library only,,,,,library-only,library,"Learn Boolean postulates, identities, complements, and simplification as the algebraic language behind digital logic.",Keep Boolean operators distinct from ordinary arithmetic and verify simplifications with logic meaning/truth values.,Kept in Teaching Media for optional breadth. Boolean algebra is taught and integrated in its stronger sequential home in Week 11.
4,aacSystemNotationsGraphs,"System Notations — Linear, Logarithmic, and Polar Graphs",North Seattle Community College / All About Circuits,College video lecture with transcript,https://www.allaboutcircuits.com/video-lectures/system-notations/,contextual lesson placement,CETa,Waveform language and energy-storage behavior,concept-6,Decibels and graphs as engineering representations,core,primary,"Learn how to read linear, logarithmic, and polar graphs, including interpolation and wide-range logarithmic axes used in electronics.",Identify axis quantity/unit/scale before reading a value; do not assume equal physical spacing means equal numeric increments on a log axis.,"Placed at the exact current lesson section where the media most directly supports explanation, demonstration, lab readiness, troubleshooting, reinforcement, review, or deeper study."
4,aacDecibels,Decibels — Amplifier Basics,North Seattle Community College / All About Circuits,College video lecture with worked dB calculations,https://www.allaboutcircuits.com/video-lectures/decibels-amplifier-basics/,contextual lesson placement,CETa,Waveform language and energy-storage behavior,concept-6,Decibels and graphs as engineering representations,reinforcement,compact,Learn gain/loss as a ratio and calculate voltage/current/power gain in decibels using logarithms and worked examples.,Use 20 log10 for voltage/current ratios under the stated impedance assumptions and 10 log10 for power ratios; preserve sign for gain versus loss.,"Placed at the exact current lesson section where the media most directly supports explanation, demonstration, lab readiness, troubleshooting, reinforcement, review, or deeper study."
4,khanEquationIsolation,Why We Do the Same Thing to Both Sides — Isolating a Variable,Khan Academy,Algebra video lesson with worked equations,https://www.khanacademy.org/math/algebra/one-variable-linear-equations/alg1-variables-on-both-sides/v/why-we-do-the-same-thing-to-both-sides-multi-step-equations,contextual lesson placement,CETa,Waveform language and energy-storage behavior,concept-4,"Core formulas, SI prefixes, NIST spelling exceptions, and scientific notation",reinforcement,compact,"Practice preserving equality while isolating a variable, then immediately transfer the same operations to electronics formulas such as V=IR, P=VI, X=1/(2πfC), and f=1/(2π√LC).","Perform the same legal operation to both sides, track units, and substitute the result back into the original relationship as a check.","Placed at the exact current lesson section where the media most directly supports explanation, demonstration, lab readiness, troubleshooting, reinforcement, review, or deeper study."
5,aacTroubleshootOpenShort,Troubleshooting Open and Shorted Series Circuits,North Seattle Community College / All About Circuits,College video lecture with transcript,https://www.allaboutcircuits.com/video-lectures/troubleshooting-series-circuits/,contextual lesson placement,Career,A complete troubleshooting loop under a practical gate,career-w05-start-with-an-observable-failure-statement,Start with an observable failure statement,troubleshooting,primary,Start with canonical open/short fault signatures.,Predict which voltages/currents change before measuring.,"Placed at the exact current lesson section where the media most directly supports explanation, demonstration, lab readiness, troubleshooting, reinforcement, review, or deeper study."
5,aacTroubleshootSeries,Troubleshooting Series Circuits,North Seattle Community College / All About Circuits,College video lecture with transcript,https://www.allaboutcircuits.com/video-lectures/troubleshooting-series-circuits1/,contextual lesson placement,Career,A complete troubleshooting loop under a practical gate,career-w05-let-each-measurement-shrink-the-fault-space,Let each measurement shrink the fault space,troubleshooting,compact,Extend troubleshooting to increased/decreased component resistance.,Recognize near-open/near-short behavior from voltage patterns.,"Placed at the exact current lesson section where the media most directly supports explanation, demonstration, lab readiness, troubleshooting, reinforcement, review, or deeper study."
5,aacTroubleshootParallel,Troubleshooting Parallel Circuits,North Seattle Community College / All About Circuits,College video lecture with transcript,https://www.allaboutcircuits.com/video-lectures/troubleshooting-parallel-circuits/,contextual lesson placement,Career,A complete troubleshooting loop under a practical gate,career-w05-let-each-measurement-shrink-the-fault-space,Let each measurement shrink the fault space,troubleshooting,compact,Learn branch-fault behavior and efficient measurement selection.,"Know the expected-good reading, minimize measurements and choose the best instrument.","Placed at the exact current lesson section where the media most directly supports explanation, demonstration, lab readiness, troubleshooting, reinforcement, review, or deeper study."
5,aacTroubleshootSeriesParallel,Troubleshooting Series-Parallel Circuits,North Seattle Community College / All About Circuits,College video lecture with transcript,https://www.allaboutcircuits.com/video-lectures/troubleshooting-series-parallel-circuits/,contextual lesson placement,Career,A complete troubleshooting loop under a practical gate,career-w05-competing-hypotheses-make-measurements-useful,Competing hypotheses make measurements useful,troubleshooting,primary,Apply expected-value diagnosis to a mixed network.,Choose test points because they split hypotheses.,"Placed at the exact current lesson section where the media most directly supports explanation, demonstration, lab readiness, troubleshooting, reinforcement, review, or deeper study."
5,aacTroubleshootingStrategies,Troubleshooting Strategies,North Seattle Community College / All About Circuits,College video lecture with transcript,https://www.allaboutcircuits.com/video-lectures/troubleshooting-strategies/,contextual lesson placement,Career,A complete troubleshooting loop under a practical gate,career-w05-root-cause-requires-verification-after-the-fix,Root cause requires verification after the fix,troubleshooting,primary,"Generalize to history/observation, in-circuit limitations, substitution, signal tracing/injection and split-half diagnosis.","For each method, state what evidence confirms/rejects a hypothesis and what could mislead it.","Placed at the exact current lesson section where the media most directly supports explanation, demonstration, lab readiness, troubleshooting, reinforcement, review, or deeper study."
6,aacRcRl,RC and RL Circuits,North Seattle Community College / All About Circuits,College video lecture with transcript,https://www.allaboutcircuits.com/video-lectures/rc-and-rl-circuits/,contextual lesson placement,CETa,"From reactance to impedance, phase, and resonance",concept-1,Reactance is frequency-dependent opposition,review,primary,Review how capacitor and inductor reactance changes with frequency and how phase makes AC circuit arithmetic different from DC.,State the direction of XC and XL change with frequency and identify leading/lagging relationships before calculation.,"Placed at the exact current lesson section where the media most directly supports explanation, demonstration, lab readiness, troubleshooting, reinforcement, review, or deeper study."
6,aacTransformerPart1,Transformers (Part 1),North Seattle Community College / All About Circuits,College video lecture,https://www.allaboutcircuits.com/video-lectures/transformers-part-1/,contextual lesson placement,CETa,"From reactance to impedance, phase, and resonance",concept-3,Resonance and transformation are controlled relationships,core,primary,"Learn turns ratio, voltage/current transformation and step-up/step-down behavior.",Relate Np/Ns to voltage ratio and explain why current changes in the opposite direction for an ideal transformer.,"Placed at the exact current lesson section where the media most directly supports explanation, demonstration, lab readiness, troubleshooting, reinforcement, review, or deeper study."
6,adiLtspice,LTspice Getting Started,Analog Devices,Manufacturer video series,https://www.analog.com/en/resources/media-center/videos/series/ltspice-getting-started-tutorial.html,contextual lesson placement,Career,Characterize a filter or resonant network like a technician,career-w06-characterization-starts-with-a-model-and-a-sweep-plan,Characterization starts with a model and a sweep plan,lab-prep,primary,Run an AC sweep only after predicting resonance/cutoff behavior and compare the plot to the prediction.,"Record sweep range, source amplitude, resonant/cutoff frequencies and magnitude/phase changes.","Placed at the exact current lesson section where the media most directly supports explanation, demonstration, lab readiness, troubleshooting, reinforcement, review, or deeper study."
7,aacPassiveComponents,"Passive, Active, and Electromechanical Components",All About Circuits,Engineering video tutorial,https://www.allaboutcircuits.com/video-tutorials/passive-active-and-electromechanical-components/,contextual lesson placement,CETa,"Component families, ratings, magnetism, and machines",concept-1,A part name does not establish suitability,core,primary,"Build the passive/active/electromechanical classification and connect each family to energy, signal, motion or interconnection behavior.","Identify resistor/capacitor/inductor/transformer/sensor/switch/connector/motor/generator roles from function, not appearance alone.","Placed at the exact current lesson section where the media most directly supports explanation, demonstration, lab readiness, troubleshooting, reinforcement, review, or deeper study."
7,aacElectronicComponents,Electronic Components,North Seattle Community College / All About Circuits,College video lecture with transcript,https://www.allaboutcircuits.com/video-lectures/electronic-components/,contextual lesson placement,CETa,"Component families, ratings, magnetism, and machines",concept-3,Relays separate coil control from switched contacts,reinforcement,compact,"Learn component symbols and basic relay/switch operation including poles, throws, NO/NC contacts and electromagnetic actuation.",Trace the coil and contact states separately and distinguish normal/de-energized state from energized state.,"Placed at the exact current lesson section where the media most directly supports explanation, demonstration, lab readiness, troubleshooting, reinforcement, review, or deeper study."
7,tiTransformers2026,Transformers introduction,Texas Instruments / University of Texas at Austin,University-industry video lecture,https://www.ti.com/video/6244607690001,contextual lesson placement,CETa,"Component families, ratings, magnetism, and machines",concept-11,"Transformers couple magnetic flux, not DC continuity",demonstration,primary,Extend the ideal transformer model to magnetizing/leakage inductance and real transformer effects.,Separate ideal turns-ratio behavior from nonideal magnetic effects.,"Placed at the exact current lesson section where the media most directly supports explanation, demonstration, lab readiness, troubleshooting, reinforcement, review, or deeper study."
7,tiInductiveLoads,Driving inductive loads with power switches,Texas Instruments,Manufacturer training video,https://www.ti.com/video/6018730150001,contextual lesson placement,Career,Read a datasheet and design a relay/inductive-load interface,career-w07-a-relay-coil-is-an-inductive-load,A relay coil is an inductive load,demonstration,primary,See what stored magnetic energy does at turn-off and how flyback/clamp paths protect the switch.,Predict polarity reversal and identify the safe current-decay path.,"Placed at the exact current lesson section where the media most directly supports explanation, demonstration, lab readiness, troubleshooting, reinforcement, review, or deeper study."
7,tiMotorTypes,Motor types,Texas Instruments,Manufacturer training video,https://www.ti.com/video/6067548423001,contextual lesson placement,CETa,"Component families, ratings, magnetism, and machines",concept-12,Relays and machines convert electrical and magnetic behavior into motion,demonstration,primary,"Compare brushed DC, stepper and brushless motor behavior and what physically creates torque.",Identify what is being commutated and how the drive method differs by motor family.,"Placed at the exact current lesson section where the media most directly supports explanation, demonstration, lab readiness, troubleshooting, reinforcement, review, or deeper study."
7,digiKeyDatasheet,How To Read A Datasheet — Electronics with Becky Stern,DigiKey Electronics,Industry instructional video,https://www.digikey.com/en/videos/d/digi-key-electronics/how-to-read-a-datasheet-electronics-with-becky-stern-digikey,contextual lesson placement,Career,Read a datasheet and design a relay/inductive-load interface,career-w07-read-the-datasheet-in-a-risk-first-order,Read the datasheet in a risk-first order,core,primary,"Learn how to find pinout, absolute maximums, recommended conditions, ratings, charts and operating specifications before connecting a component.",Separate absolute maximum ratings from normal operating conditions and cite the exact table/graph used.,"Placed at the exact current lesson section where the media most directly supports explanation, demonstration, lab readiness, troubleshooting, reinforcement, review, or deeper study."
7,aacComponentResistors,Electronic Components — Resistors,North Seattle Community College / All About Circuits,College video lecture with transcript,https://www.allaboutcircuits.com/video-lectures/electronic-components-resistors/,contextual lesson placement,CETa,"Component families, ratings, magnetism, and machines",concept-4,"Resistor families, markings, thermistors, and potentiometers",demonstration,primary,"Learn resistor construction families, surface-mount versus leaded forms, power/tolerance ratings, 3/4/5-band color codes, rheostats and potentiometers.","Identify value, tolerance, power implications and variable-resistor terminal use from the physical part rather than schematic symbol alone.","Placed at the exact current lesson section where the media most directly supports explanation, demonstration, lab readiness, troubleshooting, reinforcement, review, or deeper study."
7,aacCapacitorsPart1,"Capacitors (Part 1) — Construction, Charge, Capacitance, and Q=CV",North Seattle Community College / All About Circuits,College video lecture with transcript,https://www.allaboutcircuits.com/video-lectures/capacitors-part-1/,contextual lesson placement,CETa,"Component families, ratings, magnetism, and machines",concept-5,"Capacitors: type, variable capacitance, charge, and coulombs",core,primary,"Learn plate/dielectric construction, stored charge, capacitance and the Q=CV relationship before selecting or testing a capacitor.","Distinguish charge Q, capacitance C and voltage V; explain what geometry/dielectric changes do to capacitance.","Placed at the exact current lesson section where the media most directly supports explanation, demonstration, lab readiness, troubleshooting, reinforcement, review, or deeper study."
7,aacCapacitorsPart2,"Capacitors (Part 2) — Current Flow, Types, Polarity, and Ratings",North Seattle Community College / All About Circuits,College video lecture with transcript,https://www.allaboutcircuits.com/video-lectures/capacitors-part-2-current-flow-in-a-capacitive-circuit/,contextual lesson placement,CETa,"Component families, ratings, magnetism, and machines",concept-5,"Capacitors: type, variable capacitance, charge, and coulombs",reinforcement,compact,"Learn fixed/variable and polarized/non-polarized categories, voltage/capacitance/temperature ratings, and charging-current behavior.",Treat polarity and voltage rating as safety/reliability constraints; do not infer dielectric technology from package appearance alone.,"Placed at the exact current lesson section where the media most directly supports explanation, demonstration, lab readiness, troubleshooting, reinforcement, review, or deeper study."
7,aacInductorsPart2,Inductors (Part 2) — Types and Applications,North Seattle Community College / All About Circuits,College video lecture with transcript,https://www.allaboutcircuits.com/video-lectures/inductors-part-2-types-and-applications/,contextual lesson placement,CETa,"Component families, ratings, magnetism, and machines",concept-6,"Inductors and transformers: construction, cores, turns, and laminations",core,primary,"Learn practical inductor forms/applications, ferrite suppression, series/parallel combinations and how construction/application relates to behavior.","Connect core/application choice to inductance, reactance and unwanted RF behavior rather than treating every coil as interchangeable.","Placed at the exact current lesson section where the media most directly supports explanation, demonstration, lab readiness, troubleshooting, reinforcement, review, or deeper study."
7,aacIntroICs,Introduction to Integrated Circuits (ICs),All About Circuits,Engineering video tutorial,https://www.allaboutcircuits.com/video-tutorials/introduction-to-integrated-circuits/,contextual lesson placement,CETa,"Component families, ratings, magnetism, and machines",concept-9,Integrated circuits and relay types including solid-state relays,core,primary,"Learn what an integrated circuit is, die/package/pin relationships, through-hole versus surface-mount packaging and BGA-style packaging.",Separate the silicon die/circuit from the external package and recognize that package style does not define function.,"Placed at the exact current lesson section where the media most directly supports explanation, demonstration, lab readiness, troubleshooting, reinforcement, review, or deeper study."
7,aacBjtIntro,Bipolar Transistors — Introduction,North Seattle Community College / All About Circuits,College video lecture with transcript,https://www.allaboutcircuits.com/video-lectures/bipolar-transistors-intro/,contextual lesson placement,CETa,"Component families, ratings, magnetism, and machines",concept-7,"Transistors: BJT, JFET, MOSFET, CMOS, IGBT, and Darlington behavior",core,primary,"Learn NPN/PNP terminals, carrier/current-control behavior and the basic operating-region vocabulary needed to recognize BJT roles.",Keep device polarity and terminal identification explicit; do not treat a BJT as interchangeable with a MOSFET.,"Placed at the exact current lesson section where the media most directly supports explanation, demonstration, lab readiness, troubleshooting, reinforcement, review, or deeper study."
7,aacMosfetLecture,MOSFETs — MOS Field Effect Transistors,North Seattle Community College / All About Circuits,College video lecture with transcript,https://www.allaboutcircuits.com/video-lectures/mosfets-mos-field-effect-transistors/,contextual lesson placement,CETa,"Component families, ratings, magnetism, and machines",concept-7,"Transistors: BJT, JFET, MOSFET, CMOS, IGBT, and Darlington behavior",reinforcement,compact,"Learn MOSFET gate/source/drain roles, enhancement/depletion and N/P-channel distinctions as the basis for MOS and CMOS device recognition.",Do not confuse VGS(th) with a guaranteed fully enhanced low RDS(on) operating point.,"Placed at the exact current lesson section where the media most directly supports explanation, demonstration, lab readiness, troubleshooting, reinforcement, review, or deeper study."
7,aacJfet,Junction Field-Effect Transistors (JFET),North Seattle Community College / All About Circuits,College video lecture with transcript,https://www.allaboutcircuits.com/video-lectures/junction-field-effect-transistors-jfet/,contextual lesson placement,CETa,"Component families, ratings, magnetism, and machines",concept-7,"Transistors: BJT, JFET, MOSFET, CMOS, IGBT, and Darlington behavior",reinforcement,compact,"Learn JFET gate/source/drain structure, channel control and the device's role as a field-effect transistor.",Contrast JFET junction-gate control with insulated-gate MOSFET behavior.,"Placed at the exact current lesson section where the media most directly supports explanation, demonstration, lab readiness, troubleshooting, reinforcement, review, or deeper study."
7,aacZener,Special Diodes — Zener Diodes,North Seattle Community College / All About Circuits,College video lecture with transcript,https://www.allaboutcircuits.com/video-lectures/zener-diodes/,contextual lesson placement,CETa,"Component families, ratings, magnetism, and machines",concept-8,SCR/DIAC/TRIAC and diode families,reinforcement,compact,"Learn reverse-breakdown operation, Zener voltage/power ratings and the need for current limiting in regulation/clamping applications.",Keep ordinary forward conduction distinct from controlled reverse-breakdown use.,"Placed at the exact current lesson section where the media most directly supports explanation, demonstration, lab readiness, troubleshooting, reinforcement, review, or deeper study."
8,aacSemiconductorBasics,Semiconductor Basics: Materials and Devices,All About Circuits,Engineering video tutorial,https://www.allaboutcircuits.com/video-tutorials/semiconductor-materials-and-devices/,contextual lesson placement,CETa,Junction behavior and semiconductor device roles,concept-4,Semiconductor junctions create controllable nonlinear behavior,reinforcement,compact,"Learn doping, carriers and why semiconductor junctions can create controllable device behavior.",Relate material/doping changes to carrier availability instead of memorizing device symbols only.,"Placed at the exact current lesson section where the media most directly supports explanation, demonstration, lab readiness, troubleshooting, reinforcement, review, or deeper study."
8,aacDiodeCharacteristics,Diode Characteristics — Diode and Diode Circuits,North Seattle Community College / All About Circuits,College video lecture with transcript,https://www.allaboutcircuits.com/video-lectures/diode-characteristics-circuits/,contextual lesson placement,CETa,Junction behavior and semiconductor device roles,concept-1,A diode is directional but not an ideal check valve,core,primary,"Learn forward/reverse bias, practical forward drop, leakage and breakdown.",Predict current path and polarity before calculating or measuring.,"Placed at the exact current lesson section where the media most directly supports explanation, demonstration, lab readiness, troubleshooting, reinforcement, review, or deeper study."
8,aacBjtIntro,Bipolar Transistors — Introduction,North Seattle Community College / All About Circuits,College video lecture with transcript,https://www.allaboutcircuits.com/video-lectures/bipolar-transistors-intro/,contextual lesson placement,CETa,Junction behavior and semiconductor device roles,concept-2,A BJT is controlled by base current,core,primary,"Learn NPN/PNP structure, terminals and current-control concept before switch/bias work.",Identify emitter/base/collector and distinguish NPN from PNP orientation/bias.,"Placed at the exact current lesson section where the media most directly supports explanation, demonstration, lab readiness, troubleshooting, reinforcement, review, or deeper study."
8,aacMosfetLecture,MOSFETs — MOS Field Effect Transistors,North Seattle Community College / All About Circuits,College video lecture with transcript,https://www.allaboutcircuits.com/video-lectures/mosfets-mos-field-effect-transistors/,contextual lesson placement,CETa,Junction behavior and semiconductor device roles,concept-3,A MOSFET is controlled by gate-to-source voltage,core,primary,Learn enhancement/depletion and N/P channel behavior plus gate/source/drain roles.,Separate gate threshold from guaranteed low-resistance full-on operation.,"Placed at the exact current lesson section where the media most directly supports explanation, demonstration, lab readiness, troubleshooting, reinforcement, review, or deeper study."
8,tiMosfetBasics2026,MOSFET basics,Texas Instruments / University of Texas at Austin,University-industry video lecture,https://www.ti.com/video/6243264133001,contextual lesson placement,Career,Design and diagnose a protected low-side switch,career-w08-gate-drive-and-switching-loss-are-real-design-constraints,Gate drive and switching loss are real design constraints,demonstration,primary,"Use the TI lecture to connect gate drive, body diode, switching behavior and on-resistance to a real low-side switch.",Check whether the available gate voltage actually meets the datasheet's on-resistance conditions.,"Placed at the exact current lesson section where the media most directly supports explanation, demonstration, lab readiness, troubleshooting, reinforcement, review, or deeper study."
8,digiKeyDatasheet,How To Read A Datasheet — Electronics with Becky Stern,DigiKey Electronics,Industry instructional video,https://www.digikey.com/en/videos/d/digi-key-electronics/how-to-read-a-datasheet-electronics-with-becky-stern-digikey,contextual lesson placement,Career,Design and diagnose a protected low-side switch,career-w08-start-from-the-load-and-work-backward,Start from the load and work backward,core,compact,"Read pinout, absolute maximums, operating limits and characteristic curves before selecting or powering a diode/BJT/MOSFET.","Cite the exact condition attached to every current, voltage or resistance claim.","Placed at the exact current lesson section where the media most directly supports explanation, demonstration, lab readiness, troubleshooting, reinforcement, review, or deeper study."
8,aacTroubleshootSemiconductors,Troubleshooting Semiconductors,North Seattle Community College / All About Circuits,College video lecture with transcript,https://www.allaboutcircuits.com/video-lectures/troubleshooting-semiconductors/,contextual lesson placement,Career,Design and diagnose a protected low-side switch,career-w08-three-node-measurements-usually-reveal-the-stage-that-failed,Three node measurements usually reveal the stage that failed,troubleshooting,primary,Learn practical semiconductor handling/test considerations and how failures can present.,Separate mechanical/package/ESD issues from electrical junction symptoms.,"Placed at the exact current lesson section where the media most directly supports explanation, demonstration, lab readiness, troubleshooting, reinforcement, review, or deeper study."
8,aacZener,Special Diodes — Zener Diodes,North Seattle Community College / All About Circuits,College video lecture with transcript,https://www.allaboutcircuits.com/video-lectures/zener-diodes/,contextual lesson placement,CETa,Junction behavior and semiconductor device roles,concept-6,Thyristors and specialized diodes have specific triggering behavior,reinforcement,compact,"Learn reverse-breakdown operation, Zener voltage/power ratings and simple regulation/clamping behavior.",Do not treat intentional Zener breakdown as ordinary diode failure; include current limiting in every regulation example.,"Placed at the exact current lesson section where the media most directly supports explanation, demonstration, lab readiness, troubleshooting, reinforcement, review, or deeper study."
8,aacJfet,Junction Field-Effect Transistors (JFET),North Seattle Community College / All About Circuits,College video lecture with transcript,https://www.allaboutcircuits.com/video-lectures/junction-field-effect-transistors-jfet/,contextual lesson placement,CETa,Junction behavior and semiconductor device roles,concept-5,BJT and FET devices control current differently,reinforcement,compact,"Add JFET construction, terminals, channel control and switch/amplifier use to the transistor family map.",Contrast voltage-controlled FET input behavior with BJT base-current control.,"Placed at the exact current lesson section where the media most directly supports explanation, demonstration, lab readiness, troubleshooting, reinforcement, review, or deeper study."
9,aacPowerSupplies,Power Supplies — Applications,North Seattle Community College / All About Circuits,College video lecture with transcript,https://www.allaboutcircuits.com/video-lectures/power-supplies-applications/,contextual lesson placement,CETa,Power-supply blocks and their expected signals,concept-1,Follow the block chain,core,primary,Learn the transformer→rectifier→filter→regulator chain and how half/full-wave rectification creates pulsating DC.,Sketch the waveform after each block and predict what a failed/open/shorted block would do downstream.,"Placed at the exact current lesson section where the media most directly supports explanation, demonstration, lab readiness, troubleshooting, reinforcement, review, or deeper study."
9,aacPowerIcs,Introduction to Power Management: Voltage Regulator ICs,All About Circuits,Engineering video tutorial,https://www.allaboutcircuits.com/video-tutorials/power-ics/,contextual lesson placement,CETa,Power-supply blocks and their expected signals,concept-3,"Regulation trades voltage, current, heat, noise, and complexity",core,primary,"Learn linear versus switching regulation, efficiency/noise tradeoffs and common PMIC roles.",Explain why a linear pass device dissipates power continuously while a switcher transfers energy in switched intervals.,"Placed at the exact current lesson section where the media most directly supports explanation, demonstration, lab readiness, troubleshooting, reinforcement, review, or deeper study."
9,tiBoardTroubleshooting,Board Level Troubleshooting,Texas Instruments,Manufacturer troubleshooting video,https://www.ti.com/video/5971802514001,contextual lesson placement,Career,Rail-by-rail bring-up and supply troubleshooting,career-w09-use-rail-behavior-to-distinguish-source-regulator-and-load-faults,"Use rail behavior to distinguish source, regulator, and load faults",troubleshooting,primary,Apply structured board-level checks to power-rail symptoms rather than replacing parts by guesswork.,Compare expected rails/current signatures with measured evidence and change one variable at a time.,"Placed at the exact current lesson section where the media most directly supports explanation, demonstration, lab readiness, troubleshooting, reinforcement, review, or deeper study."
9,aacPowerSuppliesApplications,Power Supplies — Applications,North Seattle Community College / All About Circuits,College video lecture with transcript,https://www.allaboutcircuits.com/video-lectures/power-supplies-applications/,contextual lesson placement,CETa,Power-supply blocks and their expected signals,concept-2,The filter capacitor supplies load between peaks,demonstration,primary,"Trace AC input through transformation/rectification/filtering/regulation and explicitly study capacitor, L and π filter topologies.","Predict where ripple exists, what each filter element suppresses and what measurements should appear before/after the filter.","Placed at the exact current lesson section where the media most directly supports explanation, demonstration, lab readiness, troubleshooting, reinforcement, review, or deeper study."
9,tiBatteryTraining,Battery Management Deep Dive — Battery Chargers: Fundamentals,Texas Instruments,Manufacturer on-demand video training series,https://www.ti.com/video/series/battery-management-deep-dive-on-demand-technical-training.html,contextual lesson placement,CETa,Power-supply blocks and their expected signals,concept-5,"Batteries, charging, capacity, and protection",go-deeper,primary,"Complete the introductory battery-management lesson plus the mapped charger-fundamentals lessons, especially Li-ion charging and charger-system topology.","Separate cell chemistry limits, charging stages/current/voltage control, protection and system power-path behavior.","Placed at the exact current lesson section where the media most directly supports explanation, demonstration, lab readiness, troubleshooting, reinforcement, review, or deeper study."
10,aacDecibels,Decibels — Amplifier Basics,North Seattle Community College / All About Circuits,College video lecture with worked dB calculations,https://www.allaboutcircuits.com/video-lectures/decibels-amplifier-basics/,contextual lesson placement,CETa,"Gain, dB, feedback, and ideal op-amp rules",concept-1,Gain is an input-to-output ratio with conditions,core,primary,Learn voltage/current/power gain and convert ratios to decibels with worked examples.,Use the correct 20log versus 10log relationship and keep units/ratio meaning explicit.,"Placed at the exact current lesson section where the media most directly supports explanation, demonstration, lab readiness, troubleshooting, reinforcement, review, or deeper study."
10,aacAmpConfigs,Amplifier Configurations,North Seattle Community College / All About Circuits,College video lecture with transcript,https://www.allaboutcircuits.com/video-lectures/amplifier-configurations/,contextual lesson placement,CETa,"Gain, dB, feedback, and ideal op-amp rules",concept-4,"Amplifier roles, classes, stages, and frequency response",core,primary,"Compare common-emitter, common-collector and common-base behavior and loading/phase implications.","Identify which terminal is common and what happens to voltage/current gain, phase and impedance.","Placed at the exact current lesson section where the media most directly supports explanation, demonstration, lab readiness, troubleshooting, reinforcement, review, or deeper study."
10,aacOpAmpBasicConfig,Basic Amplifier Configuration — Op Amps,North Seattle Community College / All About Circuits,College video lecture with transcript,https://www.allaboutcircuits.com/video-lectures/basic-amplifier-configuration/,contextual lesson placement,CETa,"Gain, dB, feedback, and ideal op-amp rules",concept-6,Operational amplifiers and gain analysis,core,primary,Learn inverting/non-inverting feedback configurations and derive closed-loop gain from the resistor network.,Trace negative feedback and distinguish ideal analysis from real input/output limitations.,"Placed at the exact current lesson section where the media most directly supports explanation, demonstration, lab readiness, troubleshooting, reinforcement, review, or deeper study."
10,tiPrecisionOpAmps,TI Precision Labs — Op Amps,Texas Instruments,Manufacturer college-style video curriculum,https://www.ti.com/video/series/precision-labs/ti-precision-labs-op-amps.html,contextual lesson placement,CETa,"Gain, dB, feedback, and ideal op-amp rules",concept-10,Op-amp rules are conditional approximations,go-deeper,primary,"Complete the mapped introduction, input/output limitations, bandwidth/gain and slew-rate lessons.","Connect common-mode range, output swing, gain-bandwidth and slew rate to clipping/distortion/bandwidth symptoms.","Placed at the exact current lesson section where the media most directly supports explanation, demonstration, lab readiness, troubleshooting, reinforcement, review, or deeper study."
10,tiOpAmpOutputStage,Op Amp Distortion — Output Stage,Texas Instruments,Manufacturer technical video,https://www.ti.com/video/4650731413001,contextual lesson placement,CETa,"Gain, dB, feedback, and ideal op-amp rules",concept-7,"Distortion, loading, buffering, and measurement error",demonstration,primary,Learn how output-stage topology and load current create distortion and clipping.,Separate input/common-mode problems from output-load/output-swing problems.,"Placed at the exact current lesson section where the media most directly supports explanation, demonstration, lab readiness, troubleshooting, reinforcement, review, or deeper study."
10,tiAudioAmpBasics,Audio Amplifier Basics,Texas Instruments,Manufacturer video,https://www.ti.com/video/6287826793001,contextual lesson placement,CETa,"Gain, dB, feedback, and ideal op-amp rules",concept-4,"Amplifier roles, classes, stages, and frequency response",reinforcement,compact,Assign the TI amplifier-basics video here—not merely in the source registry—to learn amplifier purpose/specifications and Class A/B/AB/D distinctions.,"Relate class to conduction/switching behavior, efficiency/distortion tradeoffs and intended load/application rather than memorizing letters.","Placed at the exact current lesson section where the media most directly supports explanation, demonstration, lab readiness, troubleshooting, reinforcement, review, or deeper study."
10,tiAudioFundamentals,TI Precision Labs — Audio Fundamentals,Texas Instruments,Manufacturer video series,https://www.ti.com/video/series/precision-labs/ti-precision-labs-audio-fundamentals.html,contextual lesson placement,Career,Measure and troubleshoot a signal chain,career-w10-report-gain-across-frequency-and-load,Report gain across frequency and load,reinforcement,primary,"Use the mapped fundamentals lessons for gain, signal path, noise/distortion, load/interface and measurement vocabulary.",Connect each spec to a measurable input/output behavior and distinguish gain from output-power capability.,"Placed at the exact current lesson section where the media most directly supports explanation, demonstration, lab readiness, troubleshooting, reinforcement, review, or deeper study."
10,aacTransistorBiasing,"Transistor Biasing (continued) — Cutoff, Linear Region, and Saturation",North Seattle Community College / All About Circuits,College video lecture with transcript,https://www.allaboutcircuits.com/video-lectures/transistor-biasing-cont/,contextual lesson placement,CETa,"Gain, dB, feedback, and ideal op-amp rules",concept-5,"BJT and FET amplifier bias, gain, and power",core,primary,Learn why linear amplifiers require a quiescent operating point between cutoff and saturation and how bias establishes usable signal swing.,Diagnose clipping as the signal forcing the device out of the intended linear region rather than simply 'too much gain.',"Placed at the exact current lesson section where the media most directly supports explanation, demonstration, lab readiness, troubleshooting, reinforcement, review, or deeper study."
10,aacAmplifierConfigs,"Amplifier Configurations — Common-Emitter, Common-Collector, and Common-Base",North Seattle Community College / All About Circuits,College video lecture with transcript,https://www.allaboutcircuits.com/video-lectures/amplifier-configurations/,contextual lesson placement,CETa,"Gain, dB, feedback, and ideal op-amp rules",concept-5,"BJT and FET amplifier bias, gain, and power",reinforcement,compact,"Learn common-emitter, common-collector/emitter-follower and common-base roles, biasing context, phase and impedance behavior.",Explain why a near-unity-voltage-gain emitter follower can still be useful because of impedance/current-drive behavior.,"Placed at the exact current lesson section where the media most directly supports explanation, demonstration, lab readiness, troubleshooting, reinforcement, review, or deeper study."
10,aacJfetAmplifiers,"JFET Amplifiers — Common-Source, Common-Gate, and Common-Drain",North Seattle Community College / All About Circuits,College video lecture with transcript,https://www.allaboutcircuits.com/video-lectures/jfet-amplifiers/,contextual lesson placement,CETa,"Gain, dB, feedback, and ideal op-amp rules",concept-5,"BJT and FET amplifier bias, gain, and power",reinforcement,compact,Map common-source/common-gate/common-drain to the corresponding BJT configurations and learn their bias/phase/impedance roles.,Use the FET's high input impedance and configuration choice as part of the signal-chain explanation.,"Placed at the exact current lesson section where the media most directly supports explanation, demonstration, lab readiness, troubleshooting, reinforcement, review, or deeper study."
10,aacMosfetAmplifiers,MOSFET Amplifiers — Biasing and Common-Source Behavior,North Seattle Community College / All About Circuits,College video lecture with transcript,https://www.allaboutcircuits.com/video-lectures/mosfet-amplifiers/,contextual lesson placement,CETa,"Gain, dB, feedback, and ideal op-amp rules",concept-5,"BJT and FET amplifier bias, gain, and power",reinforcement,compact,"Learn MOSFET linear-region biasing, common-source response, high input impedance and the distinction between switching and linear operation.",Keep the device out of cutoff/saturation when analyzing a linear amplifier and connect bias errors to waveform distortion.,"Placed at the exact current lesson section where the media most directly supports explanation, demonstration, lab readiness, troubleshooting, reinforcement, review, or deeper study."
11,aacBinaryConversion,"Binary Conversion — Binary, Decimal, and Hexadecimal",North Seattle Community College / All About Circuits,College video lecture with transcript,https://www.allaboutcircuits.com/video-lectures/binary-conversion-converting-binary-to-decimal/,contextual lesson placement,CETa,"Binary, hexadecimal, gates, and sequential state",concept-1,Number bases are different representations of the same value,core,primary,Build fluency converting binary ↔ decimal and binary ↔ hexadecimal.,Work conversions without a calculator first and explain positional weights.,"Placed at the exact current lesson section where the media most directly supports explanation, demonstration, lab readiness, troubleshooting, reinforcement, review, or deeper study."
11,aacBooleanPostulates,Boolean Algebra — Postulates and Simplification,North Seattle Community College / All About Circuits,College video lecture with transcript,https://www.allaboutcircuits.com/video-lectures/boolean-algebra-postulates/,contextual lesson placement,CETa,"Binary, hexadecimal, gates, and sequential state",concept-2,Logic gates implement conditions,core,primary,Learn Boolean operators/identities and simplify logic expressions into gate realizations.,Translate every symbolic step back into a gate-level change.,"Placed at the exact current lesson section where the media most directly supports explanation, demonstration, lab readiness, troubleshooting, reinforcement, review, or deeper study."
11,aacCombinationalLogic,Combinational Logic,North Seattle Community College / All About Circuits,College video lecture with transcript,https://www.allaboutcircuits.com/video-lectures/combinational-logic/,contextual lesson placement,CETa,"Binary, hexadecimal, gates, and sequential state",concept-4,"Logic gates, truth tables, and flip-flops",core,primary,Learn combinational logic as output determined by present inputs; connect equations/truth tables/gates.,Complete truth tables before viewing the solution.,"Placed at the exact current lesson section where the media most directly supports explanation, demonstration, lab readiness, troubleshooting, reinforcement, review, or deeper study."
11,aacSequentialLogic,Sequential Logic,North Seattle Community College / All About Circuits,College video lecture with transcript,https://www.allaboutcircuits.com/video-lectures/sequential-logic/,contextual lesson placement,CETa,"Binary, hexadecimal, gates, and sequential state",concept-3,Sequential logic remembers state,core,primary,Learn how latches/flip-flops and clocking create state/memory.,Track state across input/clock events rather than treating outputs as purely combinational.,"Placed at the exact current lesson section where the media most directly supports explanation, demonstration, lab readiness, troubleshooting, reinforcement, review, or deeper study."
11,tiDebounceSwitch,Debounce a Switch,Texas Instruments,Manufacturer video,https://www.ti.com/video/5840441551001,contextual lesson placement,Career,"Real logic levels, pull resistors, debounce, and measurement",career-w11-debounce-is-a-time-domain-problem,Debounce is a time-domain problem,demonstration,primary,See why a mechanical switch creates multiple transitions and how RC + Schmitt-trigger debounce changes the waveform.,Relate bounce time to the unwanted digital events and explain hysteresis’ role.,"Placed at the exact current lesson section where the media most directly supports explanation, demonstration, lab readiness, troubleshooting, reinforcement, review, or deeper study."
11,aacCounters,Counters — Synchronous/Asynchronous Counting and Frequency Division,North Seattle Community College / All About Circuits,College video lecture with transcript,https://www.allaboutcircuits.com/video-lectures/counters/,contextual lesson placement,CETa,"Binary, hexadecimal, gates, and sequential state",concept-5,"Counters, buses, clocks, timing, and logic families",reinforcement,compact,"Learn synchronous/asynchronous counting, binary count sequences, frequency division, integrated counters and propagation-delay implications.",Trace bit state across clock edges and identify when ripple delay can create transient false counts.,"Placed at the exact current lesson section where the media most directly supports explanation, demonstration, lab readiness, troubleshooting, reinforcement, review, or deeper study."
11,aacMicroprocessorBusNetworks,"Microprocessor Bus Networks — Address, Data, and Control Buses",North Seattle Community College / All About Circuits,College video lecture with transcript,https://www.allaboutcircuits.com/video-lectures/microprocessor-bus-networks/,contextual lesson placement,CETa,"Binary, hexadecimal, gates, and sequential state",concept-5,"Counters, buses, clocks, timing, and logic families",reinforcement,compact,"Learn address, data and control buses plus read/write coordination between a processor, memory and I/O.",State what information each bus carries and follow one read/write transaction at block level.,"Placed at the exact current lesson section where the media most directly supports explanation, demonstration, lab readiness, troubleshooting, reinforcement, review, or deeper study."
11,aacComputerHardware,"Computer Hardware — Processor, Memory, Controllers, Buses, and Peripherals",North Seattle Community College / All About Circuits,College video lecture with transcript,https://www.allaboutcircuits.com/video-lectures/computer-hardware/,contextual lesson placement,CETa,"Binary, hexadecimal, gates, and sequential state",concept-6,Digital displays and microcontrollers,reinforcement,compact,"Learn processor, RAM/cache, controllers, I/O/peripheral blocks, power and system buses as one computer/electronic system.",Trace data/control from CPU to memory and peripherals and identify which block owns each function.,"Placed at the exact current lesson section where the media most directly supports explanation, demonstration, lab readiness, troubleshooting, reinforcement, review, or deeper study."
12,digiKeySoldering,How To Solder — Electronics with Becky Stern,DigiKey Electronics,Industry instructional video,https://www.digikey.com/en/videos/d/digi-key-electronics/how-to-solder-electronics-with-becky-stern-digi-key-electronics,contextual lesson placement,CETa,ESD control and solder/rework fundamentals,concept-2,"A good joint comes from clean surfaces, correct heat, and wetting",demonstration,primary,"Watch heat-both-surfaces, solder flow/wetting and undisturbed cooling before the workmanship task.",Identify where heat and solder are applied and what acceptable wetting looks like.,"Placed at the exact current lesson section where the media most directly supports explanation, demonstration, lab readiness, troubleshooting, reinforcement, review, or deeper study."
12,paceBgaTutorial,Official IR 3000 Tutorial — Install and Remove BGA and SMC,PACE Worldwide,Professional rework video tutorial,https://paceworldwide.com/video/official-ir-3000-tutorial-install-and-remove-bga-and-smc,contextual lesson placement,CETa,ESD control and solder/rework fundamentals,concept-6,SMT/BGA handling and PCB pad/trace/PTH repair boundaries,go-deeper,primary,"Observe controlled BGA/SMC removal and installation as a professional rework process: board support, thermal control, alignment, removal/placement and inspection workflow.",Recognize why BGA rework requires dedicated thermal/profile/alignment equipment and should not be attempted as casual hand rework.,"Placed at the exact current lesson section where the media most directly supports explanation, demonstration, lab readiness, troubleshooting, reinforcement, review, or deeper study."
12,digiKeyBrokenTrace,How to Repair Broken Traces — Another Teaching Moment,DigiKey Electronics,Electronics repair video,https://www.digikey.com/en/videos/d/digi-key-electronics/how-to-repair-broken-traces--another-teaching-moment--digikey-electronics,contextual lesson placement,CETa,ESD control and solder/rework fundamentals,concept-9,Rework has a damage budget,demonstration,primary,"Learn the evidence path for a damaged/lifted trace: identify endpoints, clean/remove damaged material, restore continuity with an appropriate jumper/repair and verify afterward.",Confirm the intended net from schematic/continuity evidence before bridging; avoid creating a shortcut around another component or net.,"Placed at the exact current lesson section where the media most directly supports explanation, demonstration, lab readiness, troubleshooting, reinforcement, review, or deeper study."
13,aacSystemNotations,System Notations,North Seattle Community College / All About Circuits,College video lecture with transcript,https://www.allaboutcircuits.com/video-lectures/system-notations/,contextual lesson placement,CETa,Read diagram types and turn symbols into behavior,concept-1,Each drawing answers a different question,core,primary,"Learn the purpose and differences among block, schematic, wiring and other system representations.",Never infer physical placement from schematic drawing position; use labels/nets/reference designators.,"Placed at the exact current lesson section where the media most directly supports explanation, demonstration, lab readiness, troubleshooting, reinforcement, review, or deeper study."
13,digiKeySchematics,How to Read a Schematic — Another Teaching Moment,DigiKey Electronics,Industry instructional video,https://www.digikey.com/en/videos/d/digi-key-electronics/how-to-read-a-schematic-another-teaching-moment-digi-key-electronics,contextual lesson placement,CETa,Read diagram types and turn symbols into behavior,concept-2,Read from rails and references into functional blocks,demonstration,primary,"Reinforce symbols, net labels, connectivity and reference designators.",Trace electrical relationships across page/net labels rather than by visual proximity.,"Placed at the exact current lesson section where the media most directly supports explanation, demonstration, lab readiness, troubleshooting, reinforcement, review, or deeper study."
13,digiKeyDatasheet,How To Read A Datasheet — Electronics with Becky Stern,DigiKey Electronics,Industry instructional video,https://www.digikey.com/en/videos/d/digi-key-electronics/how-to-read-a-datasheet-electronics-with-becky-stern-digikey,contextual lesson placement,CETa,Read diagram types and turn symbols into behavior,concept-3,A datasheet is conditional evidence,demonstration,primary,"Learn how to extract pinout, operating conditions, absolute maximums, truth/timing tables and characteristic graphs.",Cite the exact table/condition supporting each expected test value.,"Placed at the exact current lesson section where the media most directly supports explanation, demonstration, lab readiness, troubleshooting, reinforcement, review, or deeper study."
13,nscTroubleshooting,Elements of System Level Troubleshooting,North Seattle Community College / All About Circuits,College video lecture,https://www.allaboutcircuits.com/video-lectures/elements-system-level-troubleshooting/,contextual lesson placement,Career,Troubleshoot with competing hypotheses and high-information tests,career-w13-build-a-fault-model-before-probing,Build a fault model before probing,troubleshooting,primary,"Use block-diagram thinking, signal tracing, substitution and divide-and-conquer to choose test points.",Every measurement must compare to an expected-good value and eliminate one or more hypotheses.,"Placed at the exact current lesson section where the media most directly supports explanation, demonstration, lab readiness, troubleshooting, reinforcement, review, or deeper study."
13,tiBoardTroubleshooting,Board Level Troubleshooting,Texas Instruments,Manufacturer troubleshooting video,https://www.ti.com/video/5971802514001,contextual lesson placement,Career,Troubleshoot with competing hypotheses and high-information tests,career-w13-choose-a-high-information-test,Choose a high-information test,troubleshooting,primary,See disciplined board checks and A-B-A substitution used in practice.,"Do not blame a component until board conditions, parasitics/cleanliness and controlled swap evidence support it.","Placed at the exact current lesson section where the media most directly supports explanation, demonstration, lab readiness, troubleshooting, reinforcement, review, or deeper study."
14,mitAssemblyArchitecture,Lecture 4 — Assembly Language & Computer Architecture,MIT OpenCourseWare,University lecture video with transcript,https://ocw.mit.edu/courses/6-172-performance-engineering-of-software-systems-fall-2018/resources/lecture-4-assembly-language-computer-architecture/,contextual lesson placement,CETa,"Computer blocks, representation, memory, and the build path",concept-1,"A computer repeatedly moves, transforms, and stores information",core,primary,Follow the path from source code to compiler output to machine code to hardware execution.,"Connect instructions to registers, memory and actual hardware execution rather than treating C as an abstract language.","Placed at the exact current lesson section where the media most directly supports explanation, demonstration, lab readiness, troubleshooting, reinforcement, review, or deeper study."
14,cs50Week1C2026,CS50x 2026 — Week 1 C,Harvard University,"University lecture, notes, transcript, and video",https://cs50.harvard.edu/x/weeks/1/,contextual lesson placement,Career,Write and debug small C programs methodically,career-w14-a-c-program-is-source-text-that-must-be-translated-before-it-runs,A C program is source text that must be translated before it runs,core,primary,"Learn C syntax, types, control flow, functions, compilation and command-line workflow.","Compile frequently and treat compiler diagnostics as evidence, not noise.","Placed at the exact current lesson section where the media most directly supports explanation, demonstration, lab readiness, troubleshooting, reinforcement, review, or deeper study."
14,cs50C,CS50x Week 4 — Memory and Pointers,Harvard University,University course notes and video,https://cs50.harvard.edu/x/notes/4/,contextual lesson placement,Career,Write and debug small C programs methodically,career-w14-addresses-and-pointers-make-memory-locations-explicit,Addresses and pointers make memory locations explicit,reinforcement,primary,"Learn addresses, pointers, arrays, stack/heap and common memory failures.",Draw memory/address relationships and explain segmentation/buffer failures.,"Placed at the exact current lesson section where the media most directly supports explanation, demonstration, lab readiness, troubleshooting, reinforcement, review, or deeper study."
14,automationDirectPlcScan,"PLC Program Structure — Main Scan, Subroutines, and Interrupts",AutomationDirect,Manufacturer PLC training video with transcript,https://www.automationdirect.com/videos/video?videoToPlay=MnR8e-cZLUs,contextual lesson placement,CETa,"Computer blocks, representation, memory, and the build path",concept-5,"PLC purpose, scan cycle, programming concepts, and languages",demonstration,primary,"Learn the classic PLC scan model—read inputs, execute the main ladder/control program, update outputs and repeat—then see where subroutines and interrupts fit.","Explain why normal logic is scan-based, why scan time matters and when an interrupt is used for an event that cannot wait for the ordinary scan.","Placed at the exact current lesson section where the media most directly supports explanation, demonstration, lab readiness, troubleshooting, reinforcement, review, or deeper study."
14,aacComputerHardware,"Computer Hardware — Processor, Memory, Controllers, Buses, and Peripherals",North Seattle Community College / All About Circuits,College video lecture with transcript,https://www.allaboutcircuits.com/video-lectures/computer-hardware/,contextual lesson placement,CETa,"Computer blocks, representation, memory, and the build path",concept-4,"Computer architecture, CPU blocks, memory, block diagrams, and flowcharts",reinforcement,compact,"Reuse the computer-hardware lecture here to connect CPU, memory, controllers, buses and peripherals to technician-level computer-electronics concepts.",Trace a peripheral transaction as CPU/memory/controller/bus/device behavior instead of treating a computer as one opaque box.,"Placed at the exact current lesson section where the media most directly supports explanation, demonstration, lab readiness, troubleshooting, reinforcement, review, or deeper study."
14,aacMicroprocessorBusNetworks,"Microprocessor Bus Networks — Address, Data, and Control Buses",North Seattle Community College / All About Circuits,College video lecture with transcript,https://www.allaboutcircuits.com/video-lectures/microprocessor-bus-networks/,contextual lesson placement,CETa,"Computer blocks, representation, memory, and the build path",concept-6,Peripherals and interface devices/cards,reinforcement,compact,Reuse the address/data/control-bus lesson to understand how interface devices/cards communicate with a processor and how selection/control differs from payload data.,"Separate address selection, data transfer and control/handshake functions when tracing an interface fault.","Placed at the exact current lesson section where the media most directly supports explanation, demonstration, lab readiness, troubleshooting, reinforcement, review, or deeper study."
15,armEmbedded,Embedded C Programming with Arm Cortex-M,Arm,Vendor-validated video course,https://developer.arm.com/community/arm-community-blogs/b/embedded-and-microcontrollers-blog/posts/embedded-c-programming-with-arm-cortex-m-video-course,contextual lesson placement,Career,"Responsive embedded architecture, volatile, and timing choices",career-w15-map-c-onto-a-microcontroller-before-adding-concurrency,Map C onto a microcontroller before adding concurrency,core,primary,"Complete the mapped lessons on volatile, bitwise operators, pointers, stack/modules, fixed-width integers and CMSIS.",Connect every register operation to the machine/register/memory effect visible in the debugger.,"Placed at the exact current lesson section where the media most directly supports explanation, demonstration, lab readiness, troubleshooting, reinforcement, review, or deeper study."
15,aacSequentialLogic,Sequential Logic,North Seattle Community College / All About Circuits,College video lecture with transcript,https://www.allaboutcircuits.com/video-lectures/sequential-logic/,contextual lesson placement,CETa,"Bit fields, ports, processors, and stored state",concept-3,A state machine makes history explicit,review,primary,Reuse the sequential-logic lesson to connect stored state/clock events to finite-state firmware reasoning.,Write state and transition conditions explicitly before coding.,"Placed at the exact current lesson section where the media most directly supports explanation, demonstration, lab readiness, troubleshooting, reinforcement, review, or deeper study."
15,stCubeIdeBasics,STM32CubeIDE basics MOOC,STMicroelectronics,Manufacturer hands-on course,https://www.st.com/content/st_com/en/support/learning/stm32-moocs/STM32CubeIDE_basics_MOOC.html,contextual lesson placement,Career,"Responsive embedded architecture, volatile, and timing choices",career-w15-career-integration-embedded-c-mcu-architecture-and-nonblocking-design,"Career integration: embedded C, MCU architecture, and nonblocking design",lab-prep,primary,"Complete the GPIO, EXTI and timer/PWM examples so polling, event-driven input and timed output have concrete MCU implementations.","Identify initialization, callback/interrupt path and main-loop behavior separately.","Placed at the exact current lesson section where the media most directly supports explanation, demonstration, lab readiness, troubleshooting, reinforcement, review, or deeper study."
16,stCubeIdeBasics,STM32CubeIDE basics MOOC,STMicroelectronics,Manufacturer hands-on course,https://www.st.com/content/st_com/en/support/learning/stm32-moocs/STM32CubeIDE_basics_MOOC.html,contextual lesson placement,Career,"Create, flash, verify, and document a minimum STM32 bring-up",career-w16-a-project-contains-source-configuration-and-a-build-recipe,"A project contains source, configuration, and a build recipe",lab-prep,primary,"Use the ST MOOC for project creation, board setup, GPIO, EXTI, timers, ADC/DMA and USART in STM32CubeIDE.","Separate generated initialization, application code and peripheral configuration.","Placed at the exact current lesson section where the media most directly supports explanation, demonstration, lab readiness, troubleshooting, reinforcement, review, or deeper study."
16,armEmbedded,Embedded C Programming with Arm Cortex-M,Arm,Vendor-validated video course,https://developer.arm.com/community/arm-community-blogs/b/embedded-and-microcontrollers-blog/posts/embedded-c-programming-with-arm-cortex-m-video-course,contextual lesson placement,CETa,"MCU architecture, memory map, GPIO, and debug concepts",concept-4,An MCU is a computer plus tightly integrated peripherals,review,primary,"Connect C statements to Cortex-M registers, memory and disassembly while stepping through the program.",Explain what the CPU/peripheral is doing at each debugger observation.,"Placed at the exact current lesson section where the media most directly supports explanation, demonstration, lab readiness, troubleshooting, reinforcement, review, or deeper study."
16,stBootStartup,STM32 Boot and Startup Tips MOOC,STMicroelectronics,Manufacturer MOOC,https://www.st.com/content/st_com/en/support/learning/stm32-moocs/STM32_boot_startup_MOOC.html,contextual lesson placement,CETa,"MCU architecture, memory map, GPIO, and debug concepts",concept-5,Clock and reset state determine whether configuration means anything,core,primary,Learn what must happen from reset/boot through startup before application code can run.,"Separate power, reset/boot, clock, startup and application failures.","Placed at the exact current lesson section where the media most directly supports explanation, demonstration, lab readiness, troubleshooting, reinforcement, review, or deeper study."
18,digiKeyDatasheet,How To Read A Datasheet — Electronics with Becky Stern,DigiKey Electronics,Industry instructional video,https://www.digikey.com/en/videos/d/digi-key-electronics/how-to-read-a-datasheet-electronics-with-becky-stern-digikey,contextual lesson placement,Career,Datasheet-to-wire integration and bus fault isolation,career-w18-translate-one-i2c-datasheet-into-a-wiring-and-transaction-contract,Translate one I²C datasheet into a wiring and transaction contract,lab-prep,primary,"Use the datasheet to determine pinout, bus voltage, address/mode, register map, timing and raw-code conversion.",Cite the exact register/scale equation used to turn raw bytes into engineering units.,"Placed at the exact current lesson section where the media most directly supports explanation, demonstration, lab readiness, troubleshooting, reinforcement, review, or deeper study."
18,stUsbTraining,"STM32 USB Training — Device/Host, Transfers, Electrical Requirements, Classes, and Hands-On",STMicroelectronics,Manufacturer 10-hour MOOC with videos and exercises,https://www.st.com/content/st_com/en/support/learning/stm32-moocs/STM32-USB-training.html,contextual lesson placement,CETa,"Interface roles, signaling, and conversion",concept-5,"USB, I2C, and Zigbee interfaces",go-deeper,primary,"Use the ST USB course for host/device roles, USB standards, transfer types, electrical requirements, classes/drivers and practical STM32 device/host examples.","Separate host/device role, bus power/electrical constraints, enumeration/class behavior and application payload; do not treat USB as 'UART with a different plug.'","Placed at the exact current lesson section where the media most directly supports explanation, demonstration, lab readiness, troubleshooting, reinforcement, review, or deeper study."
18,tiLogicTranslation,Logic and Voltage Translation Training,Texas Instruments,Manufacturer logic-interface video series,https://www.ti.com/video/series/logic-and-voltage-translation.html,contextual lesson placement,CETa,"Interface roles, signaling, and conversion",concept-4,"Signal levels, connectors, grounding, mismatch, and conflict symptoms",core,primary,Learn why logic families and voltage domains may require translation and how inappropriate discrete/clamp/translation choices can corrupt or damage an interface.,"Check VIH/VIL/VOH/VOL, directionality, pull-ups/open-drain behavior and supply domains before connecting two digital devices.","Placed at the exact current lesson section where the media most directly supports explanation, demonstration, lab readiness, troubleshooting, reinforcement, review, or deeper study."
19,tiAudioAmpBasics,Audio Amplifier Basics,Texas Instruments,Manufacturer video,https://www.ti.com/video/6287826793001,contextual lesson placement,CETa,"Media, connectors, signal paths, and optical fundamentals",concept-8,"Audio/video blocks, microphones, speakers, recording and playback",reinforcement,compact,Build the audio source→amplifier→load model and learn core amplifier classes/specification language.,"Trace where gain, clipping, bandwidth/noise and load interaction can create symptoms.","Placed at the exact current lesson section where the media most directly supports explanation, demonstration, lab readiness, troubleshooting, reinforcement, review, or deeper study."
19,tiAudioFundamentals,TI Precision Labs — Audio Fundamentals,Texas Instruments,Manufacturer video series,https://www.ti.com/video/series/precision-labs/ti-precision-labs-audio-fundamentals.html,contextual lesson placement,CETa,"Media, connectors, signal paths, and optical fundamentals",concept-9,"Interfacing, distortion, conflicts, fault isolation, and signal levels",reinforcement,compact,"Use the relevant fundamentals lessons for amplifier specifications, signal path, converter/interface context and measurement vocabulary.",Connect each spec to what could be measured at a test point instead of memorizing labels.,"Placed at the exact current lesson section where the media most directly supports explanation, demonstration, lab readiness, troubleshooting, reinforcement, review, or deeper study."
19,foaPremisesGuide,FOA Premises Cabling Reference and Training,The Fiber Optic Association,Professional training reference with lecture links and quizzes,https://foa.org/tech/ref/premises/index.html,contextual lesson placement,CETa,"Media, connectors, signal paths, and optical fundamentals",concept-5,"Coax, copper pairs, fiber, impedance, and termination",core,primary,"Use the FOA premises-cabling lectures on cable types, UTP installation/termination/testing and coax before the physical cable task.","Choose media/termination from signal, distance/environment and failure mode; distinguish continuity/wiremap from signal-quality evidence.","Placed at the exact current lesson section where the media most directly supports explanation, demonstration, lab readiness, troubleshooting, reinforcement, review, or deeper study."
19,foaMediaLectureIndex,FOA Fiber Optics and Premises Cabling Video Lecture Index,The Fiber Optic Association,Professional training lecture series,https://www.foa.org/tech/ref/contents.html,Teaching Media library only,,,,,library-only,library,"Complete the mapped FOA lectures: 1 communications, 2 safety, 3 fiber, 4 cables, 5/7 splices/connectors, 12 testing overview, 14 optical power and 16 insertion loss.","Trace source→fiber/path→receiver; explain loss, connector/bend effects, eye safety and why test method depends on the fault question.","This is a broad lecture index. Focused FOA cabling, connector, and testing videos are integrated at the exact lesson sections; the index remains the faster back-reference hub."
19,foaSplicesConnectors,FOA Lecture 5 — Splices and Connectors,The Fiber Optic Association,Professional training video,https://www.youtube.com/watch?v=7OBDhx9qzMQ,contextual lesson placement,CETa,"Media, connectors, signal paths, and optical fundamentals",concept-6,"Bonding, splicing, crimping, and cable preparation",demonstration,primary,Learn where splices/connectors are used and how termination becomes part of link loss/reliability.,"Treat connector condition/cleanliness and mating as electrical/optical evidence, not cosmetic appearance.","Placed at the exact current lesson section where the media most directly supports explanation, demonstration, lab readiness, troubleshooting, reinforcement, review, or deeper study."
19,foaTestingOverview,FOA Lecture 12 — Fiber Optic Testing Overview,The Fiber Optic Association,Professional training video,https://www.youtube.com/watch?v=qqc3b4A-B_k,contextual lesson placement,CETa,"Media, connectors, signal paths, and optical fundamentals",concept-7,"Cable testing, dB loss, connectors, and defects",demonstration,primary,"Learn what must be tested at component/link level and where visual, power/loss and other test methods fit.",Select a test from the failure mode rather than defaulting to one instrument.,"Placed at the exact current lesson section where the media most directly supports explanation, demonstration, lab readiness, troubleshooting, reinforcement, review, or deeper study."
19,digiKeyOptoDisplays,"Getting Started with Optoelectronic Displays — LED, LCD, OLED, Plasma, e-Paper, and Touch",DigiKey Electronics,Distributor engineering video,https://www.digikey.com/en/videos/unassigned/getting-started-with-optoelectronic-displays-tech-basics-digi-key-electronics,contextual lesson placement,CETa,"Media, connectors, signal paths, and optical fundamentals",concept-10,"Display technologies: LED, seven-segment, LCD, OLED, and tradeoffs",demonstration,primary,"Learn the operating/application distinctions among LED, LCD, OLED, plasma and e-Paper displays and recognize resistive/capacitive touch as a related interface layer.",Separate the display technology that creates/modulates light from the digital/analog interface used to drive it.,"Placed at the exact current lesson section where the media most directly supports explanation, demonstration, lab readiness, troubleshooting, reinforcement, review, or deeper study."
19,tekDigitalVideoPrimer,Guide to Standard and HD Digital Video Measurements,Tektronix,Test-and-measurement manufacturer video-signal primer,https://www.tek.com/en/documents/primer/guide-standard-hd-digital-video-measurements,contextual lesson placement,CETa,"Media, connectors, signal paths, and optical fundamentals",concept-9,"Interfacing, distortion, conflicts, fault isolation, and signal levels",go-deeper,compact,Use the introductory sections to understand camera/source → processing/serialization → transport → destination/display and the difference between video content and the physical/electrical transport carrying digital video data.,"Identify source, transport and destination blocks and connect amplitude/timing/termination errors to video-path symptoms; do not attempt professional broadcast certification depth.","Placed at the exact current lesson section where the media most directly supports explanation, demonstration, lab readiness, troubleshooting, reinforcement, review, or deeper study."
20,rsRfDefinition,Definition of RF and Microwaves,Rohde & Schwarz,Test-equipment manufacturer video,https://www.rohde-schwarz.com/in/knowledge-center/videos/definition-of-rf-and-microwaves_251220-1388948.html,contextual lesson placement,CETa,"RF, modulation, antennas, transmission, and telecom blocks",concept-1,RF behavior depends on frequency and physical geometry,core,primary,"Establish RF/microwave frequency ranges, wavelength and why physical dimensions matter.",Relate higher frequency to shorter wavelength and to practical interconnect/antenna behavior.,"Placed at the exact current lesson section where the media most directly supports explanation, demonstration, lab readiness, troubleshooting, reinforcement, review, or deeper study."
20,nptelComms,Principles of Communication Systems I,NPTEL,University video course,https://nptel.ac.in/courses/108104091,contextual lesson placement,CETa,"RF, modulation, antennas, transmission, and telecom blocks",concept-12,Modulation and receivers transform representation,go-deeper,compact,"Use the NPTEL course for communications-theory foundations such as signal representation, modulation/demodulation, sampling/quantization and noise/probability concepts at the depth mapped by the course.","Treat it as communications theory, not a complete telecommunications-hardware course; keep antenna, matching/SWR, receiver hardware, cellular, satellite and wired voice/data topics tied to their dedicated resources below.","Placed at the exact current lesson section where the media most directly supports explanation, demonstration, lab readiness, troubleshooting, reinforcement, review, or deeper study."
20,rsSpectrumBasics,Understanding Basic Spectrum Analyzer Operation,Rohde & Schwarz,Test-equipment manufacturer video,https://www.rohde-schwarz.com/us/knowledge-center/videos/understanding-basic-spectrum-analyzer-operation_251220-1513228.html,contextual lesson placement,Career,"Measurement procedure, spectrum interpretation, and technical handoff",career-w20-a-spectrum-analyzer-shows-signal-energy-versus-frequency,A spectrum analyzer shows signal energy versus frequency,demonstration,primary,"Learn center/span, reference level, RBW and VBW and the measurement artifacts caused by wrong settings.",Predict how narrowing RBW changes selectivity/noise floor/sweep time and how reference level can cause compression/overload.,"Placed at the exact current lesson section where the media most directly supports explanation, demonstration, lab readiness, troubleshooting, reinforcement, review, or deeper study."
20,rsOccupiedBandwidth,Understanding Occupied Bandwidth,Rohde & Schwarz,Test-equipment manufacturer video,https://www.rohde-schwarz.com/us/knowledge-center/videos/understanding-occupied-bandwidth_251220-1614804.html,contextual lesson placement,Career,"Measurement procedure, spectrum interpretation, and technical handoff",career-w20-classify-spectral-features-before-explaining-their-cause,Classify spectral features before explaining their cause,demonstration,primary,Use occupied bandwidth as a repeatable example of turning a spectrum trace into a defined measurement.,"Configure center frequency, channel/percent-power settings and interpret whether signal width indicates a path/modulation problem.","Placed at the exact current lesson section where the media most directly supports explanation, demonstration, lab readiness, troubleshooting, reinforcement, review, or deeper study."
21,ucsdStudyVideos,"Effective Study Techniques Videos — Spaced, Retrieval, and Interleaved Practice",University of California San Diego Department of Psychology,University instructional video series,https://psychology.ucsd.edu/undergraduate-program/undergraduate-resources/academic-writing-resources/effective-studying/effective-studying-videos.html,contextual lesson placement,CETa,Interleaved recall across all CETa domains,concept-1,Breadth requires selection practice,core,primary,"Watch the retrieval, spaced-practice and interleaving videos before the cumulative CETa integration set.",Use mixed cues and delayed recall deliberately; do not reread a domain until after an independent attempt.,"Placed at the exact current lesson section where the media most directly supports explanation, demonstration, lab readiness, troubleshooting, reinforcement, review, or deeper study."
21,ucsdRetrieval,Retrieval Practice,University of California San Diego Department of Psychology,University evidence-based learning guide with how-to video,https://psychology.ucsd.edu/undergraduate-program/undergraduate-resources/academic-writing-resources/effective-studying/retrieval-practice.html,contextual lesson placement,CETa,Interleaved recall across all CETa domains,concept-3,"Repair the cause, not the score",reinforcement,primary,"Use the retrieval workflow: close materials, recall/solve, check, identify what was missing or wrong, then repeat on a fresh prompt.","Classify a miss as concept, formula/unit, interpretation, procedure, or selection error before remediation.","Placed at the exact current lesson section where the media most directly supports explanation, demonstration, lab readiness, troubleshooting, reinforcement, review, or deeper study."
22,mitRequirements,Session 2 — Requirements Definition,MIT OpenCourseWare,University systems-engineering video lecture with transcript,https://ocw.mit.edu/courses/16-842-fundamentals-of-systems-engineering-fall-2015/resources/session-2-requirements-definition/,contextual lesson placement,Career,Write requirements and verification before building,career-w22-a-requirement-describes-observable-behavior-and-conditions,A requirement describes observable behavior and conditions,core,primary,Learn how to state what the system must do before design/build decisions begin.,Rewrite vague wishes as observable subject + condition + required behavior with measurable bounds where applicable.,"Placed at the exact current lesson section where the media most directly supports explanation, demonstration, lab readiness, troubleshooting, reinforcement, review, or deeper study."
22,mitVerification,Session 9 — Verification and Validation,MIT OpenCourseWare,University systems-engineering video lecture with transcript,https://ocw.mit.edu/courses/16-842-fundamentals-of-systems-engineering-fall-2015/resources/session-9-verification-and-validation/,contextual lesson placement,Career,Write requirements and verification before building,career-w22-verification-asks-whether-it-meets-the-requirement,Verification asks whether it meets the requirement,core,primary,"Learn the difference among requirement, verification method/evidence and broader validation.","For every project requirement, name how you will prove it before building.","Placed at the exact current lesson section where the media most directly supports explanation, demonstration, lab readiness, troubleshooting, reinforcement, review, or deeper study."
22,mitShell2026,The Missing Semester 2026 — Course Overview and Introduction to the Shell,MIT,"University command-line lecture with video, notes, and exercises",https://missing.csail.mit.edu/2026/course-shell/,contextual lesson placement,Career,Write requirements and verification before building,career-w22-career-integration-git-command-line-lab-notes-reports-and-technical-hand,"Career integration: Git, command line, lab notes, reports, and technical handoff",reinforcement,compact,"Learn terminal/shell navigation, paths, program execution, standard input/output, pipes/redirection and basic shell automation so project build/test/log workflows can be reproduced without relying only on GUI clicks.","Know the current directory, exact command, arguments, input/output and resulting artifact/log before claiming a workflow is reproducible.","Placed at the exact current lesson section where the media most directly supports explanation, demonstration, lab readiness, troubleshooting, reinforcement, review, or deeper study."
22,mitGit2026,The Missing Semester 2026 — Version Control and Git,MIT,"University Git lecture with video, notes, and command-line exercises",https://missing.csail.mit.edu/2026/version-control/,contextual lesson placement,Career,Write requirements and verification before building,career-w22-career-integration-git-command-line-lab-notes-reports-and-technical-hand,"Career integration: Git, command line, lab notes, reports, and technical handoff",reinforcement,compact,"Learn snapshots/history plus git status, add, commit, log, diff, checkout and safe reversal/recovery concepts from an actual version-control lecture rather than inferring them from GitHub collaboration UI.","Before changing hardware/firmware, identify the known-good commit; inspect status/diff before committing and use history to explain what changed and why.","Placed at the exact current lesson section where the media most directly supports explanation, demonstration, lab readiness, troubleshooting, reinforcement, review, or deeper study."
22,mitShipping2026,The Missing Semester 2026 — Packaging and Shipping Code,MIT,University release/versioning/dependency/configuration lecture with video,https://missing.csail.mit.edu/2026/shipping-code/,contextual lesson placement,Career,Write requirements and verification before building,career-w22-career-integration-git-command-line-lab-notes-reports-and-technical-hand,"Career integration: Git, command line, lab notes, reports, and technical handoff",go-deeper,compact,"Learn why a transferable project handoff needs version identifiers, dependencies, configuration, tested release artifacts and change/release notes rather than only source files.","A receiver should be able to identify what version was handed off, reproduce its environment/dependencies and understand material changes from the prior release.","Placed at the exact current lesson section where the media most directly supports explanation, demonstration, lab readiness, troubleshooting, reinforcement, review, or deeper study."
23,mitRequirements,Session 2 — Requirements Definition,MIT OpenCourseWare,University systems-engineering video lecture with transcript,https://ocw.mit.edu/courses/16-842-fundamentals-of-systems-engineering-fall-2015/resources/session-2-requirements-definition/,contextual lesson placement,Career,Create a controlled project baseline before hardware bring-up,career-w23-plan-first-power-as-a-test-case,Plan first power as a test case,review,compact,Revisit the requirement lecture only to verify that the frozen project scope is observable and testable.,Do not add features during setup; unresolved ambiguity becomes an issue/decision record.,"Placed at the exact current lesson section where the media most directly supports explanation, demonstration, lab readiness, troubleshooting, reinforcement, review, or deeper study."
23,keysightBenchPowerCourse,Bench Power Supply Basics,Keysight Technologies,Manufacturer video course,https://www.keysight.com/us/en/learn/course.bench-power-supply-basics.html,contextual lesson placement,Career,Create a controlled project baseline before hardware bring-up,career-w23-plan-first-power-as-a-test-case,Plan first power as a test case,lab-prep,primary,"Review current limiting, CV/CC and readback before writing the first-power test case.",Select conservative voltage/current limits from device/board requirements and predict normal current behavior.,"Placed at the exact current lesson section where the media most directly supports explanation, demonstration, lab readiness, troubleshooting, reinforcement, review, or deeper study."
23,mitGit2026,The Missing Semester 2026 — Version Control and Git,MIT,"University Git lecture with video, notes, and command-line exercises",https://missing.csail.mit.edu/2026/version-control/,contextual lesson placement,Career,Create a controlled project baseline before hardware bring-up,career-w23-a-baseline-is-a-recoverable-state,A baseline is a recoverable state,review,primary,"Create and identify a known-good commit, inspect status/diff before a change, use log/history to reconstruct changes and understand git revert as a traceable way to reverse an earlier commit.",Rollback means returning from a controlled change to an identified known-good state while preserving the history/evidence of what happened.,"Placed at the exact current lesson section where the media most directly supports explanation, demonstration, lab readiness, troubleshooting, reinforcement, review, or deeper study."
23,mitShipping2026,The Missing Semester 2026 — Packaging and Shipping Code,MIT,University release/versioning/dependency/configuration lecture with video,https://missing.csail.mit.edu/2026/shipping-code/,contextual lesson placement,Career,Create a controlled project baseline before hardware bring-up,career-w23-recovery-paths-are-part-of-readiness,Recovery paths are part of readiness,reinforcement,compact,Freeze the project baseline with explicit version/configuration/dependency information and a tested handoff artifact so another person can identify and reproduce the released state.,"Do not call a folder copy a baseline unless its version, dependencies/configuration and release/change information are known.","Placed at the exact current lesson section where the media most directly supports explanation, demonstration, lab readiness, troubleshooting, reinforcement, review, or deeper study."
24,keysightBenchCvCc,Bench Power Supply Basics — Constant Voltage and Constant Current Modes,Keysight Technologies,Manufacturer video lesson,https://www.keysight.com/zz/en/assets/6123-1426/lessons/0027BenchPowerSupplyBasics004Using6UnderstandingConstantVoltageandConstantCurrentModes.html,contextual lesson placement,Career,Execute staged first power and establish a known-good baseline,career-w24-first-power-is-a-controlled-experiment,First power is a controlled experiment,lab-prep,primary,Use CV/CC behavior to understand why current limiting turns a wiring/design mistake into an observable protected condition.,Set the current limit before enabling output and interpret unexpected CC entry as a stop/investigate signal.,"Placed at the exact current lesson section where the media most directly supports explanation, demonstration, lab readiness, troubleshooting, reinforcement, review, or deeper study."
24,tiBoardTroubleshooting,Board Level Troubleshooting,Texas Instruments,Manufacturer troubleshooting video,https://www.ti.com/video/5971802514001,contextual lesson placement,Career,Execute staged first power and establish a known-good baseline,career-w24-bring-up-dependencies-in-order,Bring up dependencies in order,troubleshooting,compact,Use TI’s board-level process to move from symptom to root-cause checks rather than changing multiple things at once.,Use A-B-A substitution only when it preserves evidence and is electrically safe; check board-level causes/parasitics/cleanliness where relevant.,"Placed at the exact current lesson section where the media most directly supports explanation, demonstration, lab readiness, troubleshooting, reinforcement, review, or deeper study."
24,stBootStartup,STM32 Boot and Startup Tips MOOC,STMicroelectronics,Manufacturer MOOC,https://www.st.com/content/st_com/en/support/learning/stm32-moocs/STM32_boot_startup_MOOC.html,contextual lesson placement,Career,Execute staged first power and establish a known-good baseline,career-w24-bring-up-dependencies-in-order,Bring up dependencies in order,review,compact,Learn the STM32 boot/startup mechanisms that must succeed after rails are valid.,Separate power/rail failure from reset/boot/clock/startup failure when the board does not reach firmware.,"Placed at the exact current lesson section where the media most directly supports explanation, demonstration, lab readiness, troubleshooting, reinforcement, review, or deeper study."
25,tiGalvanicIsolation,What Is Galvanic Isolation?,Texas Instruments,Manufacturer technical video,https://www.ti.com/video/6138482962001,contextual lesson placement,CETa,"Retention: interface circuitry, conversion, and optical/isolation context",concept-3,Isolation changes reference relationships,core,primary,"Learn what galvanic isolation is, when it is needed and how capacitive/inductive/optical methods break the DC reference path.",Explain how isolation changes reference/ground relationships and why two sides need separate return/power domains.,"Placed at the exact current lesson section where the media most directly supports explanation, demonstration, lab readiness, troubleshooting, reinforcement, review, or deeper study."
25,tiIsolationSeries,TI Precision Labs — Introduction to Isolation,Texas Instruments,Manufacturer 13-part video curriculum,https://www.ti.com/video/series/precision-labs/ti-precision-labs-introduction-to-isolation.html,contextual lesson placement,CETa,"Retention: interface circuitry, conversion, and optical/isolation context",concept-6,Optical isolation solves one problem while creating design constraints,go-deeper,compact,"Complete the mapped lessons on digital isolators, isolated inputs, creepage/clearance, CMTI, isolated power and isolated communications as relevant to the vertical slice.",Separate functional/signal isolation from certified safety isolation and track how signals/power cross the barrier.,"Placed at the exact current lesson section where the media most directly supports explanation, demonstration, lab readiness, troubleshooting, reinforcement, review, or deeper study."
25,stMooc,STM32CubeMX and STM32Cube HAL Basics,STMicroelectronics,Manufacturer MOOC,https://www.st.com/content/st_com/en/support/learning/stm32-moocs/stm32cubemx-and-cubeHhal-basics.html,contextual lesson placement,Career,Integrate one peripheral through a controlled vertical slice,career-w25-build-a-thin-end-to-end-slice-first,Build a thin end-to-end slice first,lab-prep,primary,Use the exact MCU peripheral/HAL section for the selected interface and confirm generated configuration against device documentation.,"Understand initialization, error/return behavior and where application code belongs.","Placed at the exact current lesson section where the media most directly supports explanation, demonstration, lab readiness, troubleshooting, reinforcement, review, or deeper study."
25,tiADC,TI Precision Labs — ADCs,Texas Instruments,Manufacturer video series,https://www.ti.com/video/series/precision-labs/ti-precision-labs-analog-to-digital-converters-adcs.html,contextual lesson placement,Career,Integrate one peripheral through a controlled vertical slice,career-w25-triangulate-with-independent-evidence,Triangulate with independent evidence,reinforcement,primary,"Use the TI ADC instruction to connect sampling, reference voltage, resolution, error/noise and raw code to engineering units.",Calculate expected code/value independently and compare to captured data.,"Placed at the exact current lesson section where the media most directly supports explanation, demonstration, lab readiness, troubleshooting, reinforcement, review, or deeper study."
26,armEmbedded,Embedded C Programming with Arm Cortex-M,Arm,Vendor-validated video course,https://developer.arm.com/community/arm-community-blogs/b/embedded-and-microcontrollers-blog/posts/embedded-c-programming-with-arm-cortex-m-video-course,contextual lesson placement,CETa,"Retention: logic, registers, memory, and computer blocks",concept-2,Memory and time define embedded correctness,review,primary,"Use the mapped modules on bitwise register work, volatile, functions/stack, modules, structures/CMSIS and machine-level execution.",Tie each C construct to register/memory/processor state rather than treating firmware as abstract software.,"Placed at the exact current lesson section where the media most directly supports explanation, demonstration, lab readiness, troubleshooting, reinforcement, review, or deeper study."
26,armDebuggingAdventures,Adventures in Debugging,Arm,Processor-vendor debugging video/tutorial,https://developer.arm.com/additional-resources/video-tutorials/devhub/adventures-in-debugging,contextual lesson placement,Career,"Separate drivers, application state, diagnostics, and recovery",career-w26-diagnostics-must-survive-the-failure-they-describe,Diagnostics must survive the failure they describe,troubleshooting,primary,"Learn practical embedded debugging techniques: logs, signal probing, GDB/Python, trace and remote debugging.",Design diagnostics that preserve enough state to identify what failed before recovery erases the evidence.,"Placed at the exact current lesson section where the media most directly supports explanation, demonstration, lab readiness, troubleshooting, reinforcement, review, or deeper study."
26,tiCrashDebugging,Diagnose and Debug Embedded Software Program Crashes,Texas Instruments,Manufacturer video with demonstrations,https://www.ti.com/video/6142095761001,contextual lesson placement,Career,"Separate drivers, application state, diagnostics, and recovery",career-w26-make-errors-explicit-and-recoverable,Make errors explicit and recoverable,troubleshooting,primary,"See run-time instrumentation used to diagnose stack/buffer overflows, memory leaks and CPU exceptions with stack traceback.",Connect crash symptoms to preserved diagnostic evidence rather than simply resetting.,"Placed at the exact current lesson section where the media most directly supports explanation, demonstration, lab readiness, troubleshooting, reinforcement, review, or deeper study."
27,mitVerification,Session 9 — Verification and Validation,MIT OpenCourseWare,University systems-engineering video lecture with transcript,https://ocw.mit.edu/courses/16-842-fundamentals-of-systems-engineering-fall-2015/resources/session-9-verification-and-validation/,contextual lesson placement,Career,Design a maintainable automated hardware test,career-w27-verdicts-need-explicit-semantics,Verdicts need explicit semantics,review,primary,Revisit verification logic so each automated test proves an explicit requirement under stated conditions.,Distinguish test execution success from DUT requirement compliance.,"Placed at the exact current lesson section where the media most directly supports explanation, demonstration, lab readiness, troubleshooting, reinforcement, review, or deeper study."
28,tiBoardTroubleshooting,Board Level Troubleshooting,Texas Instruments,Manufacturer troubleshooting video,https://www.ti.com/video/5971802514001,contextual lesson placement,Career,Design controlled faults and write a defensible report,career-w28-root-cause-survives-controlled-reversal,Root cause survives controlled reversal,troubleshooting,primary,Use TI’s structured board troubleshooting and A-B-A reasoning as the practical root-cause model.,"A root cause must explain the symptom and follow controlled reversal/reproduction, not just disappear after a change.","Placed at the exact current lesson section where the media most directly supports explanation, demonstration, lab readiness, troubleshooting, reinforcement, review, or deeper study."
30,umichResumeBullets,Resume Resources — Write Higher Quality Bullet Points,University of Michigan Career Center,University career instruction with video,https://careercenter.umich.edu/article/resume-resources,contextual lesson placement,Career,Build an evidence-first application and interview package,career-w30-a-resume-bullet-is-a-compact-evidence-claim,A resume bullet is a compact evidence claim,core,primary,Convert project evidence into concise Action + What + How/Why/Impact bullets.,"Every bullet must be defensible from an artifact, log, result or documented role.","Placed at the exact current lesson section where the media most directly supports explanation, demonstration, lab readiness, troubleshooting, reinforcement, review, or deeper study."
30,pennStarVideo,Interviewing — The S.T.A.R. Method,University of Pennsylvania Career Services,University career video with transcript,https://careerservices.upenn.edu/videos/interviewing-the-s-t-a-r-method/,contextual lesson placement,Career,Build an evidence-first application and interview package,career-w30-defend-the-project-at-30-seconds-2-minutes-and-depth,"Defend the project at 30 seconds, 2 minutes, and depth",demonstration,primary,Use STAR to turn a real project/troubleshooting episode into a concise behavioral explanation.,Keep Task/Action specific to your own role and make Result factual/measurable.,"Placed at the exact current lesson section where the media most directly supports explanation, demonstration, lab readiness, troubleshooting, reinforcement, review, or deeper study."
31,pennSearchWorkshop,"Resume, Interview and Search Strategy Workshop",University of Pennsylvania Career Services,University career workshop video,https://careerservices.upenn.edu/videos/livestream-prep-workshop-resume-interview-and-search-strategy/,contextual lesson placement,Career,Run applications as an evidence-and-feedback loop,career-w31-use-a-role-filter-before-spending-application-energy,Use a role filter before spending application energy,core,primary,"Use the university workshop to integrate resume, interview and search strategy into one repeatable application cycle.",Separate search volume from search quality; preserve what changed between application versions.,"Placed at the exact current lesson section where the media most directly supports explanation, demonstration, lab readiness, troubleshooting, reinforcement, review, or deeper study."
31,ucsdStudyVideos,"Effective Study Techniques Videos — Spaced, Retrieval, and Interleaved Practice",University of California San Diego Department of Psychology,University instructional video series,https://psychology.ucsd.edu/undergraduate-program/undergraduate-resources/academic-writing-resources/effective-studying/effective-studying-videos.html,contextual lesson placement,CETa,Retention: protect certification knowledge after the course,concept-4,"Retention needs spaced retrieval, not permanent cramming",review,primary,Use spaced retrieval/interleaving to maintain CETa/electronics knowledge after the course instead of restarting from Week 1.,Schedule periodic closed-note mixed retrieval and reopen only the domains that show evidence of decay.,"Placed at the exact current lesson section where the media most directly supports explanation, demonstration, lab readiness, troubleshooting, reinforcement, review, or deeper study."
