ID,Previous Standard,Final Standard,Status,Source Relationship,Primary Source ID,Primary Source,Primary Source URL,Secondary Source IDs,Secondary Sources / URLs,Why Relevant,Alfred Adaptation,Prerequisites,Instructional Home,First Curriculum Use Week,Primary Mastery Week,Semantic Task ID,Evidence Route
C1.1,"Prepare a low-voltage electronics bench using current limits, safe power-up sequencing, and an explicit stop condition.","Prepare a low-voltage electronics bench using current limits, safe power-up sequencing, and an explicit stop condition.",KEEP,Informed by,pccEET101A,EET 101A — Electronic Lab and Essential Work Skills,https://www.pcc.edu/ccog/eet/101a/,gptcElectronics; flukeSafety; nasaESD,gptcElectronics: Electronics Technology — current catalog — https://www.gptc.edu/college-catalog/current/programs/electronics-technology; flukeSafety: Electrical Measurement Safety — https://www.fluke.com/en-us/learn/online-courses/electrical-measurement-safety; nasaESD: NASA-HDBK-8739.21 — ESD Control — https://standards.nasa.gov/standard/NASA/NASA-HDBK-873921,Retained because the existing competency remains appropriately scoped; provenance and prerequisite traceability were added.,Alfred sequences the competency inside the shared CETa/Career dependency graph and uses Alfred-specific labs/projects for evidence.,"CETA-W01 (electrical quantities, polarity/reference, safety boundaries); no prior bench-equipment experience assumed","Week 1 Career — Career integration: bench safety, ESD, pre-power control, and hazard logging",1,1,SEM-C1-01-075,Required semantic task SEM-C1-01-075; required primary lesson gate; v16.3 integrated lesson checks; Week 1 mastery/teach-back.
C1.2,"Apply ESD controls appropriate to CMOS/semiconductor handling and explain when straps, mats, grounding, and antistatic storage matter.","Apply ESD controls appropriate to CMOS/semiconductor handling and explain when straps, mats, grounding, and antistatic storage matter.",KEEP,Informed by,pccEET101A,EET 101A — Electronic Lab and Essential Work Skills,https://www.pcc.edu/ccog/eet/101a/,gptcElectronics; flukeSafety; nasaESD,gptcElectronics: Electronics Technology — current catalog — https://www.gptc.edu/college-catalog/current/programs/electronics-technology; flukeSafety: Electrical Measurement Safety — https://www.fluke.com/en-us/learn/online-courses/electrical-measurement-safety; nasaESD: NASA-HDBK-8739.21 — ESD Control — https://standards.nasa.gov/standard/NASA/NASA-HDBK-873921,Retained because the existing competency remains appropriately scoped; provenance and prerequisite traceability were added.,Alfred sequences the competency inside the shared CETa/Career dependency graph and uses Alfred-specific labs/projects for evidence.,"CETA-W01 (electrical quantities, polarity/reference, safety boundaries); no prior bench-equipment experience assumed","Week 1 Career — Career integration: bench safety, ESD, pre-power control, and hazard logging",1,1,SEM-C1-01-075,Required semantic task SEM-C1-01-075; required primary lesson gate; v16.3 integrated lesson checks; Week 1 mastery/teach-back.
C1.3,"Distinguish safe low-voltage troubleshooting from work that requires qualified supervision, isolation, or energized-work procedures.","Distinguish safe low-voltage troubleshooting from work that requires qualified supervision, isolation, or energized-work procedures.",KEEP,Informed by,pccEET101A,EET 101A — Electronic Lab and Essential Work Skills,https://www.pcc.edu/ccog/eet/101a/,gptcElectronics; flukeSafety; nasaESD,gptcElectronics: Electronics Technology — current catalog — https://www.gptc.edu/college-catalog/current/programs/electronics-technology; flukeSafety: Electrical Measurement Safety — https://www.fluke.com/en-us/learn/online-courses/electrical-measurement-safety; nasaESD: NASA-HDBK-8739.21 — ESD Control — https://standards.nasa.gov/standard/NASA/NASA-HDBK-873921,Retained because the existing competency remains appropriately scoped; provenance and prerequisite traceability were added.,Alfred sequences the competency inside the shared CETa/Career dependency graph and uses Alfred-specific labs/projects for evidence.,"CETA-W01 (electrical quantities, polarity/reference, safety boundaries); no prior bench-equipment experience assumed","Week 1 Career — Career integration: bench safety, ESD, pre-power control, and hazard logging",1,1,SEM-C1-01-075,Required semantic task SEM-C1-01-075; required primary lesson gate; v16.3 integrated lesson checks; Week 1 mastery/teach-back.
C1.4,"Perform a pre-power inspection for polarity, shorts, connector orientation, exposed conductors, and current-limit settings.","Perform a pre-power inspection for polarity, shorts, connector orientation, exposed conductors, and current-limit settings.",KEEP,Informed by,pccEET101A,EET 101A — Electronic Lab and Essential Work Skills,https://www.pcc.edu/ccog/eet/101a/,gptcElectronics; flukeSafety; nasaESD,gptcElectronics: Electronics Technology — current catalog — https://www.gptc.edu/college-catalog/current/programs/electronics-technology; flukeSafety: Electrical Measurement Safety — https://www.fluke.com/en-us/learn/online-courses/electrical-measurement-safety; nasaESD: NASA-HDBK-8739.21 — ESD Control — https://standards.nasa.gov/standard/NASA/NASA-HDBK-873921,Retained because the existing competency remains appropriately scoped; provenance and prerequisite traceability were added.,Alfred sequences the competency inside the shared CETa/Career dependency graph and uses Alfred-specific labs/projects for evidence.,"CETA-W01 (electrical quantities, polarity/reference, safety boundaries); no prior bench-equipment experience assumed","Week 1 Career — Career integration: bench safety, ESD, pre-power control, and hazard logging",1,1,SEM-C1-01-075,Required semantic task SEM-C1-01-075; required primary lesson gate; v16.3 integrated lesson checks; Week 1 mastery/teach-back.
C1.5,"Choose PPE, ventilation, and tool practices appropriate to soldering, rework, cutting, crimping, and bench assembly.","Choose ESD controls, PPE, ventilation, and tool practices appropriate to low-voltage bench inspection, measurement, and basic assembly, and identify when soldering, rework, cutting, or crimping requires process-specific controls taught later.",REWRITE,Informed by,pccEET101A,EET 101A — Electronic Lab and Essential Work Skills,https://www.pcc.edu/ccog/eet/101a/,gptcElectronics; flukeSafety; nasaESD,gptcElectronics: Electronics Technology — current catalog — https://www.gptc.edu/college-catalog/current/programs/electronics-technology; flukeSafety: Electrical Measurement Safety — https://www.fluke.com/en-us/learn/online-courses/electrical-measurement-safety; nasaESD: NASA-HDBK-8739.21 — ESD Control — https://standards.nasa.gov/standard/NASA/NASA-HDBK-873921,Rewritten so Week 1 mastery covers general bench safety and escalation boundaries without falsely claiming process-specific soldering/crimping mastery before later workmanship instruction.,Alfred teaches the general bench-control decision in Week 1 and defers process-specific workmanship/tool technique to the later solder/rework and harness lessons.,CETA-W01 electrical quantities/polarity/reference plus Week 1 general bench-safety boundary; process-specific solder/crimp technique is intentionally deferred.,"Week 1 Career — general bench safety, ESD, PPE/ventilation, and process-specific escalation boundaries",1,1,SEM-C1-01-075,Required semantic task SEM-C1-01-075; required primary lesson gate; v16.3 integrated lesson checks; Week 1 mastery/teach-back.
C1.6,Document a safety or setup hazard and the corrective action before continuing a test.,Document a safety or setup hazard and the corrective action before continuing a test.,KEEP,Informed by,pccEET101A,EET 101A — Electronic Lab and Essential Work Skills,https://www.pcc.edu/ccog/eet/101a/,gptcElectronics; flukeSafety; nasaESD,gptcElectronics: Electronics Technology — current catalog — https://www.gptc.edu/college-catalog/current/programs/electronics-technology; flukeSafety: Electrical Measurement Safety — https://www.fluke.com/en-us/learn/online-courses/electrical-measurement-safety; nasaESD: NASA-HDBK-8739.21 — ESD Control — https://standards.nasa.gov/standard/NASA/NASA-HDBK-873921,Retained because the existing competency remains appropriately scoped; provenance and prerequisite traceability were added.,Alfred sequences the competency inside the shared CETa/Career dependency graph and uses Alfred-specific labs/projects for evidence.,"CETA-W01 (electrical quantities, polarity/reference, safety boundaries); no prior bench-equipment experience assumed","Week 1 Career — Career integration: bench safety, ESD, pre-power control, and hazard logging",1,1,SEM-C1-01-075,Required semantic task SEM-C1-01-075; required primary lesson gate; v16.3 integrated lesson checks; Week 1 mastery/teach-back.
C2.1,"Read a schematic by following power rails, grounds, signal flow, reference designators, and functional blocks.","Read a schematic by following power rails, grounds, signal flow, reference designators, and functional blocks.",KEEP,Informed by,gptcElectronics,Electronics Technology — current catalog,https://www.gptc.edu/college-catalog/current/programs/electronics-technology,pccEET101B; onetTech,pccEET101B: EET 101B — Electronic Equipment and Lab Skills — https://www.pcc.edu/ccog/eet/101b/; onetTech: Electrical and Electronic Engineering Technologists and Technicians — https://www.onetonline.org/link/summary/17-3023.00,Retained because the existing competency remains appropriately scoped; provenance and prerequisite traceability were added.,Alfred sequences the competency inside the shared CETa/Career dependency graph and uses Alfred-specific labs/projects for evidence.,CETA-W02 and relevant device/datasheet theory; C1 safe bench habits,"Week 13 Career — Career integration: schematics, datasheets, design intent, and test-point prediction",13,13,SEM-C2-13-076,Required semantic task SEM-C2-13-076; required primary lesson gate; v16.3 integrated lesson checks; Week 13 mastery/teach-back.
C2.2,"Use a component datasheet to identify pinout, absolute maximum ratings, recommended operating conditions, and key electrical characteristics.","Use a component datasheet to identify pinout, absolute maximum ratings, recommended operating conditions, and key electrical characteristics.",KEEP,Informed by,gptcElectronics,Electronics Technology — current catalog,https://www.gptc.edu/college-catalog/current/programs/electronics-technology,pccEET101B; onetTech,pccEET101B: EET 101B — Electronic Equipment and Lab Skills — https://www.pcc.edu/ccog/eet/101b/; onetTech: Electrical and Electronic Engineering Technologists and Technicians — https://www.onetonline.org/link/summary/17-3023.00,Retained because the existing competency remains appropriately scoped; provenance and prerequisite traceability were added.,Alfred sequences the competency inside the shared CETa/Career dependency graph and uses Alfred-specific labs/projects for evidence.,CETA-W02 and relevant device/datasheet theory; C1 safe bench habits,"Week 13 Career — Career integration: schematics, datasheets, design intent, and test-point prediction",13,13,SEM-C2-13-076,Required semantic task SEM-C2-13-076; required primary lesson gate; v16.3 integrated lesson checks; Week 13 mastery/teach-back.
C2.3,"Distinguish a schematic, wiring diagram, block diagram, layout/PCB view, and timing diagram and choose the right artifact for a troubleshooting task.","Distinguish a schematic, wiring diagram, block diagram, layout/PCB view, and timing diagram and choose the right artifact for a troubleshooting task.",KEEP,Informed by,gptcElectronics,Electronics Technology — current catalog,https://www.gptc.edu/college-catalog/current/programs/electronics-technology,pccEET101B; onetTech,pccEET101B: EET 101B — Electronic Equipment and Lab Skills — https://www.pcc.edu/ccog/eet/101b/; onetTech: Electrical and Electronic Engineering Technologists and Technicians — https://www.onetonline.org/link/summary/17-3023.00,Retained because the existing competency remains appropriately scoped; provenance and prerequisite traceability were added.,Alfred sequences the competency inside the shared CETa/Career dependency graph and uses Alfred-specific labs/projects for evidence.,CETA-W02 and relevant device/datasheet theory; C1 safe bench habits,"Week 13 Career — Career integration: schematics, datasheets, design intent, and test-point prediction",13,13,SEM-C2-13-076,Required semantic task SEM-C2-13-076; required primary lesson gate; v16.3 integrated lesson checks; Week 13 mastery/teach-back.
C2.4,Trace a signal or power path from connector to load and identify useful test points before probing.,Trace a signal or power path from connector to load and identify useful test points before probing.,KEEP,Informed by,gptcElectronics,Electronics Technology — current catalog,https://www.gptc.edu/college-catalog/current/programs/electronics-technology,pccEET101B; onetTech,pccEET101B: EET 101B — Electronic Equipment and Lab Skills — https://www.pcc.edu/ccog/eet/101b/; onetTech: Electrical and Electronic Engineering Technologists and Technicians — https://www.onetonline.org/link/summary/17-3023.00,Retained because the existing competency remains appropriately scoped; provenance and prerequisite traceability were added.,Alfred sequences the competency inside the shared CETa/Career dependency graph and uses Alfred-specific labs/projects for evidence.,CETA-W02 and relevant device/datasheet theory; C1 safe bench habits,"Week 13 Career — Career integration: schematics, datasheets, design intent, and test-point prediction",13,13,SEM-C2-13-076,Required semantic task SEM-C2-13-076; required primary lesson gate; v16.3 integrated lesson checks; Week 13 mastery/teach-back.
C2.5,"Interpret pull-ups, pull-downs, decoupling capacitors, current-limiting resistors, protection devices, and common interface support circuitry.","Interpret pull-ups, pull-downs, decoupling capacitors, current-limiting resistors, protection devices, and common interface support circuitry.",KEEP,Informed by,gptcElectronics,Electronics Technology — current catalog,https://www.gptc.edu/college-catalog/current/programs/electronics-technology,pccEET101B; onetTech,pccEET101B: EET 101B — Electronic Equipment and Lab Skills — https://www.pcc.edu/ccog/eet/101b/; onetTech: Electrical and Electronic Engineering Technologists and Technicians — https://www.onetonline.org/link/summary/17-3023.00,Retained because the existing competency remains appropriately scoped; provenance and prerequisite traceability were added.,Alfred sequences the competency inside the shared CETa/Career dependency graph and uses Alfred-specific labs/projects for evidence.,CETA-W02 and relevant device/datasheet theory; C1 safe bench habits,"Week 13 Career — Career integration: schematics, datasheets, design intent, and test-point prediction",13,13,SEM-C2-13-076,Required semantic task SEM-C2-13-076; required primary lesson gate; v16.3 integrated lesson checks; Week 13 mastery/teach-back.
C2.6,Explain design intent from a schematic well enough to predict expected node voltages or signal behavior before measuring.,Explain design intent from a schematic well enough to predict expected node voltages or signal behavior before measuring.,KEEP,Informed by,gptcElectronics,Electronics Technology — current catalog,https://www.gptc.edu/college-catalog/current/programs/electronics-technology,pccEET101B; onetTech,pccEET101B: EET 101B — Electronic Equipment and Lab Skills — https://www.pcc.edu/ccog/eet/101b/; onetTech: Electrical and Electronic Engineering Technologists and Technicians — https://www.onetonline.org/link/summary/17-3023.00,Retained because the existing competency remains appropriately scoped; provenance and prerequisite traceability were added.,Alfred sequences the competency inside the shared CETa/Career dependency graph and uses Alfred-specific labs/projects for evidence.,CETA-W02 and relevant device/datasheet theory; C1 safe bench habits,"Week 13 Career — Career integration: schematics, datasheets, design intent, and test-point prediction",13,13,SEM-C2-13-076,Required semantic task SEM-C2-13-076; required primary lesson gate; v16.3 integrated lesson checks; Week 13 mastery/teach-back.
C3.1,"Configure and use a DMM correctly for voltage, resistance/continuity, and current without creating a hazardous or circuit-altering connection.","Select the correct DMM function, input jack, and circuit connection for voltage, resistance/continuity, or current; explain how each mode interacts with the circuit; then make the measurement safely.",REWRITE,Adapted from / informed by,flukeDMM,Digital Multimeter Basics,https://www.fluke.com/en-us/learn/online-courses/digital-multimeter-basics-online-course,pccEET101A,pccEET101A: EET 101A — Electronic Lab and Essential Work Skills — https://www.pcc.edu/ccog/eet/101a/,Rewritten to expose the beginner prerequisite/mental model while preserving the same competency identity and assessment domain.,Alfred sequences the competency inside the shared CETa/Career dependency graph and uses Alfred-specific labs/projects for evidence.,CETA-W03 (measurement/waveform concepts); C1 safety/reference discipline; C2 expected-value reasoning,"Week 3 Career — Career integration: question-first DMM, supply, and oscilloscope measurement",3,3,SEM-C3-03-1640A,Required semantic task SEM-C3-03-077; required primary lesson gate; v16.3 integrated lesson checks; Week 3 mastery/teach-back.
C3.2,Configure a bench power supply in constant-voltage/current-limit operation and use current consumption as a bring-up diagnostic.,"Set bench-supply voltage and a conservative current limit from expected circuit behavior, distinguish CV from current-limit operation, and use current consumption as evidence during bring-up.",REWRITE,Informed by,pccEET101A,EET 101A — Electronic Lab and Essential Work Skills,https://www.pcc.edu/ccog/eet/101a/,flukeDMM,flukeDMM: Digital Multimeter Basics — https://www.fluke.com/en-us/learn/online-courses/digital-multimeter-basics-online-course,Rewritten to expose the beginner prerequisite/mental model while preserving the same competency identity and assessment domain.,Alfred sequences the competency inside the shared CETa/Career dependency graph and uses Alfred-specific labs/projects for evidence.,CETA-W03 (measurement/waveform concepts); C1 safety/reference discipline; C2 expected-value reasoning,"Week 3 Career — Career integration: question-first DMM, supply, and oscilloscope measurement",3,3,SEM-C3-03-1640A,Required semantic task SEM-C3-03-077; required primary lesson gate; v16.3 integrated lesson checks; Week 3 mastery/teach-back.
C3.3,"Configure an oscilloscope probe, coupling, vertical scale, timebase, trigger, and reference ground to obtain a stable useful measurement.","Starting with a known waveform, configure probe/reference, attenuation, coupling, vertical scale, timebase, and trigger to obtain a stable oscilloscope display and document the setup.",REWRITE,Adapted from / informed by,tekScope,The XYZs of Oscilloscopes,https://www.tek.com/en/documents/primer/xyzs-oscilloscopes-primer,pccEET101A,pccEET101A: EET 101A — Electronic Lab and Essential Work Skills — https://www.pcc.edu/ccog/eet/101a/,Rewritten to expose the beginner prerequisite/mental model while preserving the same competency identity and assessment domain.,Alfred sequences the competency inside the shared CETa/Career dependency graph and uses Alfred-specific labs/projects for evidence.,CETA-W03 (measurement/waveform concepts); C1 safety/reference discipline; C2 expected-value reasoning,"Week 3 Career — Career integration: question-first DMM, supply, and oscilloscope measurement",3,3,SEM-C3-03-1640A,Required semantic task SEM-C3-03-077; required primary lesson gate; v16.3 integrated lesson checks; Week 3 mastery/teach-back.
C3.4,"Measure amplitude, frequency, period, duty cycle, rise/fall behavior, and DC offset from waveforms and explain measurement limitations.","Predict and measure waveform amplitude, frequency, period, duty cycle, DC offset, and rise/fall behavior, while distinguishing resolution, accuracy, loading, bandwidth, and repeatability limits.",REWRITE,Informed by,tekScope,The XYZs of Oscilloscopes,https://www.tek.com/en/documents/primer/xyzs-oscilloscopes-primer,pccEET101B,pccEET101B: EET 101B — Electronic Equipment and Lab Skills — https://www.pcc.edu/ccog/eet/101b/,Rewritten to expose the beginner prerequisite/mental model while preserving the same competency identity and assessment domain.,Alfred sequences the competency inside the shared CETa/Career dependency graph and uses Alfred-specific labs/projects for evidence.,CETA-W03 (measurement/waveform concepts); C1 safety/reference discipline; C2 expected-value reasoning,"Week 3 Career — Career integration: question-first DMM, supply, and oscilloscope measurement",3,3,SEM-C3-03-1640A,Required semantic task SEM-C3-03-077; required primary lesson gate; v16.3 integrated lesson checks; Week 3 mastery/teach-back.
C3.5,"Use a logic analyzer to capture and decode digital activity while checking sample rate, thresholds, channel mapping, and timing context.","After a known digital-bus transaction exists, configure a logic analyzer with correct reference, threshold, sample rate, channel mapping, and decoder settings; correlate raw and decoded activity and recognize when an oscilloscope is required for analog signal-quality questions.",MOVE,Informed by,saleae,Logic Analyzer Learning and Support,https://support.saleae.com/,pccEET101B,pccEET101B: EET 101B — Electronic Equipment and Lab Skills — https://www.pcc.edu/ccog/eet/101b/,Moved to the first curriculum location where the full competency is actually taught and can be assessed without future-concept leakage.,Alfred preserves the competency identity but moves required mastery evidence to the dependency-correct week.,CETA-W18 (serial-bus model); C9.2 (known-good I²C transaction earlier in Week 18); C3.1–C3.4 (measurement-plan and reference discipline),Week 18 Career — I²C-first logic-analyzer onboarding,18,18,SEM-C3-18-1640B,Required semantic task SEM-C3-03-077; required primary lesson gate; v16.3 integrated lesson checks; Week 3 mastery/teach-back.
C3.6,Select a measurement instrument based on the hypothesis being tested rather than probing randomly.,"Translate a troubleshooting question into a measurable hypothesis, then choose the instrument, test point, setup, and expected result that will provide the most useful evidence.",REWRITE,Adapted from / informed by,pccEET101A,EET 101A — Electronic Lab and Essential Work Skills,https://www.pcc.edu/ccog/eet/101a/,pccEET101B; flukeDMM; tekScope,pccEET101B: EET 101B — Electronic Equipment and Lab Skills — https://www.pcc.edu/ccog/eet/101b/; flukeDMM: Digital Multimeter Basics — https://www.fluke.com/en-us/learn/online-courses/digital-multimeter-basics-online-course; tekScope: The XYZs of Oscilloscopes — https://www.tek.com/en/documents/primer/xyzs-oscilloscopes-primer,Rewritten to expose the beginner prerequisite/mental model while preserving the same competency identity and assessment domain.,Alfred sequences the competency inside the shared CETa/Career dependency graph and uses Alfred-specific labs/projects for evidence.,CETA-W03 (measurement/waveform concepts); C1 safety/reference discipline; C2 expected-value reasoning,"Week 3 Career — Career integration: question-first DMM, supply, and oscilloscope measurement",3,3,SEM-C3-03-1640A,Required semantic task SEM-C3-03-077; required primary lesson gate; v16.3 integrated lesson checks; Week 3 mastery/teach-back.
C4.1,"Identify acceptable and defective solder joints and explain likely causes of cold joints, bridges, insufficient wetting, and lifted pads.","Identify acceptable and defective solder joints and explain likely causes of cold joints, bridges, insufficient wetting, and lifted pads.",KEEP,Informed by,gptcElectronics,Electronics Technology — current catalog,https://www.gptc.edu/college-catalog/current/programs/electronics-technology,nasaHarness; nasaESD; onetTech,"nasaHarness: NASA-STD-8739.4 — Crimping, Cables, Harnesses, and Wiring — https://standards.nasa.gov/standard/NASA/NASA-STD-87394; nasaESD: NASA-HDBK-8739.21 — ESD Control — https://standards.nasa.gov/standard/NASA/NASA-HDBK-873921; onetTech: Electrical and Electronic Engineering Technologists and Technicians — https://www.onetonline.org/link/summary/17-3023.00",Retained because the existing competency remains appropriately scoped; provenance and prerequisite traceability were added.,Alfred sequences the competency inside the shared CETa/Career dependency graph and uses Alfred-specific labs/projects for evidence.,Relevant CETa workmanship/component/interconnect instruction; C1 ESD/safety habits,Week 12 Career — Career integration: solder/rework workmanship and traceable physical change,12,12,SEM-C4-12-1640A,Required semantic task SEM-C4-12-078; required primary lesson gate; v16.3 integrated lesson checks; Week 12 mastery/teach-back.
C4.2,"Plan a safe through-hole or basic SMT rework sequence that minimizes heat, mechanical stress, and ESD exposure.","Plan a safe through-hole or basic SMT rework sequence that minimizes heat, mechanical stress, and ESD exposure.",KEEP,Informed by,gptcElectronics,Electronics Technology — current catalog,https://www.gptc.edu/college-catalog/current/programs/electronics-technology,nasaHarness; nasaESD; onetTech,"nasaHarness: NASA-STD-8739.4 — Crimping, Cables, Harnesses, and Wiring — https://standards.nasa.gov/standard/NASA/NASA-STD-87394; nasaESD: NASA-HDBK-8739.21 — ESD Control — https://standards.nasa.gov/standard/NASA/NASA-HDBK-873921; onetTech: Electrical and Electronic Engineering Technologists and Technicians — https://www.onetonline.org/link/summary/17-3023.00",Retained because the existing competency remains appropriately scoped; provenance and prerequisite traceability were added.,Alfred sequences the competency inside the shared CETa/Career dependency graph and uses Alfred-specific labs/projects for evidence.,Relevant CETa workmanship/component/interconnect instruction; C1 ESD/safety habits,Week 12 Career — Career integration: solder/rework workmanship and traceable physical change,12,12,SEM-C4-12-1640A,Required semantic task SEM-C4-12-078; required primary lesson gate; v16.3 integrated lesson checks; Week 12 mastery/teach-back.
C4.3,"Prepare, strip, crimp, strain-relieve, and inspect a low-voltage wire or harness connection using workmanship criteria.","Prepare, strip, crimp, strain-relieve, and inspect a low-voltage wire or harness connection using workmanship criteria.",MOVE,Informed by,gptcElectronics,Electronics Technology — current catalog,https://www.gptc.edu/college-catalog/current/programs/electronics-technology,nasaHarness; nasaESD; onetTech,"nasaHarness: NASA-STD-8739.4 — Crimping, Cables, Harnesses, and Wiring — https://standards.nasa.gov/standard/NASA/NASA-STD-87394; nasaESD: NASA-HDBK-8739.21 — ESD Control — https://standards.nasa.gov/standard/NASA/NASA-HDBK-873921; onetTech: Electrical and Electronic Engineering Technologists and Technicians — https://www.onetonline.org/link/summary/17-3023.00",Moved to the first curriculum location where the full competency is actually taught and can be assessed without future-concept leakage.,Alfred preserves the competency identity but moves required mastery evidence to the dependency-correct week.,CETA-W19 (cabling/interconnect concepts); C1.2/C1.5 (ESD and bench/work practices); known-good harness orientation/pinout,"Week 19 Career — harness preparation, crimping, strain relief, inspection",19,19,SEM-C4-19-1640B,Required semantic task SEM-C4-12-078; required primary lesson gate; v16.3 integrated lesson checks; Week 12 mastery/teach-back.
C4.4,"Use connector keying, pin numbering, continuity checks, and wire labels to prevent harness miswiring.","Use connector keying, pin numbering, continuity checks, and wire labels to prevent harness miswiring.",KEEP,Informed by,gptcElectronics,Electronics Technology — current catalog,https://www.gptc.edu/college-catalog/current/programs/electronics-technology,nasaHarness; nasaESD; onetTech,"nasaHarness: NASA-STD-8739.4 — Crimping, Cables, Harnesses, and Wiring — https://standards.nasa.gov/standard/NASA/NASA-STD-87394; nasaESD: NASA-HDBK-8739.21 — ESD Control — https://standards.nasa.gov/standard/NASA/NASA-HDBK-873921; onetTech: Electrical and Electronic Engineering Technologists and Technicians — https://www.onetonline.org/link/summary/17-3023.00",Retained because the existing competency remains appropriately scoped; provenance and prerequisite traceability were added.,Alfred sequences the competency inside the shared CETa/Career dependency graph and uses Alfred-specific labs/projects for evidence.,Relevant CETa workmanship/component/interconnect instruction; C1 ESD/safety habits,Week 19 Career — Career integration: low-voltage crimp and harness workmanship,19,19,SEM-C4-19-1640B,Required semantic task SEM-C4-12-078; required primary lesson gate; v16.3 integrated lesson checks; Week 12 mastery/teach-back.
C4.5,"Document rework with before/after evidence, component orientation, and verification measurements.","Document rework with before/after evidence, component orientation, and verification measurements.",KEEP,Informed by,gptcElectronics,Electronics Technology — current catalog,https://www.gptc.edu/college-catalog/current/programs/electronics-technology,nasaHarness; nasaESD; onetTech,"nasaHarness: NASA-STD-8739.4 — Crimping, Cables, Harnesses, and Wiring — https://standards.nasa.gov/standard/NASA/NASA-STD-87394; nasaESD: NASA-HDBK-8739.21 — ESD Control — https://standards.nasa.gov/standard/NASA/NASA-HDBK-873921; onetTech: Electrical and Electronic Engineering Technologists and Technicians — https://www.onetonline.org/link/summary/17-3023.00",Retained because the existing competency remains appropriately scoped; provenance and prerequisite traceability were added.,Alfred sequences the competency inside the shared CETa/Career dependency graph and uses Alfred-specific labs/projects for evidence.,Relevant CETa workmanship/component/interconnect instruction; C1 ESD/safety habits,Week 12 Career — Career integration: solder/rework workmanship and traceable physical change,12,12,SEM-C4-12-1640A,Required semantic task SEM-C4-12-078; required primary lesson gate; v16.3 integrated lesson checks; Week 12 mastery/teach-back.
C4.6,"Explain when a damaged pad, trace, connector, or harness should be repaired, replaced, or escalated rather than improvised.","Explain when a damaged pad, trace, connector, or harness should be repaired, replaced, or escalated rather than improvised.",KEEP,Informed by,gptcElectronics,Electronics Technology — current catalog,https://www.gptc.edu/college-catalog/current/programs/electronics-technology,nasaHarness; nasaESD; onetTech,"nasaHarness: NASA-STD-8739.4 — Crimping, Cables, Harnesses, and Wiring — https://standards.nasa.gov/standard/NASA/NASA-STD-87394; nasaESD: NASA-HDBK-8739.21 — ESD Control — https://standards.nasa.gov/standard/NASA/NASA-HDBK-873921; onetTech: Electrical and Electronic Engineering Technologists and Technicians — https://www.onetonline.org/link/summary/17-3023.00",Retained because the existing competency remains appropriately scoped; provenance and prerequisite traceability were added.,Alfred sequences the competency inside the shared CETa/Career dependency graph and uses Alfred-specific labs/projects for evidence.,Relevant CETa workmanship/component/interconnect instruction; C1 ESD/safety habits,Week 12 Career — Career integration: solder/rework workmanship and traceable physical change,12,12,SEM-C4-12-1640A,Required semantic task SEM-C4-12-078; required primary lesson gate; v16.3 integrated lesson checks; Week 12 mastery/teach-back.
C5.1,Reproduce a fault reliably and define the observed symptom before attempting a fix.,Reproduce a fault reliably and define the observed symptom before attempting a fix.,KEEP,Informed by / cross-checked against,pccEET101B,EET 101B — Electronic Equipment and Lab Skills,https://www.pcc.edu/ccog/eet/101b/,onetTech; nasaSystems,onetTech: Electrical and Electronic Engineering Technologists and Technicians — https://www.onetonline.org/link/summary/17-3023.00; nasaSystems: NASA Systems Engineering Handbook — https://www.nasa.gov/reference/systems-engineering-handbook/,Retained because the existing competency remains appropriately scoped; provenance and prerequisite traceability were added.,Alfred sequences the competency inside the shared CETa/Career dependency graph and uses Alfred-specific labs/projects for evidence.,C2 expected/design-intent model; C3 measurement planning; known-good behavior before faults,Week 13 Career — Career integration: reproducible fault isolation and causal root cause,13,13,SEM-C5-13-1640A,Required semantic task SEM-C5-13-079; required primary lesson gate; v16.3 integrated lesson checks; Week 13 mastery/teach-back.
C5.2,Form a testable hypothesis from expected versus actual behavior and choose the next measurement that best separates competing causes.,Form a testable hypothesis from expected versus actual behavior and choose the next measurement that best separates competing causes.,KEEP,Informed by / cross-checked against,pccEET101B,EET 101B — Electronic Equipment and Lab Skills,https://www.pcc.edu/ccog/eet/101b/,onetTech; nasaSystems,onetTech: Electrical and Electronic Engineering Technologists and Technicians — https://www.onetonline.org/link/summary/17-3023.00; nasaSystems: NASA Systems Engineering Handbook — https://www.nasa.gov/reference/systems-engineering-handbook/,Retained because the existing competency remains appropriately scoped; provenance and prerequisite traceability were added.,Alfred sequences the competency inside the shared CETa/Career dependency graph and uses Alfred-specific labs/projects for evidence.,C2 expected/design-intent model; C3 measurement planning; known-good behavior before faults,Week 13 Career — Career integration: reproducible fault isolation and causal root cause,13,13,SEM-C5-13-1640A,Required semantic task SEM-C5-13-079; required primary lesson gate; v16.3 integrated lesson checks; Week 13 mastery/teach-back.
C5.3,"Use divide-and-conquer, known-good substitution, signal tracing, or rail-by-rail checks appropriately without changing multiple variables at once.","Use divide-and-conquer, known-good substitution, signal tracing, or rail-by-rail checks appropriately without changing multiple variables at once.",KEEP,Informed by / cross-checked against,pccEET101B,EET 101B — Electronic Equipment and Lab Skills,https://www.pcc.edu/ccog/eet/101b/,onetTech; nasaSystems,onetTech: Electrical and Electronic Engineering Technologists and Technicians — https://www.onetonline.org/link/summary/17-3023.00; nasaSystems: NASA Systems Engineering Handbook — https://www.nasa.gov/reference/systems-engineering-handbook/,Retained because the existing competency remains appropriately scoped; provenance and prerequisite traceability were added.,Alfred sequences the competency inside the shared CETa/Career dependency graph and uses Alfred-specific labs/projects for evidence.,C2 expected/design-intent model; C3 measurement planning; known-good behavior before faults,Week 13 Career — Career integration: reproducible fault isolation and causal root cause,13,13,SEM-C5-13-1640A,Required semantic task SEM-C5-13-079; required primary lesson gate; v16.3 integrated lesson checks; Week 13 mastery/teach-back.
C5.4,Distinguish root cause from symptom and verify that a repair removes the cause without creating a new failure.,Distinguish root cause from symptom and verify that a repair removes the cause without creating a new failure.,KEEP,Informed by / cross-checked against,pccEET101B,EET 101B — Electronic Equipment and Lab Skills,https://www.pcc.edu/ccog/eet/101b/,onetTech; nasaSystems,onetTech: Electrical and Electronic Engineering Technologists and Technicians — https://www.onetonline.org/link/summary/17-3023.00; nasaSystems: NASA Systems Engineering Handbook — https://www.nasa.gov/reference/systems-engineering-handbook/,Retained because the existing competency remains appropriately scoped; provenance and prerequisite traceability were added.,Alfred sequences the competency inside the shared CETa/Career dependency graph and uses Alfred-specific labs/projects for evidence.,C2 expected/design-intent model; C3 measurement planning; known-good behavior before faults,Week 13 Career — Career integration: reproducible fault isolation and causal root cause,13,13,SEM-C5-13-1640A,Required semantic task SEM-C5-13-079; required primary lesson gate; v16.3 integrated lesson checks; Week 13 mastery/teach-back.
C5.5,Use fault injection or controlled perturbation to demonstrate that a diagnostic method can detect an expected failure mode.,Use fault injection or controlled perturbation to demonstrate that a diagnostic method can detect an expected failure mode.,MOVE,Informed by / cross-checked against,pccEET101B,EET 101B — Electronic Equipment and Lab Skills,https://www.pcc.edu/ccog/eet/101b/,onetTech; nasaSystems,onetTech: Electrical and Electronic Engineering Technologists and Technicians — https://www.onetonline.org/link/summary/17-3023.00; nasaSystems: NASA Systems Engineering Handbook — https://www.nasa.gov/reference/systems-engineering-handbook/,Moved to the first curriculum location where the full competency is actually taught and can be assessed without future-concept leakage.,Alfred preserves the competency identity but moves required mastery evidence to the dependency-correct week.,C5.1–C5.4 (expected→observed troubleshooting and causal hypothesis testing); C11.1–C11.4 (verification/test-case discipline); known-good project baseline,Week 28 Career — controlled fault injection and detection coverage,28,28,SEM-C5-28-1640B,Required semantic task SEM-C5-13-079; required primary lesson gate; v16.3 integrated lesson checks; Week 13 mastery/teach-back.
C5.6,"Write a concise failure report containing symptom, setup, evidence, root cause, corrective action, and verification.","Write a concise failure report containing symptom, setup, evidence, root cause, corrective action, and verification.",KEEP,Informed by / cross-checked against,pccEET101B,EET 101B — Electronic Equipment and Lab Skills,https://www.pcc.edu/ccog/eet/101b/,onetTech; nasaSystems,onetTech: Electrical and Electronic Engineering Technologists and Technicians — https://www.onetonline.org/link/summary/17-3023.00; nasaSystems: NASA Systems Engineering Handbook — https://www.nasa.gov/reference/systems-engineering-handbook/,Retained because the existing competency remains appropriately scoped; provenance and prerequisite traceability were added.,Alfred sequences the competency inside the shared CETa/Career dependency graph and uses Alfred-specific labs/projects for evidence.,C2 expected/design-intent model; C3 measurement planning; known-good behavior before faults,Week 13 Career — Career integration: reproducible fault isolation and causal root cause,13,13,SEM-C5-13-1640A,Required semantic task SEM-C5-13-079; required primary lesson gate; v16.3 integrated lesson checks; Week 13 mastery/teach-back.
C6.1,"Write and explain C expressions using integer types, operators, precedence, conditionals, and loops.","Read, write, and trace small C programs using typed variables, expressions, assignments, conditionals, and loops; predict control flow and resulting values before running the code.",REWRITE,Informed by,tamuESET,Electronic Systems Engineering Technology (ESET) course descriptions,https://catalog.tamu.edu/undergraduate/course-descriptions/eset/,beejC,beejC: Beej's Guide to C Programming — https://beej.us/guide/bgc/,Rewritten to expose the beginner prerequisite/mental model while preserving the same competency identity and assessment domain.,Alfred sequences the competency inside the shared CETa/Career dependency graph and uses Alfred-specific labs/projects for evidence.,CETA-W14 computer/representation foundation; no prior programming assumed,Week 14 Career — Career integration: C foundations from control flow through addresses and pointers,14,14,SEM-C6-14-1640,Required semantic task SEM-C6-14-080; required primary lesson gate; v16.3 integrated lesson checks; Week 14 mastery/teach-back.
C6.2,"Use functions, prototypes, parameters, return values, and scope to organize code into testable units.","Use function declarations/prototypes, parameters, return values, and scope to divide C programs into small testable units and explain the data passed into and out of each unit.",REWRITE,Informed by,tamuESET,Electronic Systems Engineering Technology (ESET) course descriptions,https://catalog.tamu.edu/undergraduate/course-descriptions/eset/,beejC,beejC: Beej's Guide to C Programming — https://beej.us/guide/bgc/,Rewritten to expose the beginner prerequisite/mental model while preserving the same competency identity and assessment domain.,Alfred sequences the competency inside the shared CETa/Career dependency graph and uses Alfred-specific labs/projects for evidence.,CETA-W14 computer/representation foundation; no prior programming assumed,Week 14 Career — Career integration: C foundations from control flow through addresses and pointers,14,14,SEM-C6-14-1640,Required semantic task SEM-C6-14-080; required primary lesson gate; v16.3 integrated lesson checks; Week 14 mastery/teach-back.
C6.3,"Use arrays, strings, structs, enums, and pointers without confusing values, addresses, and object lifetimes.","Use arrays, strings, structs, and enums to represent small embedded/test-program data structures while maintaining bounds, type, and lifetime discipline.",SPLIT,Informed by,cs50C,CS50x Week 4 — Memory and Pointers,https://cs50.harvard.edu/x/notes/4/,beejC,beejC: Beej's Guide to C Programming — https://beej.us/guide/bgc/,The prior standard combined aggregate data structures with the separate value/address/pointer mental model. It is split so pointers can be taught and assessed explicitly rather than hidden inside one overloaded competency.,C6.3 now owns aggregate data structures; new C6.7 owns addresses/pointers and lifetime-safe pointer use.,CETA-W14 computer/representation foundation; no prior programming assumed,Week 14 Career — arrays/strings/structs/enums,14,14,SEM-C6-14-1640,Required semantic task SEM-C6-14-080; required primary lesson gate; v16.3 integrated lesson checks; Week 14 mastery/teach-back.
C6.4,"Use bitwise AND, OR, XOR, shifts, and masks to inspect or modify individual bits.","Use bitwise AND, OR, XOR, shifts, and masks to inspect or modify specific bits, and explain the before/after bit pattern rather than treating the operation as a memorized formula.",REWRITE,Informed by,armEmbedded,Embedded C Programming with Arm Cortex-M,https://developer.arm.com/community/arm-community-blogs/b/embedded-and-microcontrollers-blog/posts/embedded-c-programming-with-arm-cortex-m-video-course,beejC,beejC: Beej's Guide to C Programming — https://beej.us/guide/bgc/,Rewritten to expose the beginner prerequisite/mental model while preserving the same competency identity and assessment domain.,Alfred sequences the competency inside the shared CETa/Career dependency graph and uses Alfred-specific labs/projects for evidence.,Week 14 typed integers and binary representation; explicit bit-position/mask teaching precedes mastery.,Week 14 Career — Career integration: C foundations from control flow through addresses and pointers,14,14,SEM-C6-14-1640,Required semantic task SEM-C6-14-080; required primary lesson gate; v16.3 integrated lesson checks; Week 14 mastery/teach-back.
C6.5,"Identify common C defects such as off-by-one errors, uninitialized variables, invalid pointer use, integer overflow, and missing bounds checks.","Recognize and prevent common C defects including off-by-one errors, uninitialized data, invalid pointer use, out-of-bounds access, integer conversion/overflow problems, and missing validation.",REWRITE,Informed by,tamuESET,Electronic Systems Engineering Technology (ESET) course descriptions,https://catalog.tamu.edu/undergraduate/course-descriptions/eset/,beejC; cs50C; armEmbedded,beejC: Beej's Guide to C Programming — https://beej.us/guide/bgc/; cs50C: CS50x Week 4 — Memory and Pointers — https://cs50.harvard.edu/x/notes/4/; armEmbedded: Embedded C Programming with Arm Cortex-M — https://developer.arm.com/community/arm-community-blogs/b/embedded-and-microcontrollers-blog/posts/embedded-c-programming-with-arm-cortex-m-video-course,Rewritten to expose the beginner prerequisite/mental model while preserving the same competency identity and assessment domain.,Alfred sequences the competency inside the shared CETa/Career dependency graph and uses Alfred-specific labs/projects for evidence.,CETA-W14 computer/representation foundation; no prior programming assumed,Week 14 Career — Career integration: C foundations from control flow through addresses and pointers,14,14,SEM-C6-14-1640,Required semantic task SEM-C6-14-080; required primary lesson gate; v16.3 integrated lesson checks; Week 14 mastery/teach-back.
C6.6,"Compile with warnings enabled, read diagnostics, and debug a small program methodically rather than changing code at random.","Build small C programs with warnings enabled, interpret compiler/runtime diagnostics, reproduce failures with controlled inputs, inspect state, and debug by testing one hypothesis at a time.",REWRITE,Informed by,tamuESET,Electronic Systems Engineering Technology (ESET) course descriptions,https://catalog.tamu.edu/undergraduate/course-descriptions/eset/,beejC; cs50C; armEmbedded,beejC: Beej's Guide to C Programming — https://beej.us/guide/bgc/; cs50C: CS50x Week 4 — Memory and Pointers — https://cs50.harvard.edu/x/notes/4/; armEmbedded: Embedded C Programming with Arm Cortex-M — https://developer.arm.com/community/arm-community-blogs/b/embedded-and-microcontrollers-blog/posts/embedded-c-programming-with-arm-cortex-m-video-course,Rewritten to expose the beginner prerequisite/mental model while preserving the same competency identity and assessment domain.,Alfred sequences the competency inside the shared CETa/Career dependency graph and uses Alfred-specific labs/projects for evidence.,CETA-W14 computer/representation foundation; no prior programming assumed,Week 14 Career — Career integration: C foundations from control flow through addresses and pointers,14,14,SEM-C6-14-1640,Required semantic task SEM-C6-14-080; required primary lesson gate; v16.3 integrated lesson checks; Week 14 mastery/teach-back.
C6.7,,"Explain the difference between a value and an address, use pointers to access valid objects/arrays, and identify invalid, null, out-of-bounds, and lifetime-related pointer risks in small C programs.",ADD,Informed by,beejC,Beej's Guide to C Programming,https://beej.us/guide/bgc/,cs50C; armEmbedded,cs50C: CS50x Week 4 — Memory and Pointers — https://cs50.harvard.edu/x/notes/4/; armEmbedded: Embedded C Programming with Arm Cortex-M — https://developer.arm.com/community/arm-community-blogs/b/embedded-and-microcontrollers-blog/posts/embedded-c-programming-with-arm-cortex-m-video-course,Added because pointer/address reasoning is a prerequisite for embedded C and deserved an explicit independently teachable competency rather than being buried inside C6.3.,"Alfred introduces the address mental model only after arrays/functions, then uses tiny examples before MCU register/peripheral code.","CETA-W14 (computer/memory representation); C6.1–C6.3 (program anatomy, control flow, arrays/data structures)","Week 14 Career — values, addresses, pointers, lifetime",14,14,SEM-C6-14-1640,Required semantic task SEM-C6-14-1640; v16.3.40 integrated lesson checks; changed-context mastery evidence.
C7.1,"Explain the role of CPU, registers, memory, peripherals, clocking, interrupts, and buses in a microcontroller system.","Explain an embedded microcontroller as CPU + memory + clocks + buses + peripherals + registers, and connect each part to what executing C code can observe or control.",REWRITE,Informed by,tamuESET,Electronic Systems Engineering Technology (ESET) course descriptions,https://catalog.tamu.edu/undergraduate/course-descriptions/eset/,armKit; stTraining,armKit: Efficient Embedded Systems Education Kit — https://www.arm.com/resources/education/education-kits/efficient-embedded-systems; stTraining: STM32 Online Training — https://www.st.com/content/st_com/en/support/learning/stm32-online-training.html,Rewritten to expose the beginner prerequisite/mental model while preserving the same competency identity and assessment domain.,Alfred sequences the competency inside the shared CETa/Career dependency graph and uses Alfred-specific labs/projects for evidence.,C6 C-programming foundation; CETA-W15 MCU/computer concepts,"Week 15 Career — Career integration: embedded C, MCU architecture, and nonblocking design",15,15,SEM-C7-15-081,Required semantic task SEM-C7-15-081; required primary lesson gate; v16.3 integrated lesson checks; Week 15 mastery/teach-back.
C7.2,Use volatile and fixed-width integer types appropriately when code interacts with hardware registers or asynchronous events.,"Use fixed-width integer types and volatile appropriately for hardware registers or asynchronously changed state, and explain what volatile does and does not guarantee.",REWRITE,Informed by,tamuESET,Electronic Systems Engineering Technology (ESET) course descriptions,https://catalog.tamu.edu/undergraduate/course-descriptions/eset/,armEmbedded; armKit; stTraining,armEmbedded: Embedded C Programming with Arm Cortex-M — https://developer.arm.com/community/arm-community-blogs/b/embedded-and-microcontrollers-blog/posts/embedded-c-programming-with-arm-cortex-m-video-course; armKit: Efficient Embedded Systems Education Kit — https://www.arm.com/resources/education/education-kits/efficient-embedded-systems; stTraining: STM32 Online Training — https://www.st.com/content/st_com/en/support/learning/stm32-online-training.html,Rewritten to expose the beginner prerequisite/mental model while preserving the same competency identity and assessment domain.,Alfred sequences the competency inside the shared CETa/Career dependency graph and uses Alfred-specific labs/projects for evidence.,C6 C-programming foundation; CETA-W15 MCU/computer concepts,"Week 15 Career — Career integration: embedded C, MCU architecture, and nonblocking design",15,15,SEM-C7-15-081,Required semantic task SEM-C7-15-081; required primary lesson gate; v16.3 integrated lesson checks; Week 15 mastery/teach-back.
C7.3,Apply read-modify-write and bit-mask operations to peripheral control registers while preserving unrelated bits.,Apply read-modify-write and bit masks to memory-mapped peripheral registers while preserving unrelated bits and checking the relevant register documentation.,REWRITE,Informed by,tamuESET,Electronic Systems Engineering Technology (ESET) course descriptions,https://catalog.tamu.edu/undergraduate/course-descriptions/eset/,armEmbedded; armKit; stTraining,armEmbedded: Embedded C Programming with Arm Cortex-M — https://developer.arm.com/community/arm-community-blogs/b/embedded-and-microcontrollers-blog/posts/embedded-c-programming-with-arm-cortex-m-video-course; armKit: Efficient Embedded Systems Education Kit — https://www.arm.com/resources/education/education-kits/efficient-embedded-systems; stTraining: STM32 Online Training — https://www.st.com/content/st_com/en/support/learning/stm32-online-training.html,Rewritten to expose the beginner prerequisite/mental model while preserving the same competency identity and assessment domain.,Alfred sequences the competency inside the shared CETa/Career dependency graph and uses Alfred-specific labs/projects for evidence.,C6 C-programming foundation; CETA-W15 MCU/computer concepts,"Week 15 Career — Career integration: embedded C, MCU architecture, and nonblocking design",15,15,SEM-C7-15-081,Required semantic task SEM-C7-15-081; required primary lesson gate; v16.3 integrated lesson checks; Week 15 mastery/teach-back.
C7.4,Design a nonblocking state machine for a simple embedded behavior instead of relying on long blocking delays.,"Convert a simple blocking embedded behavior into an explicit nonblocking state machine with named states, transitions, events, and bounded timing behavior.",REWRITE,Informed by,tamuESET,Electronic Systems Engineering Technology (ESET) course descriptions,https://catalog.tamu.edu/undergraduate/course-descriptions/eset/,armEmbedded; armKit; stTraining,armEmbedded: Embedded C Programming with Arm Cortex-M — https://developer.arm.com/community/arm-community-blogs/b/embedded-and-microcontrollers-blog/posts/embedded-c-programming-with-arm-cortex-m-video-course; armKit: Efficient Embedded Systems Education Kit — https://www.arm.com/resources/education/education-kits/efficient-embedded-systems; stTraining: STM32 Online Training — https://www.st.com/content/st_com/en/support/learning/stm32-online-training.html,Rewritten to expose the beginner prerequisite/mental model while preserving the same competency identity and assessment domain.,Alfred sequences the competency inside the shared CETa/Career dependency graph and uses Alfred-specific labs/projects for evidence.,C6 C-programming foundation; CETA-W15 MCU/computer concepts,"Week 15 Career — Career integration: embedded C, MCU architecture, and nonblocking design",15,15,SEM-C7-15-081,Required semantic task SEM-C7-15-081; required primary lesson gate; v16.3 integrated lesson checks; Week 15 mastery/teach-back.
C7.5,Explain polling versus interrupts and select the simpler correct approach for a given timing requirement.,"Explain polling and interrupts from the CPU/peripheral point of view and choose the simpler correct mechanism for a stated latency, timing, and complexity requirement.",REWRITE,Informed by,tamuESET,Electronic Systems Engineering Technology (ESET) course descriptions,https://catalog.tamu.edu/undergraduate/course-descriptions/eset/,armEmbedded; armKit; stTraining,armEmbedded: Embedded C Programming with Arm Cortex-M — https://developer.arm.com/community/arm-community-blogs/b/embedded-and-microcontrollers-blog/posts/embedded-c-programming-with-arm-cortex-m-video-course; armKit: Efficient Embedded Systems Education Kit — https://www.arm.com/resources/education/education-kits/efficient-embedded-systems; stTraining: STM32 Online Training — https://www.st.com/content/st_com/en/support/learning/stm32-online-training.html,Rewritten to expose the beginner prerequisite/mental model while preserving the same competency identity and assessment domain.,Alfred sequences the competency inside the shared CETa/Career dependency graph and uses Alfred-specific labs/projects for evidence.,C6 C-programming foundation; CETA-W15 MCU/computer concepts,"Week 15 Career — Career integration: embedded C, MCU architecture, and nonblocking design",15,15,SEM-C7-15-081,Required semantic task SEM-C7-15-081; required primary lesson gate; v16.3 integrated lesson checks; Week 15 mastery/teach-back.
C7.6,"Separate hardware abstraction, application logic, and diagnostic output so firmware is easier to test and troubleshoot.","Separate hardware-access code, application/state logic, and diagnostic output so each layer can be reasoned about, tested, and troubleshot independently.",REWRITE,Informed by,tamuESET,Electronic Systems Engineering Technology (ESET) course descriptions,https://catalog.tamu.edu/undergraduate/course-descriptions/eset/,armEmbedded; armKit; stTraining,armEmbedded: Embedded C Programming with Arm Cortex-M — https://developer.arm.com/community/arm-community-blogs/b/embedded-and-microcontrollers-blog/posts/embedded-c-programming-with-arm-cortex-m-video-course; armKit: Efficient Embedded Systems Education Kit — https://www.arm.com/resources/education/education-kits/efficient-embedded-systems; stTraining: STM32 Online Training — https://www.st.com/content/st_com/en/support/learning/stm32-online-training.html,Rewritten to expose the beginner prerequisite/mental model while preserving the same competency identity and assessment domain.,Alfred sequences the competency inside the shared CETa/Career dependency graph and uses Alfred-specific labs/projects for evidence.,C6 C-programming foundation; CETA-W15 MCU/computer concepts,"Week 15 Career — Career integration: embedded C, MCU architecture, and nonblocking design",15,15,SEM-C7-15-081,Required semantic task SEM-C7-15-081; required primary lesson gate; v16.3 integrated lesson checks; Week 15 mastery/teach-back.
C8.1,"Create an STM32 project with correct MCU/board selection, clock configuration, pin mapping, and generated initialization code.","Create an STM32 project by identifying the exact board/MCU, configuring clocks and pins, generating/inspecting initialization, building the project, and identifying the produced firmware image.",REWRITE,Adapted from / informed by,stTraining,STM32 Online Training,https://www.st.com/content/st_com/en/support/learning/stm32-online-training.html,stMooc,stMooc: STM32CubeMX and STM32Cube HAL Basics — https://www.st.com/content/st_com/en/support/learning/stm32-moocs/stm32cubemx-and-cubeHhal-basics.html,Rewritten to expose the beginner prerequisite/mental model while preserving the same competency identity and assessment domain.,Alfred sequences the competency inside the shared CETa/Career dependency graph and uses Alfred-specific labs/projects for evidence.,C7 embedded-C/MCU architecture; C3 measurement evidence; CETA-W16 MCU/toolchain concepts,"Week 16 Career — Career integration: STM32 build/flash/debug, timer, and ADC proofs",16,16,SEM-C8-16-1640,Required semantic task SEM-C8-16-082; required primary lesson gate; v16.3 integrated lesson checks; Week 16 mastery/teach-back.
C8.2,Bring up a GPIO input/output and verify both firmware state and physical pin behavior.,"Bring up one STM32 GPIO path from project configuration through firmware state to physical pin behavior, using an independent measurement to prove the result.",REWRITE,Adapted from / informed by,stTraining,STM32 Online Training,https://www.st.com/content/st_com/en/support/learning/stm32-online-training.html,stMooc; tamuESET; armKit,stMooc: STM32CubeMX and STM32Cube HAL Basics — https://www.st.com/content/st_com/en/support/learning/stm32-moocs/stm32cubemx-and-cubeHhal-basics.html; tamuESET: Electronic Systems Engineering Technology (ESET) course descriptions — https://catalog.tamu.edu/undergraduate/course-descriptions/eset/; armKit: Efficient Embedded Systems Education Kit — https://www.arm.com/resources/education/education-kits/efficient-embedded-systems,Rewritten to expose the beginner prerequisite/mental model while preserving the same competency identity and assessment domain.,Alfred sequences the competency inside the shared CETa/Career dependency graph and uses Alfred-specific labs/projects for evidence.,C7 embedded-C/MCU architecture; C3 measurement evidence; CETA-W16 MCU/toolchain concepts,"Week 16 Career — Career integration: STM32 build/flash/debug, timer, and ADC proofs",16,16,SEM-C8-16-1640,Required semantic task SEM-C8-16-082; required primary lesson gate; v16.3 integrated lesson checks; Week 16 mastery/teach-back.
C8.3,"Use SWD debugging to halt, step, inspect variables/registers, set breakpoints, and distinguish code-flow problems from hardware problems.","Explain the debug-probe/SWD path and use it to connect, halt, step, set breakpoints, and inspect variables/registers so code-flow faults can be separated from hardware faults.",REWRITE,Adapted from / informed by,stTraining,STM32 Online Training,https://www.st.com/content/st_com/en/support/learning/stm32-online-training.html,armKit,armKit: Efficient Embedded Systems Education Kit — https://www.arm.com/resources/education/education-kits/efficient-embedded-systems,Rewritten to expose the beginner prerequisite/mental model while preserving the same competency identity and assessment domain.,Alfred sequences the competency inside the shared CETa/Career dependency graph and uses Alfred-specific labs/projects for evidence.,C7 embedded-C/MCU architecture; C3 measurement evidence; CETA-W16 MCU/toolchain concepts,"Week 16 Career — Career integration: STM32 build/flash/debug, timer, and ADC proofs",16,16,SEM-C8-16-1640,Required semantic task SEM-C8-16-082; required primary lesson gate; v16.3 integrated lesson checks; Week 16 mastery/teach-back.
C8.4,"Configure and validate a timer, ADC, or interrupt source while checking assumptions about clocks and units.","After a known-good GPIO baseline, configure and validate one STM32 timer/event or interrupt path while checking peripheral clock, prescaler/period, time units, flags, and observable timing evidence.",SPLIT,Adapted from / informed by,stTraining,STM32 Online Training,https://www.st.com/content/st_com/en/support/learning/stm32-online-training.html,stMooc; tamuESET; armKit,stMooc: STM32CubeMX and STM32Cube HAL Basics — https://www.st.com/content/st_com/en/support/learning/stm32-moocs/stm32cubemx-and-cubeHhal-basics.html; tamuESET: Electronic Systems Engineering Technology (ESET) course descriptions — https://catalog.tamu.edu/undergraduate/course-descriptions/eset/; armKit: Efficient Embedded Systems Education Kit — https://www.arm.com/resources/education/education-kits/efficient-embedded-systems,"The prior standard bundled timer, ADC, and interrupt configuration. Timer/event/interrupt timing remains in C8.4; ADC conversion becomes new C8.7 so each skill has a complete teaching and evidence path.",C8.4 is taught only after the Week 16 GPIO/SWD baseline.,CETA-W16 (MCU/clock architecture); C7.1–C7.6 (embedded C/MCU architecture); C8.1–C8.3 (known-good STM32 GPIO/build/flash/SWD baseline),Week 16 Career — timer/event/interrupt proof after GPIO baseline,16,16,SEM-C8-16-1640,Required semantic task SEM-C8-16-082; required primary lesson gate; v16.3 integrated lesson checks; Week 16 mastery/teach-back.
C8.5,"Use current draw, reset behavior, clock configuration, boot configuration, and debug connectivity as early board bring-up checks.","Use staged evidence—power/current, reset/boot, clock/configuration, debug connectivity, minimal firmware, and I/O—to establish a known-good STM32 bring-up baseline before adding complexity.",REWRITE,Adapted from / informed by,stTraining,STM32 Online Training,https://www.st.com/content/st_com/en/support/learning/stm32-online-training.html,stMooc; tamuESET; armKit,stMooc: STM32CubeMX and STM32Cube HAL Basics — https://www.st.com/content/st_com/en/support/learning/stm32-moocs/stm32cubemx-and-cubeHhal-basics.html; tamuESET: Electronic Systems Engineering Technology (ESET) course descriptions — https://catalog.tamu.edu/undergraduate/course-descriptions/eset/; armKit: Efficient Embedded Systems Education Kit — https://www.arm.com/resources/education/education-kits/efficient-embedded-systems,Rewritten to expose the beginner prerequisite/mental model while preserving the same competency identity and assessment domain.,Alfred sequences the competency inside the shared CETa/Career dependency graph and uses Alfred-specific labs/projects for evidence.,C7 embedded-C/MCU architecture; C3 measurement evidence; CETA-W16 MCU/toolchain concepts,"Week 16 Career — Career integration: STM32 build/flash/debug, timer, and ADC proofs",16,16,SEM-C8-16-1640,Required semantic task SEM-C8-16-082; required primary lesson gate; v16.3 integrated lesson checks; Week 16 mastery/teach-back.
C8.6,"Capture a reproducible STM32 fault with firmware revision, configuration, measurements, and a verified fix.","Capture an STM32 fault reproducibly with board/MCU identity, firmware revision, configuration, measurements/debug evidence, hypothesis, corrective action, and verified retest.",REWRITE,Adapted from / informed by,stTraining,STM32 Online Training,https://www.st.com/content/st_com/en/support/learning/stm32-online-training.html,stMooc; tamuESET; armKit,stMooc: STM32CubeMX and STM32Cube HAL Basics — https://www.st.com/content/st_com/en/support/learning/stm32-moocs/stm32cubemx-and-cubeHhal-basics.html; tamuESET: Electronic Systems Engineering Technology (ESET) course descriptions — https://catalog.tamu.edu/undergraduate/course-descriptions/eset/; armKit: Efficient Embedded Systems Education Kit — https://www.arm.com/resources/education/education-kits/efficient-embedded-systems,Rewritten to expose the beginner prerequisite/mental model while preserving the same competency identity and assessment domain.,Alfred sequences the competency inside the shared CETa/Career dependency graph and uses Alfred-specific labs/projects for evidence.,C7 embedded-C/MCU architecture; C3 measurement evidence; CETA-W16 MCU/toolchain concepts,"Week 16 Career — Career integration: STM32 build/flash/debug, timer, and ADC proofs",16,16,SEM-C8-16-1640,Required semantic task SEM-C8-16-082; required primary lesson gate; v16.3 integrated lesson checks; Week 16 mastery/teach-back.
C8.7,,"After a known-good digital baseline, configure and validate one STM32 ADC channel using a known input while checking reference voltage, channel/pin mode, resolution/sample settings, raw code, engineering-unit conversion, and independent physical measurement.",ADD,Informed by / cross-checked against,stTraining,STM32 Online Training,https://www.st.com/content/st_com/en/support/learning/stm32-online-training.html,armKit,armKit: Efficient Embedded Systems Education Kit — https://www.arm.com/resources/education/education-kits/efficient-embedded-systems,Added because ADC bring-up has a distinct analog/reference/sample/units dependency chain that should not be hidden inside a combined timer/ADC/interrupt standard.,Alfred uses a known DC input and DMM cross-check before any sensor-specific ADC application.,CETA-W16 (MCU and conversion foundations); C8.1–C8.3 (known-good digital baseline); voltage/reference measurement discipline from C3,Week 16 Career — ADC known-input proof after digital baseline,16,16,SEM-C8-16-1640,Required semantic task SEM-C8-16-1640; v16.3.40 integrated lesson checks; changed-context mastery evidence.
C9.1,"Configure UART parameters and diagnose mismatched baud rate, data bits, parity, stop bits, logic level, or crossed TX/RX connections.","Configure UART parameters and diagnose mismatched baud rate, data bits, parity, stop bits, logic level, or crossed TX/RX connections.",KEEP,Informed by,stTraining,STM32 Online Training,https://www.st.com/content/st_com/en/support/learning/stm32-online-training.html,saleae; sparkfunSerial; sparkfunI2C; sparkfunSPI,saleae: Logic Analyzer Learning and Support — https://support.saleae.com/; sparkfunSerial: Serial Communication — https://learn.sparkfun.com/tutorials/serial-communication/all; sparkfunI2C: I2C — https://learn.sparkfun.com/tutorials/i2c/all; sparkfunSPI: Serial Peripheral Interface (SPI) — https://learn.sparkfun.com/tutorials/serial-peripheral-interface-spi/all,Retained because the existing competency remains appropriately scoped; provenance and prerequisite traceability were added.,Alfred sequences the competency inside the shared CETa/Career dependency graph and uses Alfred-specific labs/projects for evidence.,C8 known-good MCU baseline; CETA-W18 interface signaling; C3 measurement/reference discipline,"Week 18 Career — Career integration: UART, I²C, SPI, datasheets, and protocol captures",18,18,SEM-C9-18-083,Required semantic task SEM-C9-18-083; required primary lesson gate; v16.3 integrated lesson checks; Week 18 mastery/teach-back.
C9.2,"Explain I²C addressing, open-drain signaling, pull-up resistors, START/STOP conditions, ACK/NACK, and common stuck-bus faults.","Explain I²C addressing, open-drain signaling, pull-up resistors, START/STOP conditions, ACK/NACK, and common stuck-bus faults.",KEEP,Informed by,stTraining,STM32 Online Training,https://www.st.com/content/st_com/en/support/learning/stm32-online-training.html,saleae; sparkfunSerial; sparkfunI2C; sparkfunSPI,saleae: Logic Analyzer Learning and Support — https://support.saleae.com/; sparkfunSerial: Serial Communication — https://learn.sparkfun.com/tutorials/serial-communication/all; sparkfunI2C: I2C — https://learn.sparkfun.com/tutorials/i2c/all; sparkfunSPI: Serial Peripheral Interface (SPI) — https://learn.sparkfun.com/tutorials/serial-peripheral-interface-spi/all,Retained because the existing competency remains appropriately scoped; provenance and prerequisite traceability were added.,Alfred sequences the competency inside the shared CETa/Career dependency graph and uses Alfred-specific labs/projects for evidence.,C8 known-good MCU baseline; CETA-W18 interface signaling; C3 measurement/reference discipline,"Week 18 Career — Career integration: UART, I²C, SPI, datasheets, and protocol captures",18,18,SEM-C9-18-083,Required semantic task SEM-C9-18-083; required primary lesson gate; v16.3 integrated lesson checks; Week 18 mastery/teach-back.
C9.3,"Explain SPI clock, MOSI/MISO, chip select, mode/polarity/phase, word length, and common configuration mismatches.","Explain SPI clock, MOSI/MISO, chip select, mode/polarity/phase, word length, and common configuration mismatches.",KEEP,Informed by,stTraining,STM32 Online Training,https://www.st.com/content/st_com/en/support/learning/stm32-online-training.html,saleae; sparkfunSerial; sparkfunI2C; sparkfunSPI,saleae: Logic Analyzer Learning and Support — https://support.saleae.com/; sparkfunSerial: Serial Communication — https://learn.sparkfun.com/tutorials/serial-communication/all; sparkfunI2C: I2C — https://learn.sparkfun.com/tutorials/i2c/all; sparkfunSPI: Serial Peripheral Interface (SPI) — https://learn.sparkfun.com/tutorials/serial-peripheral-interface-spi/all,Retained because the existing competency remains appropriately scoped; provenance and prerequisite traceability were added.,Alfred sequences the competency inside the shared CETa/Career dependency graph and uses Alfred-specific labs/projects for evidence.,C8 known-good MCU baseline; CETA-W18 interface signaling; C3 measurement/reference discipline,"Week 18 Career — Career integration: UART, I²C, SPI, datasheets, and protocol captures",18,18,SEM-C9-18-083,Required semantic task SEM-C9-18-083; required primary lesson gate; v16.3 integrated lesson checks; Week 18 mastery/teach-back.
C9.4,"Use a logic analyzer capture to correlate firmware actions with actual UART, I²C, or SPI bus transactions.","Use a logic analyzer capture to correlate firmware actions with actual UART, I²C, or SPI bus transactions.",KEEP,Informed by,stTraining,STM32 Online Training,https://www.st.com/content/st_com/en/support/learning/stm32-online-training.html,saleae; sparkfunSerial; sparkfunI2C; sparkfunSPI,saleae: Logic Analyzer Learning and Support — https://support.saleae.com/; sparkfunSerial: Serial Communication — https://learn.sparkfun.com/tutorials/serial-communication/all; sparkfunI2C: I2C — https://learn.sparkfun.com/tutorials/i2c/all; sparkfunSPI: Serial Peripheral Interface (SPI) — https://learn.sparkfun.com/tutorials/serial-peripheral-interface-spi/all,Retained because the existing competency remains appropriately scoped; provenance and prerequisite traceability were added.,Alfred sequences the competency inside the shared CETa/Career dependency graph and uses Alfred-specific labs/projects for evidence.,C8 known-good MCU baseline; CETA-W18 interface signaling; C3 measurement/reference discipline,"Week 18 Career — Career integration: UART, I²C, SPI, datasheets, and protocol captures",18,18,SEM-C9-18-083,Required semantic task SEM-C9-18-083; required primary lesson gate; v16.3 integrated lesson checks; Week 18 mastery/teach-back.
C9.5,"Read a sensor/interface datasheet to determine register address, transaction sequence, timing, and expected response.","Read a sensor/interface datasheet to determine register address, transaction sequence, timing, and expected response.",KEEP,Informed by,stTraining,STM32 Online Training,https://www.st.com/content/st_com/en/support/learning/stm32-online-training.html,saleae; sparkfunSerial; sparkfunI2C; sparkfunSPI,saleae: Logic Analyzer Learning and Support — https://support.saleae.com/; sparkfunSerial: Serial Communication — https://learn.sparkfun.com/tutorials/serial-communication/all; sparkfunI2C: I2C — https://learn.sparkfun.com/tutorials/i2c/all; sparkfunSPI: Serial Peripheral Interface (SPI) — https://learn.sparkfun.com/tutorials/serial-peripheral-interface-spi/all,Retained because the existing competency remains appropriately scoped; provenance and prerequisite traceability were added.,Alfred sequences the competency inside the shared CETa/Career dependency graph and uses Alfred-specific labs/projects for evidence.,C8 known-good MCU baseline; CETA-W18 interface signaling; C3 measurement/reference discipline,"Week 18 Career — Career integration: UART, I²C, SPI, datasheets, and protocol captures",18,18,SEM-C9-18-083,Required semantic task SEM-C9-18-083; required primary lesson gate; v16.3 integrated lesson checks; Week 18 mastery/teach-back.
C9.6,"Diagnose whether an interface failure is most likely firmware configuration, electrical connection, signal integrity, device addressing, or protocol sequencing.","Diagnose whether an interface failure is most likely firmware configuration, electrical connection, signal integrity, device addressing, or protocol sequencing.",KEEP,Informed by,stTraining,STM32 Online Training,https://www.st.com/content/st_com/en/support/learning/stm32-online-training.html,saleae; sparkfunSerial; sparkfunI2C; sparkfunSPI,saleae: Logic Analyzer Learning and Support — https://support.saleae.com/; sparkfunSerial: Serial Communication — https://learn.sparkfun.com/tutorials/serial-communication/all; sparkfunI2C: I2C — https://learn.sparkfun.com/tutorials/i2c/all; sparkfunSPI: Serial Peripheral Interface (SPI) — https://learn.sparkfun.com/tutorials/serial-peripheral-interface-spi/all,Retained because the existing competency remains appropriately scoped; provenance and prerequisite traceability were added.,Alfred sequences the competency inside the shared CETa/Career dependency graph and uses Alfred-specific labs/projects for evidence.,C8 known-good MCU baseline; CETA-W18 interface signaling; C3 measurement/reference discipline,"Week 18 Career — Career integration: UART, I²C, SPI, datasheets, and protocol captures",18,18,SEM-C9-18-083,Required semantic task SEM-C9-18-083; required primary lesson gate; v16.3 integrated lesson checks; Week 18 mastery/teach-back.
C10.1,"Use Python to open, configure, read from, and write to a serial device with explicit timeouts and error handling.","Use Python to open, configure, read from, and write to a serial device with explicit timeouts and error handling.",KEEP,Informed by,pythonDocs,Python 3 Documentation,https://docs.python.org/3/,pyserial; pytest; onetTech,pyserial: pySerial Documentation — https://pyserial.readthedocs.io/; pytest: pytest Documentation — https://docs.pytest.org/; onetTech: Electrical and Electronic Engineering Technologists and Technicians — https://www.onetonline.org/link/summary/17-3023.00,Retained because the existing competency remains appropriately scoped; provenance and prerequisite traceability were added.,Alfred sequences the competency inside the shared CETa/Career dependency graph and uses Alfred-specific labs/projects for evidence.,CAREER-W17-PYTHON-SERIAL; C9 interface/transport evidence; C11 verification limits and evidence discipline,Week 27 Career — Career integration: Python hardware-test automation and data integrity,27,27,SEM-C10-27-084,Required semantic task SEM-C10-27-084; required primary lesson gate; v16.3 integrated lesson checks; Week 27 mastery/teach-back.
C10.2,Parse incoming measurements into structured values and reject malformed or out-of-range data safely.,Parse incoming measurements into structured values and reject malformed or out-of-range data safely.,KEEP,Informed by,pythonDocs,Python 3 Documentation,https://docs.python.org/3/,pyserial; pytest; onetTech,pyserial: pySerial Documentation — https://pyserial.readthedocs.io/; pytest: pytest Documentation — https://docs.pytest.org/; onetTech: Electrical and Electronic Engineering Technologists and Technicians — https://www.onetonline.org/link/summary/17-3023.00,Retained because the existing competency remains appropriately scoped; provenance and prerequisite traceability were added.,Alfred sequences the competency inside the shared CETa/Career dependency graph and uses Alfred-specific labs/projects for evidence.,CAREER-W17-PYTHON-SERIAL; C9 interface/transport evidence; C11 verification limits and evidence discipline,Week 27 Career — Career integration: Python hardware-test automation and data integrity,27,27,SEM-C10-27-084,Required semantic task SEM-C10-27-084; required primary lesson gate; v16.3 integrated lesson checks; Week 27 mastery/teach-back.
C10.3,"Log timestamped test data in a reproducible format that preserves units, device identity, and test conditions.","Log timestamped test data in a reproducible format that preserves units, device identity, and test conditions.",KEEP,Informed by,pythonDocs,Python 3 Documentation,https://docs.python.org/3/,pyserial; pytest; onetTech,pyserial: pySerial Documentation — https://pyserial.readthedocs.io/; pytest: pytest Documentation — https://docs.pytest.org/; onetTech: Electrical and Electronic Engineering Technologists and Technicians — https://www.onetonline.org/link/summary/17-3023.00,Retained because the existing competency remains appropriately scoped; provenance and prerequisite traceability were added.,Alfred sequences the competency inside the shared CETa/Career dependency graph and uses Alfred-specific labs/projects for evidence.,CAREER-W17-PYTHON-SERIAL; C9 interface/transport evidence; C11 verification limits and evidence discipline,Week 27 Career — Career integration: Python hardware-test automation and data integrity,27,27,SEM-C10-27-084,Required semantic task SEM-C10-27-084; required primary lesson gate; v16.3 integrated lesson checks; Week 27 mastery/teach-back.
C10.4,Write an automated PASS/FAIL check against explicit limits and report why a failure occurred.,Write an automated PASS/FAIL check against explicit limits and report why a failure occurred.,KEEP,Informed by,pythonDocs,Python 3 Documentation,https://docs.python.org/3/,pyserial; pytest; onetTech,pyserial: pySerial Documentation — https://pyserial.readthedocs.io/; pytest: pytest Documentation — https://docs.pytest.org/; onetTech: Electrical and Electronic Engineering Technologists and Technicians — https://www.onetonline.org/link/summary/17-3023.00,Retained because the existing competency remains appropriately scoped; provenance and prerequisite traceability were added.,Alfred sequences the competency inside the shared CETa/Career dependency graph and uses Alfred-specific labs/projects for evidence.,CAREER-W17-PYTHON-SERIAL; C9 interface/transport evidence; C11 verification limits and evidence discipline,Week 27 Career — Career integration: Python hardware-test automation and data integrity,27,27,SEM-C10-27-084,Required semantic task SEM-C10-27-084; required primary lesson gate; v16.3 integrated lesson checks; Week 27 mastery/teach-back.
C10.5,"Plot or summarize test data to reveal trends, drift, noise, or outliers relevant to a hardware decision.","Plot or summarize test data to reveal trends, drift, noise, or outliers relevant to a hardware decision.",KEEP,Informed by,pythonDocs,Python 3 Documentation,https://docs.python.org/3/,pyserial; pytest; onetTech,pyserial: pySerial Documentation — https://pyserial.readthedocs.io/; pytest: pytest Documentation — https://docs.pytest.org/; onetTech: Electrical and Electronic Engineering Technologists and Technicians — https://www.onetonline.org/link/summary/17-3023.00,Retained because the existing competency remains appropriately scoped; provenance and prerequisite traceability were added.,Alfred sequences the competency inside the shared CETa/Career dependency graph and uses Alfred-specific labs/projects for evidence.,CAREER-W17-PYTHON-SERIAL; C9 interface/transport evidence; C11 verification limits and evidence discipline,Week 27 Career — Career integration: Python hardware-test automation and data integrity,27,27,SEM-C10-27-084,Required semantic task SEM-C10-27-084; required primary lesson gate; v16.3 integrated lesson checks; Week 27 mastery/teach-back.
C10.6,"Structure a small hardware-test script so setup, stimulus, measurement, evaluation, cleanup, and reporting are separate steps.","Structure a small hardware-test script so setup, stimulus, measurement, evaluation, cleanup, and reporting are separate steps.",KEEP,Informed by,pythonDocs,Python 3 Documentation,https://docs.python.org/3/,pyserial; pytest; onetTech,pyserial: pySerial Documentation — https://pyserial.readthedocs.io/; pytest: pytest Documentation — https://docs.pytest.org/; onetTech: Electrical and Electronic Engineering Technologists and Technicians — https://www.onetonline.org/link/summary/17-3023.00,Retained because the existing competency remains appropriately scoped; provenance and prerequisite traceability were added.,Alfred sequences the competency inside the shared CETa/Career dependency graph and uses Alfred-specific labs/projects for evidence.,CAREER-W17-PYTHON-SERIAL; C9 interface/transport evidence; C11 verification limits and evidence discipline,Week 27 Career — Career integration: Python hardware-test automation and data integrity,27,27,SEM-C10-27-084,Required semantic task SEM-C10-27-084; required primary lesson gate; v16.3 integrated lesson checks; Week 27 mastery/teach-back.
C11.1,"Translate a requirement into a measurable verification step with setup, stimulus, expected result, tolerance, and evidence.","Translate a requirement into a measurable verification step with setup, stimulus, expected result, tolerance, and evidence.",KEEP,Informed by / cross-checked against,abetETAC,"Criteria for Accrediting Engineering Technology Programs, 2026–2027",https://www.abet.org/accreditation/accreditation-criteria/criteria-for-accrediting-engineering-technology-programs-2026-2027/,nasaSystems; onetTech,nasaSystems: NASA Systems Engineering Handbook — https://www.nasa.gov/reference/systems-engineering-handbook/; onetTech: Electrical and Electronic Engineering Technologists and Technicians — https://www.onetonline.org/link/summary/17-3023.00,Retained because the existing competency remains appropriately scoped; provenance and prerequisite traceability were added.,Alfred sequences the competency inside the shared CETa/Career dependency graph and uses Alfred-specific labs/projects for evidence.,C3 measurement evidence; C5 troubleshooting/causal reasoning; explicit requirement/expected-result model,Week 22 Career — measurable requirements and verification steps,22,28,SEM-C11-28-085,Required semantic task SEM-C11-28-085; required primary lesson gate; v16.3 integrated lesson checks; Week 28 mastery/teach-back.
C11.2,"Distinguish verification, validation, characterization, troubleshooting, and production test.","Distinguish verification, validation, characterization, troubleshooting, and production test.",KEEP,Informed by / cross-checked against,abetETAC,"Criteria for Accrediting Engineering Technology Programs, 2026–2027",https://www.abet.org/accreditation/accreditation-criteria/criteria-for-accrediting-engineering-technology-programs-2026-2027/,nasaSystems; onetTech,nasaSystems: NASA Systems Engineering Handbook — https://www.nasa.gov/reference/systems-engineering-handbook/; onetTech: Electrical and Electronic Engineering Technologists and Technicians — https://www.onetonline.org/link/summary/17-3023.00,Retained because the existing competency remains appropriately scoped; provenance and prerequisite traceability were added.,Alfred sequences the competency inside the shared CETa/Career dependency graph and uses Alfred-specific labs/projects for evidence.,C3 measurement evidence; C5 troubleshooting/causal reasoning; explicit requirement/expected-result model,Week 22 Career — verification vs validation vs characterization vs troubleshooting,22,28,SEM-C11-28-085,Required semantic task SEM-C11-28-085; required primary lesson gate; v16.3 integrated lesson checks; Week 28 mastery/teach-back.
C11.3,Design a repeatable test procedure that controls variables and records enough context for another technician to reproduce it.,Design a repeatable test procedure that controls variables and records enough context for another technician to reproduce it.,KEEP,Informed by / cross-checked against,abetETAC,"Criteria for Accrediting Engineering Technology Programs, 2026–2027",https://www.abet.org/accreditation/accreditation-criteria/criteria-for-accrediting-engineering-technology-programs-2026-2027/,nasaSystems; onetTech,nasaSystems: NASA Systems Engineering Handbook — https://www.nasa.gov/reference/systems-engineering-handbook/; onetTech: Electrical and Electronic Engineering Technologists and Technicians — https://www.onetonline.org/link/summary/17-3023.00,Retained because the existing competency remains appropriately scoped; provenance and prerequisite traceability were added.,Alfred sequences the competency inside the shared CETa/Career dependency graph and uses Alfred-specific labs/projects for evidence.,C3 measurement evidence; C5 troubleshooting/causal reasoning; explicit requirement/expected-result model,Week 27 Career — repeatable automated/manual test procedure stages,27,28,SEM-C11-28-085,Required semantic task SEM-C11-28-085; required primary lesson gate; v16.3 integrated lesson checks; Week 28 mastery/teach-back.
C11.4,"Use boundary, nominal, and fault conditions to expose weaknesses that a single happy-path test would miss.","Use boundary, nominal, and fault conditions to expose weaknesses that a single happy-path test would miss.",KEEP,Informed by / cross-checked against,abetETAC,"Criteria for Accrediting Engineering Technology Programs, 2026–2027",https://www.abet.org/accreditation/accreditation-criteria/criteria-for-accrediting-engineering-technology-programs-2026-2027/,nasaSystems; onetTech,nasaSystems: NASA Systems Engineering Handbook — https://www.nasa.gov/reference/systems-engineering-handbook/; onetTech: Electrical and Electronic Engineering Technologists and Technicians — https://www.onetonline.org/link/summary/17-3023.00,Retained because the existing competency remains appropriately scoped; provenance and prerequisite traceability were added.,Alfred sequences the competency inside the shared CETa/Career dependency graph and uses Alfred-specific labs/projects for evidence.,C3 measurement evidence; C5 troubleshooting/causal reasoning; explicit requirement/expected-result model,"Week 27 Career — nominal, boundary, and controlled fault test conditions",27,28,SEM-C11-28-085,Required semantic task SEM-C11-28-085; required primary lesson gate; v16.3 integrated lesson checks; Week 28 mastery/teach-back.
C11.5,"Interpret test results against requirements and identify whether the result is pass, fail, inconclusive, or requires additional data.","Interpret test results against requirements and identify whether the result is pass, fail, inconclusive, or requires additional data.",KEEP,Informed by / cross-checked against,abetETAC,"Criteria for Accrediting Engineering Technology Programs, 2026–2027",https://www.abet.org/accreditation/accreditation-criteria/criteria-for-accrediting-engineering-technology-programs-2026-2027/,nasaSystems; onetTech,nasaSystems: NASA Systems Engineering Handbook — https://www.nasa.gov/reference/systems-engineering-handbook/; onetTech: Electrical and Electronic Engineering Technologists and Technicians — https://www.onetonline.org/link/summary/17-3023.00,Retained because the existing competency remains appropriately scoped; provenance and prerequisite traceability were added.,Alfred sequences the competency inside the shared CETa/Career dependency graph and uses Alfred-specific labs/projects for evidence.,C3 measurement evidence; C5 troubleshooting/causal reasoning; explicit requirement/expected-result model,Week 27 Career — evaluate results against explicit criteria and preserve verdict evidence,27,28,SEM-C11-28-085,Required semantic task SEM-C11-28-085; required primary lesson gate; v16.3 integrated lesson checks; Week 28 mastery/teach-back.
C11.6,"Maintain traceability between requirement, test case, result, anomaly, corrective action, and retest evidence.","Maintain traceability between requirement, test case, result, anomaly, corrective action, and retest evidence.",KEEP,Informed by / cross-checked against,abetETAC,"Criteria for Accrediting Engineering Technology Programs, 2026–2027",https://www.abet.org/accreditation/accreditation-criteria/criteria-for-accrediting-engineering-technology-programs-2026-2027/,nasaSystems; onetTech,nasaSystems: NASA Systems Engineering Handbook — https://www.nasa.gov/reference/systems-engineering-handbook/; onetTech: Electrical and Electronic Engineering Technologists and Technicians — https://www.onetonline.org/link/summary/17-3023.00,Retained because the existing competency remains appropriately scoped; provenance and prerequisite traceability were added.,Alfred sequences the competency inside the shared CETa/Career dependency graph and uses Alfred-specific labs/projects for evidence.,C3 measurement evidence; C5 troubleshooting/causal reasoning; explicit requirement/expected-result model,Week 22 Career — requirement-to-test traceability,22,28,SEM-C11-28-085,Required semantic task SEM-C11-28-085; required primary lesson gate; v16.3 integrated lesson checks; Week 28 mastery/teach-back.
C12.1,Use Git commits and branches to preserve meaningful firmware/test-script history and make changes reviewable.,"Use repository status, diff, staging, commits, and history to inspect and preserve meaningful firmware/test-script changes so the project state is reviewable and reproducible.",SPLIT,Adapted from / informed by,githubSkills,Introduction to Git,https://github.com/skills/introduction-to-git,pccEET101A,pccEET101A: EET 101A — Electronic Lab and Essential Work Skills — https://www.pcc.edu/ccog/eet/101a/,"The prior standard compressed repository inspection, commits, branches/tags, and known-good baseline control. Core change inspection/history remains C12.1; branch/tag baseline control becomes new C12.7.",Alfred teaches repository → working tree → status/diff → commit/history before branching/tagging.,Prior lab/project evidence; reproducibility and technical communication needs,Week 12 Career — status/diff/staging/commit/history,12,12,SEM-C12-12-1640,Required semantic task SEM-C12-22-086; required primary lesson gate; v16.3 integrated lesson checks; Week 22 mastery/teach-back.
C12.2,"Use basic command-line tools and a repeatable project structure to build, run, inspect, and archive engineering work.","Use basic command-line navigation and a repeatable project structure to build, run, inspect, compare, and archive engineering work without losing configuration or evidence context.",REWRITE,Informed by,githubSkills,Introduction to Git,https://github.com/skills/introduction-to-git,pccEET101A,pccEET101A: EET 101A — Electronic Lab and Essential Work Skills — https://www.pcc.edu/ccog/eet/101a/,Rewritten and now explicitly taught in Week 12 with a beginner command-line/project-navigation ladder before Git/project reproducibility is assessed.,"Alfred teaches current directory, file listing, directory changes, project-root awareness, and documented command execution before using the CLI as invisible Git/build/test infrastructure.","Week 12 beginner CLI navigation (current directory, list files, change directory, relative paths) plus Git repository/working-tree model; no prior CLI fluency assumed.",Week 12 Career — beginner CLI navigation plus repeatable project structure,12,12,SEM-C12-12-1640,Required semantic task SEM-C12-22-086; required primary lesson gate; v16.3 integrated lesson checks; Week 22 mastery/teach-back.
C12.3,"Write lab notes with date, objective, configuration, observations, measurements, anomalies, and next actions.","Write lab notes with date, objective, configuration, observations, measurements, anomalies, and next actions.",KEEP,Informed by,githubSkills,Introduction to Git,https://github.com/skills/introduction-to-git,pccEET101A; onetTech,pccEET101A: EET 101A — Electronic Lab and Essential Work Skills — https://www.pcc.edu/ccog/eet/101a/; onetTech: Electrical and Electronic Engineering Technologists and Technicians — https://www.onetonline.org/link/summary/17-3023.00,Retained because the existing competency remains appropriately scoped; provenance and prerequisite traceability were added.,Alfred sequences the competency inside the shared CETa/Career dependency graph and uses Alfred-specific labs/projects for evidence.,Prior lab/project evidence; reproducibility and technical communication needs,Week 12 Career — dated reconstructable lab notes,12,12,SEM-C12-12-1640,Required semantic task SEM-C12-22-086; required primary lesson gate; v16.3 integrated lesson checks; Week 22 mastery/teach-back.
C12.4,"Create a concise test report with purpose, setup, method, results, plots/tables, conclusions, and unresolved risks.","Create a concise test report with purpose, setup, method, results, plots/tables, conclusions, and unresolved risks.",KEEP,Informed by,githubSkills,Introduction to Git,https://github.com/skills/introduction-to-git,pccEET101A; onetTech,pccEET101A: EET 101A — Electronic Lab and Essential Work Skills — https://www.pcc.edu/ccog/eet/101a/; onetTech: Electrical and Electronic Engineering Technologists and Technicians — https://www.onetonline.org/link/summary/17-3023.00,Retained because the existing competency remains appropriately scoped; provenance and prerequisite traceability were added.,Alfred sequences the competency inside the shared CETa/Career dependency graph and uses Alfred-specific labs/projects for evidence.,Prior lab/project evidence; reproducibility and technical communication needs,Week 12 Career — concise evidence-based test report,12,12,SEM-C12-12-1640,Required semantic task SEM-C12-22-086; required primary lesson gate; v16.3 integrated lesson checks; Week 22 mastery/teach-back.
C12.5,"Communicate a technical problem to an engineer using observed facts, measurements, attempted checks, and a clear question.","Communicate a technical problem to an engineer using observed facts, measurements, attempted checks, and a clear question.",KEEP,Informed by,githubSkills,Introduction to Git,https://github.com/skills/introduction-to-git,pccEET101A; onetTech,pccEET101A: EET 101A — Electronic Lab and Essential Work Skills — https://www.pcc.edu/ccog/eet/101a/; onetTech: Electrical and Electronic Engineering Technologists and Technicians — https://www.onetonline.org/link/summary/17-3023.00,Retained because the existing competency remains appropriately scoped; provenance and prerequisite traceability were added.,Alfred sequences the competency inside the shared CETa/Career dependency graph and uses Alfred-specific labs/projects for evidence.,Prior lab/project evidence; reproducibility and technical communication needs,Week 12 Career — fact/hypothesis/measurement technical handoff,12,12,SEM-C12-12-1640,Required semantic task SEM-C12-22-086; required primary lesson gate; v16.3 integrated lesson checks; Week 22 mastery/teach-back.
C12.6,"Keep filenames, versions, units, screenshots, code, schematics, and evidence organized so a future reviewer can reconstruct the work.","Keep filenames, versions, units, screenshots, code, schematics, and evidence organized so a future reviewer can reconstruct the work.",KEEP,Informed by,githubSkills,Introduction to Git,https://github.com/skills/introduction-to-git,pccEET101A; onetTech,pccEET101A: EET 101A — Electronic Lab and Essential Work Skills — https://www.pcc.edu/ccog/eet/101a/; onetTech: Electrical and Electronic Engineering Technologists and Technicians — https://www.onetonline.org/link/summary/17-3023.00,Retained because the existing competency remains appropriately scoped; provenance and prerequisite traceability were added.,Alfred sequences the competency inside the shared CETa/Career dependency graph and uses Alfred-specific labs/projects for evidence.,Prior lab/project evidence; reproducibility and technical communication needs,Week 12 Career — organized versioned evidence package,12,12,SEM-C12-12-1640,Required semantic task SEM-C12-22-086; required primary lesson gate; v16.3 integrated lesson checks; Week 22 mastery/teach-back.
C12.7,,"Use branches and named known-good baselines/tags to isolate work, preserve recoverable project states, and tie firmware/documentation state to bench evidence.",ADD,Informed by,githubSkills,Introduction to Git,https://github.com/skills/introduction-to-git,pccEET101A,pccEET101A: EET 101A — Electronic Lab and Essential Work Skills — https://www.pcc.edu/ccog/eet/101a/,Added because branch/tag baseline control is a distinct configuration-management behavior that should not be hidden inside basic commit history.,Alfred applies the Git concept directly to pre-change/post-change electronics evidence.,C12.1 (status/diff/staging/commit/history); C12.2/C12.3 (reproducible project/document structure),Week 12 Career — branches/tags/known-good baselines,12,12,SEM-C12-12-1640,Required semantic task SEM-C12-12-1640; v16.3.40 integrated lesson checks; changed-context mastery evidence.
C13.1,"Present a project with problem, requirements, architecture, implementation, test evidence, failure/recovery story, and final result.","Present a project with problem, requirements, architecture, implementation, test evidence, failure/recovery story, and final result.",KEEP,Alfred-authored integration; cross-checked against,onetTech,Electrical and Electronic Engineering Technologists and Technicians,https://www.onetonline.org/link/summary/17-3023.00,blsTech,blsTech: Electrical and Electronic Engineering Technologists and Technicians — https://www.bls.gov/ooh/architecture-and-engineering/electrical-and-electronics-engineering-technicians.htm,Retained because the existing competency remains appropriately scoped; provenance and prerequisite traceability were added.,Alfred sequences the competency inside the shared CETa/Career dependency graph and uses Alfred-specific labs/projects for evidence.,"C11.1, C11.6, C12.3, C12.4, C12.6 and accumulated technical project evidence from C1–C12.",Week 30 Career — evidence-first project presentation,30,30,SEM-C13-30-1640A,Required semantic task SEM-C13-30-087; required primary lesson gate; v16.3 integrated lesson checks; Week 30 mastery/teach-back.
C13.2,"Explain personal contribution precisely without overstating ownership, certification, job title, or engineering authority.","Explain personal contribution precisely without overstating ownership, certification, job title, or engineering authority.",KEEP,Alfred-authored integration; cross-checked against,onetTech,Electrical and Electronic Engineering Technologists and Technicians,https://www.onetonline.org/link/summary/17-3023.00,blsTech,blsTech: Electrical and Electronic Engineering Technologists and Technicians — https://www.bls.gov/ooh/architecture-and-engineering/electrical-and-electronics-engineering-technicians.htm,Retained because the existing competency remains appropriately scoped; provenance and prerequisite traceability were added.,Alfred sequences the competency inside the shared CETa/Career dependency graph and uses Alfred-specific labs/projects for evidence.,"C12.5, C12.6 plus the learner’s own project evidence and role boundaries.",Week 30 Career — precise personal-contribution framing,30,30,SEM-C13-30-1640A,Required semantic task SEM-C13-30-087; required primary lesson gate; v16.3 integrated lesson checks; Week 30 mastery/teach-back.
C13.3,Answer a hardware troubleshooting interview question using a hypothesis-and-measurement process rather than guessing components.,Answer a hardware troubleshooting interview question using a hypothesis-and-measurement process rather than guessing components.,KEEP,Alfred-authored integration; cross-checked against,onetTech,Electrical and Electronic Engineering Technologists and Technicians,https://www.onetonline.org/link/summary/17-3023.00,blsTech,blsTech: Electrical and Electronic Engineering Technologists and Technicians — https://www.bls.gov/ooh/architecture-and-engineering/electrical-and-electronics-engineering-technicians.htm,Retained because the existing competency remains appropriately scoped; provenance and prerequisite traceability were added.,Alfred sequences the competency inside the shared CETa/Career dependency graph and uses Alfred-specific labs/projects for evidence.,C5.1–C5.3 troubleshooting/hypothesis-measurement reasoning plus prior project evidence.,Week 30 Career — hypothesis-and-measurement interview reasoning,30,30,SEM-C13-30-1640A,Required semantic task SEM-C13-30-087; required primary lesson gate; v16.3 integrated lesson checks; Week 30 mastery/teach-back.
C13.4,"Tailor a resume bullet to an electronics/test/embedded role using concrete tools, actions, results, and evidence.","Tailor a resume bullet to an electronics/test/embedded role using concrete tools, actions, results, and evidence.",KEEP,Alfred-authored integration; cross-checked against,onetTech,Electrical and Electronic Engineering Technologists and Technicians,https://www.onetonline.org/link/summary/17-3023.00,blsTech,blsTech: Electrical and Electronic Engineering Technologists and Technicians — https://www.bls.gov/ooh/architecture-and-engineering/electrical-and-electronics-engineering-technicians.htm,Retained because the existing competency remains appropriately scoped; provenance and prerequisite traceability were added.,Alfred sequences the competency inside the shared CETa/Career dependency graph and uses Alfred-specific labs/projects for evidence.,C12.6 evidence organization and C13.1 project-story evidence.,Week 30 Career — evidence-grounded resume bullets,30,30,SEM-C13-30-1640A,Required semantic task SEM-C13-30-087; required primary lesson gate; v16.3 integrated lesson checks; Week 30 mastery/teach-back.
C13.5,Evaluate a job description for must-have versus learnable skills and identify a credible bridge-role application strategy.,Evaluate a job description for must-have versus learnable skills and identify a credible bridge-role application strategy.,KEEP,Alfred-authored integration; cross-checked against,onetTech,Electrical and Electronic Engineering Technologists and Technicians,https://www.onetonline.org/link/summary/17-3023.00,blsTech,blsTech: Electrical and Electronic Engineering Technologists and Technicians — https://www.bls.gov/ooh/architecture-and-engineering/electrical-and-electronics-engineering-technicians.htm,Retained because the existing competency remains appropriately scoped; provenance and prerequisite traceability were added.,Alfred sequences the competency inside the shared CETa/Career dependency graph and uses Alfred-specific labs/projects for evidence.,C13.1–C13.2 plus target-role duties/constraints.,Week 30 Career — bridge-role job-description analysis,30,30,SEM-C13-30-1640A,Required semantic task SEM-C13-30-087; required primary lesson gate; v16.3 integrated lesson checks; Week 30 mastery/teach-back.
C13.6,"Use interview/application feedback to choose the next technical repair, portfolio improvement, or job-search adjustment.","Use interview/application feedback to choose the next technical repair, portfolio improvement, or job-search adjustment.",MOVE,Alfred-authored integration; cross-checked against,onetTech,Electrical and Electronic Engineering Technologists and Technicians,https://www.onetonline.org/link/summary/17-3023.00,blsTech,blsTech: Electrical and Electronic Engineering Technologists and Technicians — https://www.bls.gov/ooh/architecture-and-engineering/electrical-and-electronics-engineering-technicians.htm,Moved to the first curriculum location where the full competency is actually taught and can be assessed without future-concept leakage.,Alfred preserves the competency identity but moves required mastery evidence to the dependency-correct week.,C13.1–C13.5 plus real application/interview outcome evidence.,Week 31 Career — application/interview feedback repair loop,31,31,SEM-C13-31-1640B,Required semantic task SEM-C13-30-087; required primary lesson gate; v16.3 integrated lesson checks; Week 30 mastery/teach-back.
